=== E=4 seed=0 ===
{
  "active_nonembed": 8396800,
  "total_nonembed": 14688256,
  "embedding": 4096000,
  "total_all": 18788608,
  "sparsity_ratio": 1.7492682926829268,
  "total_steps": 3814,
  "warmup": 76,
  "tokens_per_step": 262144
}
wandb: [wandb.login()] Loaded credentials for https://api.wandb.ai from /root/.netrc.
wandb: Currently logged in as: falyahya (falyahya-vector) to https://api.wandb.ai. Use `wandb login --relogin` to force relogin
wandb: setting up run vlmrhbps
wandb: Tracking run with wandb version 0.28.1
wandb: Run data is saved locally in /workspace/MoE-Sparsity/code/wandb/run-20260727_090906-vlmrhbps
wandb: Run `wandb offline` to turn off syncing.
wandb: Syncing run seedvar_E4_s0
wandb: ⭐️ View project at https://wandb.ai/falyahya-vector/moe-sparsity-pilot
wandb: 🚀 View run at https://wandb.ai/falyahya-vector/moe-sparsity-pilot/runs/vlmrhbps
/workspace/MoE-Sparsity/code/step07_train.py:113: UserWarning: Converting a tensor with requires_grad=True to a scalar may lead to unexpected behavior.
Consider using tensor.detach() first. (Triggered internally at /__w/pytorch/pytorch/torch/csrc/autograd/generated/python_variable_methods.cpp:822.)
  acc_z += float(zl) / a.grad_accum
{'step': 10, 'tokens': 2621440, 'lm_loss': 9.6343, 'aux_loss': 2.0303, 'z_loss': 0.0019, 'grad_norm': 1.6094, 'lr': 0.0001, 'tokens_per_sec': 292652.4225, 'mfu': 0.0894, 'expert_load_cv': 0.2479, 'min_expert_frac': 0.2126, 'dead_experts': 0, 'peak_vram_gb': 11.913}
{'step': 20, 'tokens': 5242880, 'lm_loss': 9.2877, 'aux_loss': 2.0096, 'z_loss': 0.0018, 'grad_norm': 1.2266, 'lr': 0.0001, 'tokens_per_sec': 308202.3604, 'mfu': 0.0941, 'expert_load_cv': 0.1817, 'min_expert_frac': 0.1927, 'dead_experts': 0, 'peak_vram_gb': 11.913}
{'step': 30, 'tokens': 7864320, 'lm_loss': 8.9704, 'aux_loss': 2.0052, 'z_loss': 0.0016, 'grad_norm': 1.2031, 'lr': 0.0002, 'tokens_per_sec': 313241.8323, 'mfu': 0.0956, 'expert_load_cv': 0.0694, 'min_expert_frac': 0.2263, 'dead_experts': 0, 'peak_vram_gb': 11.913}
{'step': 40, 'tokens': 10485760, 'lm_loss': 8.5379, 'aux_loss': 1.9943, 'z_loss': 0.0012, 'grad_norm': 1.1484, 'lr': 0.0002, 'tokens_per_sec': 316358.8019, 'mfu': 0.0966, 'expert_load_cv': 0.1685, 'min_expert_frac': 0.2106, 'dead_experts': 0, 'peak_vram_gb': 11.913}
{'step': 50, 'tokens': 13107200, 'lm_loss': 8.0669, 'aux_loss': 2.0323, 'z_loss': 0.0008, 'grad_norm': 1.0781, 'lr': 0.0003, 'tokens_per_sec': 318333.2788, 'mfu': 0.0972, 'expert_load_cv': 0.0346, 'min_expert_frac': 0.2427, 'dead_experts': 0, 'peak_vram_gb': 11.913}
{'step': 60, 'tokens': 15728640, 'lm_loss': 7.6967, 'aux_loss': 2.0031, 'z_loss': 0.0005, 'grad_norm': 1.0234, 'lr': 0.0003, 'tokens_per_sec': 319867.1232, 'mfu': 0.0977, 'expert_load_cv': 0.1501, 'min_expert_frac': 0.2034, 'dead_experts': 0, 'peak_vram_gb': 11.913}
{'step': 70, 'tokens': 18350080, 'lm_loss': 7.4693, 'aux_loss': 2.0522, 'z_loss': 0.0005, 'grad_norm': 0.6211, 'lr': 0.0004, 'tokens_per_sec': 320836.3546, 'mfu': 0.098, 'expert_load_cv': 0.1137, 'min_expert_frac': 0.2203, 'dead_experts': 0, 'peak_vram_gb': 11.913}
{'step': 80, 'tokens': 20971520, 'lm_loss': 7.2819, 'aux_loss': 2.0059, 'z_loss': 0.0004, 'grad_norm': 0.3652, 'lr': 0.0004, 'tokens_per_sec': 321653.1974, 'mfu': 0.0982, 'expert_load_cv': 0.127, 'min_expert_frac': 0.2203, 'dead_experts': 0, 'peak_vram_gb': 11.913}
{'step': 90, 'tokens': 23592960, 'lm_loss': 7.1629, 'aux_loss': 1.9988, 'z_loss': 0.0005, 'grad_norm': 0.3242, 'lr': 0.0004, 'tokens_per_sec': 322171.6123, 'mfu': 0.0984, 'expert_load_cv': 0.0394, 'min_expert_frac': 0.2373, 'dead_experts': 0, 'peak_vram_gb': 11.913}
{'step': 100, 'tokens': 26214400, 'lm_loss': 7.0416, 'aux_loss': 2.0027, 'z_loss': 0.0005, 'grad_norm': 0.4609, 'lr': 0.0004, 'tokens_per_sec': 322357.5301, 'mfu': 0.0984, 'expert_load_cv': 0.0187, 'min_expert_frac': 0.2431, 'dead_experts': 0, 'peak_vram_gb': 11.913}
{'step': 110, 'tokens': 28835840, 'lm_loss': 6.8946, 'aux_loss': 2.0042, 'z_loss': 0.0005, 'grad_norm': 0.5391, 'lr': 0.0004, 'tokens_per_sec': 322675.7387, 'mfu': 0.0985, 'expert_load_cv': 0.05, 'min_expert_frac': 0.2381, 'dead_experts': 0, 'peak_vram_gb': 11.913}
{'step': 120, 'tokens': 31457280, 'lm_loss': 6.7328, 'aux_loss': 2.0017, 'z_loss': 0.0006, 'grad_norm': 0.7539, 'lr': 0.0004, 'tokens_per_sec': 322947.2446, 'mfu': 0.0986, 'expert_load_cv': 0.0677, 'min_expert_frac': 0.2311, 'dead_experts': 0, 'peak_vram_gb': 11.913}
{'step': 130, 'tokens': 34078720, 'lm_loss': 6.5949, 'aux_loss': 2.0031, 'z_loss': 0.0006, 'grad_norm': 0.5039, 'lr': 0.0004, 'tokens_per_sec': 323202.748, 'mfu': 0.0987, 'expert_load_cv': 0.0598, 'min_expert_frac': 0.2348, 'dead_experts': 0, 'peak_vram_gb': 11.913}
{'step': 140, 'tokens': 36700160, 'lm_loss': 6.455, 'aux_loss': 2.0021, 'z_loss': 0.0006, 'grad_norm': 0.4609, 'lr': 0.0004, 'tokens_per_sec': 323309.355, 'mfu': 0.0987, 'expert_load_cv': 0.0576, 'min_expert_frac': 0.2345, 'dead_experts': 0, 'peak_vram_gb': 11.913}
{'step': 150, 'tokens': 39321600, 'lm_loss': 6.3473, 'aux_loss': 2.0014, 'z_loss': 0.0006, 'grad_norm': 0.7305, 'lr': 0.0004, 'tokens_per_sec': 323403.7319, 'mfu': 0.0987, 'expert_load_cv': 0.0403, 'min_expert_frac': 0.2412, 'dead_experts': 0, 'peak_vram_gb': 11.913}
{'step': 160, 'tokens': 41943040, 'lm_loss': 6.2774, 'aux_loss': 2.0019, 'z_loss': 0.0006, 'grad_norm': 0.7109, 'lr': 0.0004, 'tokens_per_sec': 323485.3047, 'mfu': 0.0988, 'expert_load_cv': 0.0428, 'min_expert_frac': 0.2384, 'dead_experts': 0, 'peak_vram_gb': 11.913}
{'step': 170, 'tokens': 44564480, 'lm_loss': 6.1329, 'aux_loss': 2.0017, 'z_loss': 0.0006, 'grad_norm': 0.6523, 'lr': 0.0004, 'tokens_per_sec': 323667.5989, 'mfu': 0.0988, 'expert_load_cv': 0.0402, 'min_expert_frac': 0.2394, 'dead_experts': 0, 'peak_vram_gb': 11.913}
{'step': 180, 'tokens': 47185920, 'lm_loss': 6.1414, 'aux_loss': 2.0011, 'z_loss': 0.0007, 'grad_norm': 0.8711, 'lr': 0.0004, 'tokens_per_sec': 323738.7428, 'mfu': 0.0988, 'expert_load_cv': 0.0503, 'min_expert_frac': 0.2367, 'dead_experts': 0, 'peak_vram_gb': 11.913}
{'step': 190, 'tokens': 49807360, 'lm_loss': 6.0071, 'aux_loss': 2.0002, 'z_loss': 0.0007, 'grad_norm': 0.5391, 'lr': 0.0004, 'tokens_per_sec': 323785.187, 'mfu': 0.0989, 'expert_load_cv': 0.0415, 'min_expert_frac': 0.2403, 'dead_experts': 0, 'peak_vram_gb': 11.913}
{'step': 200, 'tokens': 52428800, 'lm_loss': 5.9887, 'aux_loss': 2.0002, 'z_loss': 0.0007, 'grad_norm': 1.8594, 'lr': 0.0004, 'tokens_per_sec': 323896.8149, 'mfu': 0.0989, 'expert_load_cv': 0.0401, 'min_expert_frac': 0.2397, 'dead_experts': 0, 'peak_vram_gb': 11.913}
{'step': 210, 'tokens': 55050240, 'lm_loss': 5.9425, 'aux_loss': 2.0004, 'z_loss': 0.0007, 'grad_norm': 1.125, 'lr': 0.0004, 'tokens_per_sec': 323950.5925, 'mfu': 0.0989, 'expert_load_cv': 0.0372, 'min_expert_frac': 0.2415, 'dead_experts': 0, 'peak_vram_gb': 11.913}
{'step': 220, 'tokens': 57671680, 'lm_loss': 5.8218, 'aux_loss': 1.9996, 'z_loss': 0.0007, 'grad_norm': 0.6406, 'lr': 0.0004, 'tokens_per_sec': 324007.3112, 'mfu': 0.0989, 'expert_load_cv': 0.031, 'min_expert_frac': 0.242, 'dead_experts': 0, 'peak_vram_gb': 11.913}
{'step': 230, 'tokens': 60293120, 'lm_loss': 5.7462, 'aux_loss': 2.0012, 'z_loss': 0.0007, 'grad_norm': 0.7148, 'lr': 0.0004, 'tokens_per_sec': 324021.205, 'mfu': 0.0989, 'expert_load_cv': 0.0263, 'min_expert_frac': 0.2443, 'dead_experts': 0, 'peak_vram_gb': 11.913}
{'step': 240, 'tokens': 62914560, 'lm_loss': 5.7144, 'aux_loss': 1.9999, 'z_loss': 0.0007, 'grad_norm': 1.0, 'lr': 0.0004, 'tokens_per_sec': 324066.0431, 'mfu': 0.0989, 'expert_load_cv': 0.0175, 'min_expert_frac': 0.2462, 'dead_experts': 0, 'peak_vram_gb': 11.913}
{'step': 250, 'tokens': 65536000, 'lm_loss': 5.6643, 'aux_loss': 2.0021, 'z_loss': 0.0007, 'grad_norm': 0.9258, 'lr': 0.0004, 'tokens_per_sec': 324127.0709, 'mfu': 0.099, 'expert_load_cv': 0.0184, 'min_expert_frac': 0.2465, 'dead_experts': 0, 'peak_vram_gb': 11.913}
{'step': 260, 'tokens': 68157440, 'lm_loss': 5.5955, 'aux_loss': 2.0007, 'z_loss': 0.0008, 'grad_norm': 0.8398, 'lr': 0.0004, 'tokens_per_sec': 324180.2393, 'mfu': 0.099, 'expert_load_cv': 0.0156, 'min_expert_frac': 0.247, 'dead_experts': 0, 'peak_vram_gb': 11.913}
{'step': 270, 'tokens': 70778880, 'lm_loss': 5.5801, 'aux_loss': 2.0005, 'z_loss': 0.0008, 'grad_norm': 0.9453, 'lr': 0.0004, 'tokens_per_sec': 324186.812, 'mfu': 0.099, 'expert_load_cv': 0.0157, 'min_expert_frac': 0.2469, 'dead_experts': 0, 'peak_vram_gb': 11.913}
{'step': 280, 'tokens': 73400320, 'lm_loss': 5.4684, 'aux_loss': 2.001, 'z_loss': 0.0008, 'grad_norm': 0.6523, 'lr': 0.0004, 'tokens_per_sec': 324219.6399, 'mfu': 0.099, 'expert_load_cv': 0.0105, 'min_expert_frac': 0.2481, 'dead_experts': 0, 'peak_vram_gb': 11.913}
{'step': 290, 'tokens': 76021760, 'lm_loss': 5.4747, 'aux_loss': 2.0008, 'z_loss': 0.0008, 'grad_norm': 0.7148, 'lr': 0.0004, 'tokens_per_sec': 324188.3432, 'mfu': 0.099, 'expert_load_cv': 0.0071, 'min_expert_frac': 0.2485, 'dead_experts': 0, 'peak_vram_gb': 11.913}
{'step': 300, 'tokens': 78643200, 'lm_loss': 5.4143, 'aux_loss': 2.0004, 'z_loss': 0.0008, 'grad_norm': 0.7305, 'lr': 0.0004, 'tokens_per_sec': 324193.7237, 'mfu': 0.099, 'expert_load_cv': 0.0114, 'min_expert_frac': 0.2468, 'dead_experts': 0, 'peak_vram_gb': 11.913}
{'step': 310, 'tokens': 81264640, 'lm_loss': 5.4043, 'aux_loss': 2.0002, 'z_loss': 0.0008, 'grad_norm': 0.7656, 'lr': 0.0004, 'tokens_per_sec': 324225.4972, 'mfu': 0.099, 'expert_load_cv': 0.0088, 'min_expert_frac': 0.2487, 'dead_experts': 0, 'peak_vram_gb': 11.913}
{'step': 320, 'tokens': 83886080, 'lm_loss': 5.3352, 'aux_loss': 2.0007, 'z_loss': 0.0008, 'grad_norm': 1.0547, 'lr': 0.0004, 'tokens_per_sec': 324242.8122, 'mfu': 0.099, 'expert_load_cv': 0.0086, 'min_expert_frac': 0.2481, 'dead_experts': 0, 'peak_vram_gb': 11.913}
{'step': 330, 'tokens': 86507520, 'lm_loss': 5.2771, 'aux_loss': 2.0004, 'z_loss': 0.0008, 'grad_norm': 1.0391, 'lr': 0.0004, 'tokens_per_sec': 324284.539, 'mfu': 0.099, 'expert_load_cv': 0.0099, 'min_expert_frac': 0.2477, 'dead_experts': 0, 'peak_vram_gb': 11.913}
{'step': 340, 'tokens': 89128960, 'lm_loss': 5.2743, 'aux_loss': 1.999, 'z_loss': 0.0009, 'grad_norm': 0.75, 'lr': 0.0004, 'tokens_per_sec': 324321.8358, 'mfu': 0.099, 'expert_load_cv': 0.008, 'min_expert_frac': 0.2479, 'dead_experts': 0, 'peak_vram_gb': 11.913}
{'step': 350, 'tokens': 91750400, 'lm_loss': 5.2496, 'aux_loss': 2.0007, 'z_loss': 0.0009, 'grad_norm': 0.6914, 'lr': 0.0004, 'tokens_per_sec': 324335.0047, 'mfu': 0.099, 'expert_load_cv': 0.0105, 'min_expert_frac': 0.2474, 'dead_experts': 0, 'peak_vram_gb': 11.913}
{'step': 360, 'tokens': 94371840, 'lm_loss': 5.1487, 'aux_loss': 2.0007, 'z_loss': 0.0009, 'grad_norm': 1.0859, 'lr': 0.0004, 'tokens_per_sec': 324357.2953, 'mfu': 0.099, 'expert_load_cv': 0.0093, 'min_expert_frac': 0.2482, 'dead_experts': 0, 'peak_vram_gb': 11.913}
{'step': 370, 'tokens': 96993280, 'lm_loss': 5.1742, 'aux_loss': 1.9993, 'z_loss': 0.0009, 'grad_norm': 0.7539, 'lr': 0.0004, 'tokens_per_sec': 324359.2332, 'mfu': 0.099, 'expert_load_cv': 0.0112, 'min_expert_frac': 0.2463, 'dead_experts': 0, 'peak_vram_gb': 11.913}
{'step': 380, 'tokens': 99614720, 'lm_loss': 5.1678, 'aux_loss': 1.9988, 'z_loss': 0.0009, 'grad_norm': 1.0859, 'lr': 0.0004, 'tokens_per_sec': 324395.8071, 'mfu': 0.0991, 'expert_load_cv': 0.013, 'min_expert_frac': 0.2462, 'dead_experts': 0, 'peak_vram_gb': 11.913}
{'step': 390, 'tokens': 102236160, 'lm_loss': 5.1311, 'aux_loss': 2.0003, 'z_loss': 0.0009, 'grad_norm': 0.9922, 'lr': 0.0004, 'tokens_per_sec': 324417.5609, 'mfu': 0.0991, 'expert_load_cv': 0.0106, 'min_expert_frac': 0.246, 'dead_experts': 0, 'peak_vram_gb': 11.913}
{'step': 400, 'tokens': 104857600, 'lm_loss': 5.0749, 'aux_loss': 1.9996, 'z_loss': 0.0009, 'grad_norm': 0.9805, 'lr': 0.0004, 'tokens_per_sec': 324456.0556, 'mfu': 0.0991, 'expert_load_cv': 0.0136, 'min_expert_frac': 0.2452, 'dead_experts': 0, 'peak_vram_gb': 11.913}
{'step': 410, 'tokens': 107479040, 'lm_loss': 5.0905, 'aux_loss': 2.0005, 'z_loss': 0.0009, 'grad_norm': 1.1328, 'lr': 0.0004, 'tokens_per_sec': 324484.4626, 'mfu': 0.0991, 'expert_load_cv': 0.0142, 'min_expert_frac': 0.2456, 'dead_experts': 0, 'peak_vram_gb': 11.913}
{'step': 420, 'tokens': 110100480, 'lm_loss': 5.0644, 'aux_loss': 1.9999, 'z_loss': 0.0009, 'grad_norm': 1.0078, 'lr': 0.0004, 'tokens_per_sec': 324492.0205, 'mfu': 0.0991, 'expert_load_cv': 0.0118, 'min_expert_frac': 0.2465, 'dead_experts': 0, 'peak_vram_gb': 11.913}
{'step': 430, 'tokens': 112721920, 'lm_loss': 4.9872, 'aux_loss': 1.9998, 'z_loss': 0.0009, 'grad_norm': 0.9805, 'lr': 0.0004, 'tokens_per_sec': 324471.4766, 'mfu': 0.0991, 'expert_load_cv': 0.0115, 'min_expert_frac': 0.2474, 'dead_experts': 0, 'peak_vram_gb': 11.913}
{'step': 440, 'tokens': 115343360, 'lm_loss': 5.0176, 'aux_loss': 1.9994, 'z_loss': 0.0009, 'grad_norm': 1.0938, 'lr': 0.0004, 'tokens_per_sec': 324483.7891, 'mfu': 0.0991, 'expert_load_cv': 0.0117, 'min_expert_frac': 0.2466, 'dead_experts': 0, 'peak_vram_gb': 11.913}
{'step': 450, 'tokens': 117964800, 'lm_loss': 4.984, 'aux_loss': 2.0, 'z_loss': 0.0009, 'grad_norm': 0.9258, 'lr': 0.0004, 'tokens_per_sec': 324510.4374, 'mfu': 0.0991, 'expert_load_cv': 0.0125, 'min_expert_frac': 0.2467, 'dead_experts': 0, 'peak_vram_gb': 11.913}
{'step': 460, 'tokens': 120586240, 'lm_loss': 4.9837, 'aux_loss': 2.0003, 'z_loss': 0.0009, 'grad_norm': 0.8828, 'lr': 0.0004, 'tokens_per_sec': 324531.2056, 'mfu': 0.0991, 'expert_load_cv': 0.0182, 'min_expert_frac': 0.2454, 'dead_experts': 0, 'peak_vram_gb': 11.913}
{'step': 470, 'tokens': 123207680, 'lm_loss': 4.977, 'aux_loss': 1.9992, 'z_loss': 0.0009, 'grad_norm': 0.8945, 'lr': 0.0004, 'tokens_per_sec': 324546.3847, 'mfu': 0.0991, 'expert_load_cv': 0.0183, 'min_expert_frac': 0.2457, 'dead_experts': 0, 'peak_vram_gb': 11.913}
{'step': 480, 'tokens': 125829120, 'lm_loss': 4.8996, 'aux_loss': 1.9995, 'z_loss': 0.0009, 'grad_norm': 0.9219, 'lr': 0.0004, 'tokens_per_sec': 324563.7613, 'mfu': 0.0991, 'expert_load_cv': 0.0134, 'min_expert_frac': 0.2467, 'dead_experts': 0, 'peak_vram_gb': 11.913}
{'step': 490, 'tokens': 128450560, 'lm_loss': 4.8725, 'aux_loss': 2.0001, 'z_loss': 0.0009, 'grad_norm': 0.8477, 'lr': 0.0004, 'tokens_per_sec': 324569.6442, 'mfu': 0.0991, 'expert_load_cv': 0.0123, 'min_expert_frac': 0.2476, 'dead_experts': 0, 'peak_vram_gb': 11.913}
{'step': 500, 'tokens': 131072000, 'lm_loss': 4.8608, 'aux_loss': 1.9999, 'z_loss': 0.001, 'grad_norm': 0.6992, 'lr': 0.0004, 'tokens_per_sec': 324591.9246, 'mfu': 0.0991, 'expert_load_cv': 0.0141, 'min_expert_frac': 0.2461, 'dead_experts': 0, 'peak_vram_gb': 11.913}
{'step': 510, 'tokens': 133693440, 'lm_loss': 4.8267, 'aux_loss': 2.0003, 'z_loss': 0.0009, 'grad_norm': 0.7812, 'lr': 0.0004, 'tokens_per_sec': 324601.97, 'mfu': 0.0991, 'expert_load_cv': 0.0162, 'min_expert_frac': 0.2458, 'dead_experts': 0, 'peak_vram_gb': 11.913}
{'step': 520, 'tokens': 136314880, 'lm_loss': 4.8408, 'aux_loss': 1.9998, 'z_loss': 0.001, 'grad_norm': 0.8633, 'lr': 0.0004, 'tokens_per_sec': 324609.3002, 'mfu': 0.0991, 'expert_load_cv': 0.0179, 'min_expert_frac': 0.246, 'dead_experts': 0, 'peak_vram_gb': 11.913}
{'step': 530, 'tokens': 138936320, 'lm_loss': 4.8279, 'aux_loss': 1.9994, 'z_loss': 0.0009, 'grad_norm': 0.7969, 'lr': 0.0004, 'tokens_per_sec': 324613.1326, 'mfu': 0.0991, 'expert_load_cv': 0.016, 'min_expert_frac': 0.2462, 'dead_experts': 0, 'peak_vram_gb': 11.913}
{'step': 540, 'tokens': 141557760, 'lm_loss': 4.7675, 'aux_loss': 2.0002, 'z_loss': 0.001, 'grad_norm': 0.8281, 'lr': 0.0004, 'tokens_per_sec': 324626.9767, 'mfu': 0.0991, 'expert_load_cv': 0.0156, 'min_expert_frac': 0.2462, 'dead_experts': 0, 'peak_vram_gb': 11.913}
{'step': 550, 'tokens': 144179200, 'lm_loss': 4.7863, 'aux_loss': 2.0009, 'z_loss': 0.001, 'grad_norm': 0.9961, 'lr': 0.0004, 'tokens_per_sec': 324650.1339, 'mfu': 0.0991, 'expert_load_cv': 0.0158, 'min_expert_frac': 0.2467, 'dead_experts': 0, 'peak_vram_gb': 11.913}
{'step': 560, 'tokens': 146800640, 'lm_loss': 4.7297, 'aux_loss': 2.0003, 'z_loss': 0.0009, 'grad_norm': 0.6758, 'lr': 0.0004, 'tokens_per_sec': 324635.7924, 'mfu': 0.0991, 'expert_load_cv': 0.0196, 'min_expert_frac': 0.2461, 'dead_experts': 0, 'peak_vram_gb': 11.913}
{'step': 570, 'tokens': 149422080, 'lm_loss': 4.7478, 'aux_loss': 1.9995, 'z_loss': 0.0009, 'grad_norm': 1.3125, 'lr': 0.0004, 'tokens_per_sec': 324652.691, 'mfu': 0.0991, 'expert_load_cv': 0.0168, 'min_expert_frac': 0.247, 'dead_experts': 0, 'peak_vram_gb': 11.913}
{'step': 580, 'tokens': 152043520, 'lm_loss': 4.7121, 'aux_loss': 1.999, 'z_loss': 0.001, 'grad_norm': 0.918, 'lr': 0.0004, 'tokens_per_sec': 324634.3717, 'mfu': 0.0991, 'expert_load_cv': 0.017, 'min_expert_frac': 0.2466, 'dead_experts': 0, 'peak_vram_gb': 11.913}
{'step': 590, 'tokens': 154664960, 'lm_loss': 4.7136, 'aux_loss': 2.0, 'z_loss': 0.0009, 'grad_norm': 0.8008, 'lr': 0.0004, 'tokens_per_sec': 324651.9335, 'mfu': 0.0991, 'expert_load_cv': 0.019, 'min_expert_frac': 0.2467, 'dead_experts': 0, 'peak_vram_gb': 11.913}
{'step': 600, 'tokens': 157286400, 'lm_loss': 4.7076, 'aux_loss': 1.9992, 'z_loss': 0.001, 'grad_norm': 0.8672, 'lr': 0.0004, 'tokens_per_sec': 324643.893, 'mfu': 0.0991, 'expert_load_cv': 0.0197, 'min_expert_frac': 0.2458, 'dead_experts': 0, 'peak_vram_gb': 11.913}
{'step': 610, 'tokens': 159907840, 'lm_loss': 4.7454, 'aux_loss': 1.9999, 'z_loss': 0.0009, 'grad_norm': 0.8203, 'lr': 0.0004, 'tokens_per_sec': 324662.0366, 'mfu': 0.0991, 'expert_load_cv': 0.018, 'min_expert_frac': 0.2466, 'dead_experts': 0, 'peak_vram_gb': 11.913}
{'step': 620, 'tokens': 162529280, 'lm_loss': 4.7139, 'aux_loss': 2.0002, 'z_loss': 0.0009, 'grad_norm': 1.2422, 'lr': 0.0004, 'tokens_per_sec': 324673.7738, 'mfu': 0.0991, 'expert_load_cv': 0.0165, 'min_expert_frac': 0.2464, 'dead_experts': 0, 'peak_vram_gb': 11.913}
{'step': 630, 'tokens': 165150720, 'lm_loss': 4.6263, 'aux_loss': 1.9991, 'z_loss': 0.001, 'grad_norm': 0.9414, 'lr': 0.0004, 'tokens_per_sec': 324690.244, 'mfu': 0.0991, 'expert_load_cv': 0.018, 'min_expert_frac': 0.2464, 'dead_experts': 0, 'peak_vram_gb': 11.913}
{'step': 640, 'tokens': 167772160, 'lm_loss': 4.6392, 'aux_loss': 2.0004, 'z_loss': 0.001, 'grad_norm': 0.918, 'lr': 0.0004, 'tokens_per_sec': 324677.252, 'mfu': 0.0991, 'expert_load_cv': 0.0176, 'min_expert_frac': 0.2471, 'dead_experts': 0, 'peak_vram_gb': 11.913}
{'step': 650, 'tokens': 170393600, 'lm_loss': 4.6309, 'aux_loss': 2.0004, 'z_loss': 0.0009, 'grad_norm': 0.8711, 'lr': 0.0004, 'tokens_per_sec': 324672.4831, 'mfu': 0.0991, 'expert_load_cv': 0.0176, 'min_expert_frac': 0.2466, 'dead_experts': 0, 'peak_vram_gb': 11.913}
{'step': 660, 'tokens': 173015040, 'lm_loss': 4.6547, 'aux_loss': 1.9997, 'z_loss': 0.0009, 'grad_norm': 0.7656, 'lr': 0.0004, 'tokens_per_sec': 324676.1931, 'mfu': 0.0991, 'expert_load_cv': 0.0167, 'min_expert_frac': 0.2468, 'dead_experts': 0, 'peak_vram_gb': 11.913}
{'step': 670, 'tokens': 175636480, 'lm_loss': 4.5969, 'aux_loss': 1.9999, 'z_loss': 0.001, 'grad_norm': 0.7969, 'lr': 0.0004, 'tokens_per_sec': 324682.3462, 'mfu': 0.0991, 'expert_load_cv': 0.0184, 'min_expert_frac': 0.2464, 'dead_experts': 0, 'peak_vram_gb': 11.913}
{'step': 680, 'tokens': 178257920, 'lm_loss': 4.632, 'aux_loss': 1.9992, 'z_loss': 0.0009, 'grad_norm': 0.75, 'lr': 0.0004, 'tokens_per_sec': 324697.4809, 'mfu': 0.0991, 'expert_load_cv': 0.0193, 'min_expert_frac': 0.2461, 'dead_experts': 0, 'peak_vram_gb': 11.913}
{'step': 690, 'tokens': 180879360, 'lm_loss': 4.6333, 'aux_loss': 2.0007, 'z_loss': 0.001, 'grad_norm': 1.0938, 'lr': 0.0004, 'tokens_per_sec': 324707.0236, 'mfu': 0.0991, 'expert_load_cv': 0.0208, 'min_expert_frac': 0.2463, 'dead_experts': 0, 'peak_vram_gb': 11.913}
{'step': 700, 'tokens': 183500800, 'lm_loss': 4.5852, 'aux_loss': 2.0001, 'z_loss': 0.0009, 'grad_norm': 0.8516, 'lr': 0.0004, 'tokens_per_sec': 324720.574, 'mfu': 0.0991, 'expert_load_cv': 0.0224, 'min_expert_frac': 0.2456, 'dead_experts': 0, 'peak_vram_gb': 11.913}
{'step': 710, 'tokens': 186122240, 'lm_loss': 4.5632, 'aux_loss': 1.9991, 'z_loss': 0.001, 'grad_norm': 0.8945, 'lr': 0.0004, 'tokens_per_sec': 324713.2572, 'mfu': 0.0991, 'expert_load_cv': 0.0219, 'min_expert_frac': 0.2459, 'dead_experts': 0, 'peak_vram_gb': 11.913}
{'step': 720, 'tokens': 188743680, 'lm_loss': 4.6101, 'aux_loss': 1.9994, 'z_loss': 0.001, 'grad_norm': 0.7031, 'lr': 0.0004, 'tokens_per_sec': 324729.5318, 'mfu': 0.0992, 'expert_load_cv': 0.0192, 'min_expert_frac': 0.2455, 'dead_experts': 0, 'peak_vram_gb': 11.913}
{'step': 730, 'tokens': 191365120, 'lm_loss': 4.5995, 'aux_loss': 1.9988, 'z_loss': 0.0009, 'grad_norm': 0.9453, 'lr': 0.0004, 'tokens_per_sec': 324735.0433, 'mfu': 0.0992, 'expert_load_cv': 0.0193, 'min_expert_frac': 0.2454, 'dead_experts': 0, 'peak_vram_gb': 11.913}
{'step': 740, 'tokens': 193986560, 'lm_loss': 4.559, 'aux_loss': 2.0009, 'z_loss': 0.0009, 'grad_norm': 0.8125, 'lr': 0.0004, 'tokens_per_sec': 324750.7137, 'mfu': 0.0992, 'expert_load_cv': 0.0217, 'min_expert_frac': 0.2449, 'dead_experts': 0, 'peak_vram_gb': 11.913}
{'step': 750, 'tokens': 196608000, 'lm_loss': 4.5413, 'aux_loss': 1.9991, 'z_loss': 0.0009, 'grad_norm': 0.7227, 'lr': 0.0004, 'tokens_per_sec': 324763.758, 'mfu': 0.0992, 'expert_load_cv': 0.0244, 'min_expert_frac': 0.2455, 'dead_experts': 0, 'peak_vram_gb': 11.913}
{'step': 760, 'tokens': 199229440, 'lm_loss': 4.4913, 'aux_loss': 2.0002, 'z_loss': 0.0009, 'grad_norm': 0.8164, 'lr': 0.0004, 'tokens_per_sec': 324782.0485, 'mfu': 0.0992, 'expert_load_cv': 0.023, 'min_expert_frac': 0.2449, 'dead_experts': 0, 'peak_vram_gb': 11.913}
{'step': 770, 'tokens': 201850880, 'lm_loss': 4.5552, 'aux_loss': 1.9995, 'z_loss': 0.0009, 'grad_norm': 0.8828, 'lr': 0.0004, 'tokens_per_sec': 324777.8788, 'mfu': 0.0992, 'expert_load_cv': 0.0211, 'min_expert_frac': 0.2455, 'dead_experts': 0, 'peak_vram_gb': 11.913}
{'step': 780, 'tokens': 204472320, 'lm_loss': 4.5514, 'aux_loss': 1.9999, 'z_loss': 0.0009, 'grad_norm': 0.7266, 'lr': 0.0004, 'tokens_per_sec': 324777.6047, 'mfu': 0.0992, 'expert_load_cv': 0.0233, 'min_expert_frac': 0.2451, 'dead_experts': 0, 'peak_vram_gb': 11.913}
{'step': 790, 'tokens': 207093760, 'lm_loss': 4.5171, 'aux_loss': 2.0006, 'z_loss': 0.0009, 'grad_norm': 0.8398, 'lr': 0.0004, 'tokens_per_sec': 324773.6607, 'mfu': 0.0992, 'expert_load_cv': 0.0208, 'min_expert_frac': 0.2459, 'dead_experts': 0, 'peak_vram_gb': 11.913}
{'step': 800, 'tokens': 209715200, 'lm_loss': 4.5671, 'aux_loss': 2.0003, 'z_loss': 0.0009, 'grad_norm': 0.7227, 'lr': 0.0004, 'tokens_per_sec': 324771.3142, 'mfu': 0.0992, 'expert_load_cv': 0.0188, 'min_expert_frac': 0.2451, 'dead_experts': 0, 'peak_vram_gb': 11.913}
{'step': 810, 'tokens': 212336640, 'lm_loss': 4.5039, 'aux_loss': 1.9999, 'z_loss': 0.0009, 'grad_norm': 0.9805, 'lr': 0.0004, 'tokens_per_sec': 324778.0591, 'mfu': 0.0992, 'expert_load_cv': 0.0224, 'min_expert_frac': 0.2437, 'dead_experts': 0, 'peak_vram_gb': 11.913}
{'step': 820, 'tokens': 214958080, 'lm_loss': 4.4472, 'aux_loss': 1.9996, 'z_loss': 0.0009, 'grad_norm': 1.0547, 'lr': 0.0004, 'tokens_per_sec': 324765.0777, 'mfu': 0.0992, 'expert_load_cv': 0.02, 'min_expert_frac': 0.2459, 'dead_experts': 0, 'peak_vram_gb': 11.913}
{'step': 830, 'tokens': 217579520, 'lm_loss': 4.4758, 'aux_loss': 2.0003, 'z_loss': 0.0009, 'grad_norm': 0.7148, 'lr': 0.0004, 'tokens_per_sec': 324768.6329, 'mfu': 0.0992, 'expert_load_cv': 0.023, 'min_expert_frac': 0.2438, 'dead_experts': 0, 'peak_vram_gb': 11.913}
{'step': 840, 'tokens': 220200960, 'lm_loss': 4.4655, 'aux_loss': 2.0003, 'z_loss': 0.0009, 'grad_norm': 0.8008, 'lr': 0.0004, 'tokens_per_sec': 324762.2777, 'mfu': 0.0992, 'expert_load_cv': 0.0227, 'min_expert_frac': 0.245, 'dead_experts': 0, 'peak_vram_gb': 11.913}
{'step': 850, 'tokens': 222822400, 'lm_loss': 4.5424, 'aux_loss': 1.9988, 'z_loss': 0.0009, 'grad_norm': 0.7812, 'lr': 0.0004, 'tokens_per_sec': 324763.1655, 'mfu': 0.0992, 'expert_load_cv': 0.0202, 'min_expert_frac': 0.2459, 'dead_experts': 0, 'peak_vram_gb': 11.913}
{'step': 860, 'tokens': 225443840, 'lm_loss': 4.5197, 'aux_loss': 1.9997, 'z_loss': 0.0009, 'grad_norm': 1.0625, 'lr': 0.0004, 'tokens_per_sec': 324751.506, 'mfu': 0.0992, 'expert_load_cv': 0.0227, 'min_expert_frac': 0.2443, 'dead_experts': 0, 'peak_vram_gb': 11.913}
{'step': 870, 'tokens': 228065280, 'lm_loss': 4.4958, 'aux_loss': 1.9986, 'z_loss': 0.0009, 'grad_norm': 0.8438, 'lr': 0.0004, 'tokens_per_sec': 324749.4458, 'mfu': 0.0992, 'expert_load_cv': 0.0237, 'min_expert_frac': 0.2446, 'dead_experts': 0, 'peak_vram_gb': 11.913}
{'step': 880, 'tokens': 230686720, 'lm_loss': 4.4473, 'aux_loss': 2.0001, 'z_loss': 0.0009, 'grad_norm': 0.8008, 'lr': 0.0004, 'tokens_per_sec': 324749.6807, 'mfu': 0.0992, 'expert_load_cv': 0.0246, 'min_expert_frac': 0.2439, 'dead_experts': 0, 'peak_vram_gb': 11.913}
{'step': 890, 'tokens': 233308160, 'lm_loss': 4.4294, 'aux_loss': 1.9996, 'z_loss': 0.0009, 'grad_norm': 0.8203, 'lr': 0.0004, 'tokens_per_sec': 324745.2577, 'mfu': 0.0992, 'expert_load_cv': 0.0261, 'min_expert_frac': 0.2443, 'dead_experts': 0, 'peak_vram_gb': 11.913}
{'step': 900, 'tokens': 235929600, 'lm_loss': 4.451, 'aux_loss': 1.9999, 'z_loss': 0.0009, 'grad_norm': 0.7617, 'lr': 0.0004, 'tokens_per_sec': 324757.5606, 'mfu': 0.0992, 'expert_load_cv': 0.024, 'min_expert_frac': 0.2441, 'dead_experts': 0, 'peak_vram_gb': 11.913}
{'step': 910, 'tokens': 238551040, 'lm_loss': 4.4051, 'aux_loss': 1.9984, 'z_loss': 0.0009, 'grad_norm': 0.7656, 'lr': 0.0004, 'tokens_per_sec': 324761.5236, 'mfu': 0.0992, 'expert_load_cv': 0.0262, 'min_expert_frac': 0.2438, 'dead_experts': 0, 'peak_vram_gb': 11.913}
{'step': 920, 'tokens': 241172480, 'lm_loss': 4.4005, 'aux_loss': 1.9993, 'z_loss': 0.0009, 'grad_norm': 0.6445, 'lr': 0.0004, 'tokens_per_sec': 324774.4479, 'mfu': 0.0992, 'expert_load_cv': 0.0275, 'min_expert_frac': 0.2425, 'dead_experts': 0, 'peak_vram_gb': 11.913}
{'step': 930, 'tokens': 243793920, 'lm_loss': 4.3974, 'aux_loss': 2.0004, 'z_loss': 0.0009, 'grad_norm': 0.8867, 'lr': 0.0004, 'tokens_per_sec': 324785.6842, 'mfu': 0.0992, 'expert_load_cv': 0.0265, 'min_expert_frac': 0.2439, 'dead_experts': 0, 'peak_vram_gb': 11.913}
{'step': 940, 'tokens': 246415360, 'lm_loss': 4.4392, 'aux_loss': 2.0001, 'z_loss': 0.0009, 'grad_norm': 0.7344, 'lr': 0.0003, 'tokens_per_sec': 324801.4646, 'mfu': 0.0992, 'expert_load_cv': 0.0242, 'min_expert_frac': 0.2442, 'dead_experts': 0, 'peak_vram_gb': 11.913}
{'step': 950, 'tokens': 249036800, 'lm_loss': 4.3876, 'aux_loss': 1.9996, 'z_loss': 0.0009, 'grad_norm': 0.8828, 'lr': 0.0003, 'tokens_per_sec': 324803.7863, 'mfu': 0.0992, 'expert_load_cv': 0.0232, 'min_expert_frac': 0.2447, 'dead_experts': 0, 'peak_vram_gb': 11.913}
Writing model shards:   0%|          | 0/1 [00:00<?, ?it/s]Writing model shards: 100%|██████████| 1/1 [00:00<00:00, 18.80it/s]
  saved runs/seedvar_E4_s0/step953
{'step': 960, 'tokens': 251658240, 'lm_loss': 4.3587, 'aux_loss': 1.9999, 'z_loss': 0.0009, 'grad_norm': 0.6562, 'lr': 0.0003, 'tokens_per_sec': 324763.9661, 'mfu': 0.0992, 'expert_load_cv': 0.0246, 'min_expert_frac': 0.2439, 'dead_experts': 0, 'peak_vram_gb': 11.913}
{'step': 970, 'tokens': 254279680, 'lm_loss': 4.3895, 'aux_loss': 1.9986, 'z_loss': 0.0009, 'grad_norm': 0.8086, 'lr': 0.0003, 'tokens_per_sec': 324766.1357, 'mfu': 0.0992, 'expert_load_cv': 0.0236, 'min_expert_frac': 0.2438, 'dead_experts': 0, 'peak_vram_gb': 11.913}
{'step': 980, 'tokens': 256901120, 'lm_loss': 4.3612, 'aux_loss': 1.9991, 'z_loss': 0.0009, 'grad_norm': 0.8203, 'lr': 0.0003, 'tokens_per_sec': 324788.4959, 'mfu': 0.0992, 'expert_load_cv': 0.0269, 'min_expert_frac': 0.2433, 'dead_experts': 0, 'peak_vram_gb': 11.913}
{'step': 990, 'tokens': 259522560, 'lm_loss': 4.3411, 'aux_loss': 1.9991, 'z_loss': 0.0009, 'grad_norm': 0.7812, 'lr': 0.0003, 'tokens_per_sec': 324806.6286, 'mfu': 0.0992, 'expert_load_cv': 0.0221, 'min_expert_frac': 0.2446, 'dead_experts': 0, 'peak_vram_gb': 11.913}
{'step': 1000, 'tokens': 262144000, 'lm_loss': 4.3262, 'aux_loss': 1.9993, 'z_loss': 0.0009, 'grad_norm': 0.6641, 'lr': 0.0003, 'tokens_per_sec': 324814.7154, 'mfu': 0.0992, 'expert_load_cv': 0.0249, 'min_expert_frac': 0.244, 'dead_experts': 0, 'peak_vram_gb': 11.913}
{'step': 1010, 'tokens': 264765440, 'lm_loss': 4.3466, 'aux_loss': 1.9998, 'z_loss': 0.0009, 'grad_norm': 0.7148, 'lr': 0.0003, 'tokens_per_sec': 324826.4392, 'mfu': 0.0992, 'expert_load_cv': 0.0278, 'min_expert_frac': 0.2428, 'dead_experts': 0, 'peak_vram_gb': 11.913}
{'step': 1020, 'tokens': 267386880, 'lm_loss': 4.3341, 'aux_loss': 1.9996, 'z_loss': 0.0009, 'grad_norm': 0.7812, 'lr': 0.0003, 'tokens_per_sec': 324814.1105, 'mfu': 0.0992, 'expert_load_cv': 0.0264, 'min_expert_frac': 0.2438, 'dead_experts': 0, 'peak_vram_gb': 11.913}
{'step': 1030, 'tokens': 270008320, 'lm_loss': 4.334, 'aux_loss': 2.0001, 'z_loss': 0.0009, 'grad_norm': 0.7578, 'lr': 0.0003, 'tokens_per_sec': 324810.1923, 'mfu': 0.0992, 'expert_load_cv': 0.0273, 'min_expert_frac': 0.2432, 'dead_experts': 0, 'peak_vram_gb': 11.913}
{'step': 1040, 'tokens': 272629760, 'lm_loss': 4.3251, 'aux_loss': 2.0002, 'z_loss': 0.0009, 'grad_norm': 0.875, 'lr': 0.0003, 'tokens_per_sec': 324803.9616, 'mfu': 0.0992, 'expert_load_cv': 0.0253, 'min_expert_frac': 0.243, 'dead_experts': 0, 'peak_vram_gb': 11.913}
{'step': 1050, 'tokens': 275251200, 'lm_loss': 4.3702, 'aux_loss': 1.9997, 'z_loss': 0.0009, 'grad_norm': 0.6445, 'lr': 0.0003, 'tokens_per_sec': 324799.5962, 'mfu': 0.0992, 'expert_load_cv': 0.0263, 'min_expert_frac': 0.2429, 'dead_experts': 0, 'peak_vram_gb': 11.913}
{'step': 1060, 'tokens': 277872640, 'lm_loss': 4.2697, 'aux_loss': 1.9994, 'z_loss': 0.0009, 'grad_norm': 0.75, 'lr': 0.0003, 'tokens_per_sec': 324785.8442, 'mfu': 0.0992, 'expert_load_cv': 0.0267, 'min_expert_frac': 0.2428, 'dead_experts': 0, 'peak_vram_gb': 11.913}
{'step': 1070, 'tokens': 280494080, 'lm_loss': 4.3214, 'aux_loss': 1.9995, 'z_loss': 0.0008, 'grad_norm': 0.7656, 'lr': 0.0003, 'tokens_per_sec': 324781.4805, 'mfu': 0.0992, 'expert_load_cv': 0.028, 'min_expert_frac': 0.2431, 'dead_experts': 0, 'peak_vram_gb': 11.913}
{'step': 1080, 'tokens': 283115520, 'lm_loss': 4.2675, 'aux_loss': 1.9989, 'z_loss': 0.0008, 'grad_norm': 0.7188, 'lr': 0.0003, 'tokens_per_sec': 324783.9748, 'mfu': 0.0992, 'expert_load_cv': 0.0281, 'min_expert_frac': 0.2431, 'dead_experts': 0, 'peak_vram_gb': 11.913}
{'step': 1090, 'tokens': 285736960, 'lm_loss': 4.3223, 'aux_loss': 2.0002, 'z_loss': 0.0008, 'grad_norm': 0.7109, 'lr': 0.0003, 'tokens_per_sec': 324786.2382, 'mfu': 0.0992, 'expert_load_cv': 0.0286, 'min_expert_frac': 0.2425, 'dead_experts': 0, 'peak_vram_gb': 11.913}
{'step': 1100, 'tokens': 288358400, 'lm_loss': 4.2925, 'aux_loss': 2.0004, 'z_loss': 0.0008, 'grad_norm': 0.7578, 'lr': 0.0003, 'tokens_per_sec': 324796.5108, 'mfu': 0.0992, 'expert_load_cv': 0.028, 'min_expert_frac': 0.2426, 'dead_experts': 0, 'peak_vram_gb': 11.913}
{'step': 1110, 'tokens': 290979840, 'lm_loss': 4.2927, 'aux_loss': 1.9994, 'z_loss': 0.0008, 'grad_norm': 0.6875, 'lr': 0.0003, 'tokens_per_sec': 324798.2406, 'mfu': 0.0992, 'expert_load_cv': 0.0254, 'min_expert_frac': 0.2437, 'dead_experts': 0, 'peak_vram_gb': 11.913}
{'step': 1120, 'tokens': 293601280, 'lm_loss': 4.2587, 'aux_loss': 1.9991, 'z_loss': 0.0008, 'grad_norm': 0.7383, 'lr': 0.0003, 'tokens_per_sec': 324795.7281, 'mfu': 0.0992, 'expert_load_cv': 0.0257, 'min_expert_frac': 0.2432, 'dead_experts': 0, 'peak_vram_gb': 11.913}
{'step': 1130, 'tokens': 296222720, 'lm_loss': 4.2189, 'aux_loss': 2.0001, 'z_loss': 0.0008, 'grad_norm': 0.7891, 'lr': 0.0003, 'tokens_per_sec': 324800.5554, 'mfu': 0.0992, 'expert_load_cv': 0.0259, 'min_expert_frac': 0.2443, 'dead_experts': 0, 'peak_vram_gb': 11.913}
{'step': 1140, 'tokens': 298844160, 'lm_loss': 4.2527, 'aux_loss': 2.0001, 'z_loss': 0.0008, 'grad_norm': 0.6289, 'lr': 0.0003, 'tokens_per_sec': 324794.7391, 'mfu': 0.0992, 'expert_load_cv': 0.0287, 'min_expert_frac': 0.2426, 'dead_experts': 0, 'peak_vram_gb': 11.913}
{'step': 1150, 'tokens': 301465600, 'lm_loss': 4.238, 'aux_loss': 1.9992, 'z_loss': 0.0008, 'grad_norm': 0.7305, 'lr': 0.0003, 'tokens_per_sec': 324801.6841, 'mfu': 0.0992, 'expert_load_cv': 0.0259, 'min_expert_frac': 0.2432, 'dead_experts': 0, 'peak_vram_gb': 11.913}
{'step': 1160, 'tokens': 304087040, 'lm_loss': 4.2649, 'aux_loss': 1.9995, 'z_loss': 0.0008, 'grad_norm': 0.8242, 'lr': 0.0003, 'tokens_per_sec': 324798.2297, 'mfu': 0.0992, 'expert_load_cv': 0.0275, 'min_expert_frac': 0.2435, 'dead_experts': 0, 'peak_vram_gb': 11.913}
{'step': 1170, 'tokens': 306708480, 'lm_loss': 4.2589, 'aux_loss': 1.9999, 'z_loss': 0.0008, 'grad_norm': 0.6992, 'lr': 0.0003, 'tokens_per_sec': 324801.9254, 'mfu': 0.0992, 'expert_load_cv': 0.0276, 'min_expert_frac': 0.243, 'dead_experts': 0, 'peak_vram_gb': 11.913}
{'step': 1180, 'tokens': 309329920, 'lm_loss': 4.2432, 'aux_loss': 1.9996, 'z_loss': 0.0008, 'grad_norm': 0.7539, 'lr': 0.0003, 'tokens_per_sec': 324795.4188, 'mfu': 0.0992, 'expert_load_cv': 0.028, 'min_expert_frac': 0.2425, 'dead_experts': 0, 'peak_vram_gb': 11.913}
{'step': 1190, 'tokens': 311951360, 'lm_loss': 4.2321, 'aux_loss': 1.9989, 'z_loss': 0.0008, 'grad_norm': 0.6445, 'lr': 0.0003, 'tokens_per_sec': 324793.1932, 'mfu': 0.0992, 'expert_load_cv': 0.0269, 'min_expert_frac': 0.243, 'dead_experts': 0, 'peak_vram_gb': 11.913}
{'step': 1200, 'tokens': 314572800, 'lm_loss': 4.222, 'aux_loss': 2.0008, 'z_loss': 0.0008, 'grad_norm': 0.7305, 'lr': 0.0003, 'tokens_per_sec': 324801.1263, 'mfu': 0.0992, 'expert_load_cv': 0.0274, 'min_expert_frac': 0.2429, 'dead_experts': 0, 'peak_vram_gb': 11.913}
{'step': 1210, 'tokens': 317194240, 'lm_loss': 4.2308, 'aux_loss': 1.9995, 'z_loss': 0.0008, 'grad_norm': 0.7266, 'lr': 0.0003, 'tokens_per_sec': 324802.0509, 'mfu': 0.0992, 'expert_load_cv': 0.0297, 'min_expert_frac': 0.242, 'dead_experts': 0, 'peak_vram_gb': 11.913}
{'step': 1220, 'tokens': 319815680, 'lm_loss': 4.1838, 'aux_loss': 2.0002, 'z_loss': 0.0008, 'grad_norm': 0.7266, 'lr': 0.0003, 'tokens_per_sec': 324813.3777, 'mfu': 0.0992, 'expert_load_cv': 0.0299, 'min_expert_frac': 0.2424, 'dead_experts': 0, 'peak_vram_gb': 11.913}
{'step': 1230, 'tokens': 322437120, 'lm_loss': 4.2135, 'aux_loss': 2.0001, 'z_loss': 0.0008, 'grad_norm': 0.6719, 'lr': 0.0003, 'tokens_per_sec': 324827.7581, 'mfu': 0.0992, 'expert_load_cv': 0.0284, 'min_expert_frac': 0.2431, 'dead_experts': 0, 'peak_vram_gb': 11.913}
{'step': 1240, 'tokens': 325058560, 'lm_loss': 4.2131, 'aux_loss': 1.9994, 'z_loss': 0.0008, 'grad_norm': 0.7773, 'lr': 0.0003, 'tokens_per_sec': 324834.6717, 'mfu': 0.0992, 'expert_load_cv': 0.0287, 'min_expert_frac': 0.2426, 'dead_experts': 0, 'peak_vram_gb': 11.913}
{'step': 1250, 'tokens': 327680000, 'lm_loss': 4.1856, 'aux_loss': 2.0, 'z_loss': 0.0007, 'grad_norm': 0.7656, 'lr': 0.0003, 'tokens_per_sec': 324844.546, 'mfu': 0.0992, 'expert_load_cv': 0.0308, 'min_expert_frac': 0.2418, 'dead_experts': 0, 'peak_vram_gb': 11.913}
{'step': 1260, 'tokens': 330301440, 'lm_loss': 4.1714, 'aux_loss': 2.0004, 'z_loss': 0.0008, 'grad_norm': 0.7109, 'lr': 0.0003, 'tokens_per_sec': 324849.6856, 'mfu': 0.0992, 'expert_load_cv': 0.029, 'min_expert_frac': 0.2425, 'dead_experts': 0, 'peak_vram_gb': 11.913}
{'step': 1270, 'tokens': 332922880, 'lm_loss': 4.1987, 'aux_loss': 1.9996, 'z_loss': 0.0008, 'grad_norm': 0.9648, 'lr': 0.0003, 'tokens_per_sec': 324856.5993, 'mfu': 0.0992, 'expert_load_cv': 0.0268, 'min_expert_frac': 0.2432, 'dead_experts': 0, 'peak_vram_gb': 11.913}
{'step': 1280, 'tokens': 335544320, 'lm_loss': 4.1255, 'aux_loss': 2.0006, 'z_loss': 0.0008, 'grad_norm': 0.8867, 'lr': 0.0003, 'tokens_per_sec': 324850.1382, 'mfu': 0.0992, 'expert_load_cv': 0.0271, 'min_expert_frac': 0.2431, 'dead_experts': 0, 'peak_vram_gb': 11.913}
{'step': 1290, 'tokens': 338165760, 'lm_loss': 4.1565, 'aux_loss': 1.998, 'z_loss': 0.0007, 'grad_norm': 0.7422, 'lr': 0.0003, 'tokens_per_sec': 324863.3421, 'mfu': 0.0992, 'expert_load_cv': 0.0279, 'min_expert_frac': 0.2428, 'dead_experts': 0, 'peak_vram_gb': 11.913}
{'step': 1300, 'tokens': 340787200, 'lm_loss': 4.1935, 'aux_loss': 1.9987, 'z_loss': 0.0008, 'grad_norm': 0.7812, 'lr': 0.0003, 'tokens_per_sec': 324868.6156, 'mfu': 0.0992, 'expert_load_cv': 0.0268, 'min_expert_frac': 0.2431, 'dead_experts': 0, 'peak_vram_gb': 11.913}
{'step': 1310, 'tokens': 343408640, 'lm_loss': 4.1122, 'aux_loss': 1.9997, 'z_loss': 0.0007, 'grad_norm': 0.7539, 'lr': 0.0003, 'tokens_per_sec': 324872.5039, 'mfu': 0.0992, 'expert_load_cv': 0.0288, 'min_expert_frac': 0.2427, 'dead_experts': 0, 'peak_vram_gb': 11.913}
{'step': 1320, 'tokens': 346030080, 'lm_loss': 4.128, 'aux_loss': 2.0001, 'z_loss': 0.0008, 'grad_norm': 0.707, 'lr': 0.0003, 'tokens_per_sec': 324859.3351, 'mfu': 0.0992, 'expert_load_cv': 0.0262, 'min_expert_frac': 0.243, 'dead_experts': 0, 'peak_vram_gb': 11.913}
{'step': 1330, 'tokens': 348651520, 'lm_loss': 4.1454, 'aux_loss': 1.9999, 'z_loss': 0.0007, 'grad_norm': 0.9766, 'lr': 0.0003, 'tokens_per_sec': 324865.7061, 'mfu': 0.0992, 'expert_load_cv': 0.027, 'min_expert_frac': 0.2434, 'dead_experts': 0, 'peak_vram_gb': 11.913}
{'step': 1340, 'tokens': 351272960, 'lm_loss': 4.1243, 'aux_loss': 1.9996, 'z_loss': 0.0007, 'grad_norm': 0.7695, 'lr': 0.0003, 'tokens_per_sec': 324866.3562, 'mfu': 0.0992, 'expert_load_cv': 0.0271, 'min_expert_frac': 0.243, 'dead_experts': 0, 'peak_vram_gb': 11.913}
{'step': 1350, 'tokens': 353894400, 'lm_loss': 4.1063, 'aux_loss': 1.9992, 'z_loss': 0.0007, 'grad_norm': 0.7109, 'lr': 0.0003, 'tokens_per_sec': 324866.4018, 'mfu': 0.0992, 'expert_load_cv': 0.025, 'min_expert_frac': 0.2437, 'dead_experts': 0, 'peak_vram_gb': 11.913}
{'step': 1360, 'tokens': 356515840, 'lm_loss': 4.1543, 'aux_loss': 1.9997, 'z_loss': 0.0007, 'grad_norm': 0.7422, 'lr': 0.0003, 'tokens_per_sec': 324864.3217, 'mfu': 0.0992, 'expert_load_cv': 0.03, 'min_expert_frac': 0.2425, 'dead_experts': 0, 'peak_vram_gb': 11.913}
{'step': 1370, 'tokens': 359137280, 'lm_loss': 4.1318, 'aux_loss': 2.0002, 'z_loss': 0.0007, 'grad_norm': 0.7422, 'lr': 0.0003, 'tokens_per_sec': 324857.5372, 'mfu': 0.0992, 'expert_load_cv': 0.0289, 'min_expert_frac': 0.2428, 'dead_experts': 0, 'peak_vram_gb': 11.913}
{'step': 1380, 'tokens': 361758720, 'lm_loss': 4.1406, 'aux_loss': 2.0, 'z_loss': 0.0007, 'grad_norm': 0.75, 'lr': 0.0003, 'tokens_per_sec': 324862.524, 'mfu': 0.0992, 'expert_load_cv': 0.0285, 'min_expert_frac': 0.2427, 'dead_experts': 0, 'peak_vram_gb': 11.913}
{'step': 1390, 'tokens': 364380160, 'lm_loss': 4.144, 'aux_loss': 1.9996, 'z_loss': 0.0007, 'grad_norm': 0.7305, 'lr': 0.0003, 'tokens_per_sec': 324862.0649, 'mfu': 0.0992, 'expert_load_cv': 0.0306, 'min_expert_frac': 0.2425, 'dead_experts': 0, 'peak_vram_gb': 11.913}
{'step': 1400, 'tokens': 367001600, 'lm_loss': 4.1699, 'aux_loss': 1.9992, 'z_loss': 0.0007, 'grad_norm': 0.6641, 'lr': 0.0003, 'tokens_per_sec': 324855.7008, 'mfu': 0.0992, 'expert_load_cv': 0.0292, 'min_expert_frac': 0.2429, 'dead_experts': 0, 'peak_vram_gb': 11.913}
{'step': 1410, 'tokens': 369623040, 'lm_loss': 4.0574, 'aux_loss': 1.9996, 'z_loss': 0.0007, 'grad_norm': 0.7578, 'lr': 0.0003, 'tokens_per_sec': 324843.5922, 'mfu': 0.0992, 'expert_load_cv': 0.0285, 'min_expert_frac': 0.2427, 'dead_experts': 0, 'peak_vram_gb': 11.913}
{'step': 1420, 'tokens': 372244480, 'lm_loss': 4.067, 'aux_loss': 1.9998, 'z_loss': 0.0007, 'grad_norm': 0.6602, 'lr': 0.0003, 'tokens_per_sec': 324838.7393, 'mfu': 0.0992, 'expert_load_cv': 0.029, 'min_expert_frac': 0.2433, 'dead_experts': 0, 'peak_vram_gb': 11.913}
{'step': 1430, 'tokens': 374865920, 'lm_loss': 4.0657, 'aux_loss': 1.9999, 'z_loss': 0.0007, 'grad_norm': 0.6484, 'lr': 0.0003, 'tokens_per_sec': 324833.4503, 'mfu': 0.0992, 'expert_load_cv': 0.0269, 'min_expert_frac': 0.2434, 'dead_experts': 0, 'peak_vram_gb': 11.913}
{'step': 1440, 'tokens': 377487360, 'lm_loss': 4.0889, 'aux_loss': 2.0005, 'z_loss': 0.0007, 'grad_norm': 0.8633, 'lr': 0.0003, 'tokens_per_sec': 324775.6042, 'mfu': 0.0992, 'expert_load_cv': 0.0284, 'min_expert_frac': 0.2432, 'dead_experts': 0, 'peak_vram_gb': 11.913}
{'step': 1450, 'tokens': 380108800, 'lm_loss': 4.1052, 'aux_loss': 1.9999, 'z_loss': 0.0007, 'grad_norm': 0.6914, 'lr': 0.0003, 'tokens_per_sec': 324773.65, 'mfu': 0.0992, 'expert_load_cv': 0.0253, 'min_expert_frac': 0.2437, 'dead_experts': 0, 'peak_vram_gb': 11.913}
{'step': 1460, 'tokens': 382730240, 'lm_loss': 4.0834, 'aux_loss': 2.0003, 'z_loss': 0.0007, 'grad_norm': 0.6797, 'lr': 0.0003, 'tokens_per_sec': 324785.857, 'mfu': 0.0992, 'expert_load_cv': 0.0284, 'min_expert_frac': 0.2431, 'dead_experts': 0, 'peak_vram_gb': 11.913}
{'step': 1470, 'tokens': 385351680, 'lm_loss': 4.0579, 'aux_loss': 1.9997, 'z_loss': 0.0007, 'grad_norm': 0.7969, 'lr': 0.0003, 'tokens_per_sec': 324794.3027, 'mfu': 0.0992, 'expert_load_cv': 0.0274, 'min_expert_frac': 0.2425, 'dead_experts': 0, 'peak_vram_gb': 11.913}
{'step': 1480, 'tokens': 387973120, 'lm_loss': 4.0757, 'aux_loss': 2.0005, 'z_loss': 0.0007, 'grad_norm': 0.7461, 'lr': 0.0003, 'tokens_per_sec': 324797.1486, 'mfu': 0.0992, 'expert_load_cv': 0.0292, 'min_expert_frac': 0.2427, 'dead_experts': 0, 'peak_vram_gb': 11.913}
{'step': 1490, 'tokens': 390594560, 'lm_loss': 4.0698, 'aux_loss': 2.0005, 'z_loss': 0.0007, 'grad_norm': 0.7305, 'lr': 0.0003, 'tokens_per_sec': 324804.6572, 'mfu': 0.0992, 'expert_load_cv': 0.0289, 'min_expert_frac': 0.242, 'dead_experts': 0, 'peak_vram_gb': 11.913}
{'step': 1500, 'tokens': 393216000, 'lm_loss': 4.034, 'aux_loss': 2.0014, 'z_loss': 0.0007, 'grad_norm': 0.7227, 'lr': 0.0003, 'tokens_per_sec': 324808.1567, 'mfu': 0.0992, 'expert_load_cv': 0.0269, 'min_expert_frac': 0.2431, 'dead_experts': 0, 'peak_vram_gb': 11.913}
{'step': 1510, 'tokens': 395837440, 'lm_loss': 4.0917, 'aux_loss': 1.9995, 'z_loss': 0.0007, 'grad_norm': 0.7148, 'lr': 0.0003, 'tokens_per_sec': 324802.8199, 'mfu': 0.0992, 'expert_load_cv': 0.0299, 'min_expert_frac': 0.2423, 'dead_experts': 0, 'peak_vram_gb': 11.913}
{'step': 1520, 'tokens': 398458880, 'lm_loss': 4.0258, 'aux_loss': 2.0004, 'z_loss': 0.0007, 'grad_norm': 0.7266, 'lr': 0.0003, 'tokens_per_sec': 324805.5133, 'mfu': 0.0992, 'expert_load_cv': 0.0273, 'min_expert_frac': 0.2425, 'dead_experts': 0, 'peak_vram_gb': 11.913}
{'step': 1530, 'tokens': 401080320, 'lm_loss': 4.0604, 'aux_loss': 1.9993, 'z_loss': 0.0007, 'grad_norm': 0.7422, 'lr': 0.0003, 'tokens_per_sec': 324802.2841, 'mfu': 0.0992, 'expert_load_cv': 0.0288, 'min_expert_frac': 0.2423, 'dead_experts': 0, 'peak_vram_gb': 11.913}
{'step': 1540, 'tokens': 403701760, 'lm_loss': 4.0977, 'aux_loss': 1.9992, 'z_loss': 0.0007, 'grad_norm': 0.5898, 'lr': 0.0003, 'tokens_per_sec': 324803.3705, 'mfu': 0.0992, 'expert_load_cv': 0.027, 'min_expert_frac': 0.2439, 'dead_experts': 0, 'peak_vram_gb': 11.913}
{'step': 1550, 'tokens': 406323200, 'lm_loss': 4.0555, 'aux_loss': 2.0001, 'z_loss': 0.0007, 'grad_norm': 0.75, 'lr': 0.0003, 'tokens_per_sec': 324816.0738, 'mfu': 0.0992, 'expert_load_cv': 0.028, 'min_expert_frac': 0.2432, 'dead_experts': 0, 'peak_vram_gb': 11.913}
{'step': 1560, 'tokens': 408944640, 'lm_loss': 4.0744, 'aux_loss': 1.9986, 'z_loss': 0.0007, 'grad_norm': 0.6836, 'lr': 0.0003, 'tokens_per_sec': 324811.6327, 'mfu': 0.0992, 'expert_load_cv': 0.027, 'min_expert_frac': 0.243, 'dead_experts': 0, 'peak_vram_gb': 11.913}
{'step': 1570, 'tokens': 411566080, 'lm_loss': 4.0192, 'aux_loss': 2.0001, 'z_loss': 0.0007, 'grad_norm': 0.7891, 'lr': 0.0003, 'tokens_per_sec': 324823.646, 'mfu': 0.0992, 'expert_load_cv': 0.0288, 'min_expert_frac': 0.2424, 'dead_experts': 0, 'peak_vram_gb': 11.913}
{'step': 1580, 'tokens': 414187520, 'lm_loss': 4.0556, 'aux_loss': 2.0002, 'z_loss': 0.0006, 'grad_norm': 0.8477, 'lr': 0.0003, 'tokens_per_sec': 324832.699, 'mfu': 0.0992, 'expert_load_cv': 0.0275, 'min_expert_frac': 0.2425, 'dead_experts': 0, 'peak_vram_gb': 11.913}
{'step': 1590, 'tokens': 416808960, 'lm_loss': 4.0916, 'aux_loss': 1.9997, 'z_loss': 0.0006, 'grad_norm': 0.7188, 'lr': 0.0003, 'tokens_per_sec': 324836.4071, 'mfu': 0.0992, 'expert_load_cv': 0.0268, 'min_expert_frac': 0.2429, 'dead_experts': 0, 'peak_vram_gb': 11.913}
{'step': 1600, 'tokens': 419430400, 'lm_loss': 4.0585, 'aux_loss': 1.9996, 'z_loss': 0.0006, 'grad_norm': 0.6484, 'lr': 0.0003, 'tokens_per_sec': 324833.9478, 'mfu': 0.0992, 'expert_load_cv': 0.0296, 'min_expert_frac': 0.2427, 'dead_experts': 0, 'peak_vram_gb': 11.913}
{'step': 1610, 'tokens': 422051840, 'lm_loss': 4.0695, 'aux_loss': 2.0, 'z_loss': 0.0006, 'grad_norm': 0.7031, 'lr': 0.0003, 'tokens_per_sec': 324839.0522, 'mfu': 0.0992, 'expert_load_cv': 0.0292, 'min_expert_frac': 0.2426, 'dead_experts': 0, 'peak_vram_gb': 11.913}
{'step': 1620, 'tokens': 424673280, 'lm_loss': 4.0708, 'aux_loss': 1.999, 'z_loss': 0.0006, 'grad_norm': 0.6094, 'lr': 0.0003, 'tokens_per_sec': 324846.1717, 'mfu': 0.0992, 'expert_load_cv': 0.0281, 'min_expert_frac': 0.2429, 'dead_experts': 0, 'peak_vram_gb': 11.913}
{'step': 1630, 'tokens': 427294720, 'lm_loss': 4.0308, 'aux_loss': 1.9999, 'z_loss': 0.0006, 'grad_norm': 0.7305, 'lr': 0.0003, 'tokens_per_sec': 324850.8214, 'mfu': 0.0992, 'expert_load_cv': 0.0312, 'min_expert_frac': 0.2421, 'dead_experts': 0, 'peak_vram_gb': 11.913}
{'step': 1640, 'tokens': 429916160, 'lm_loss': 4.0229, 'aux_loss': 2.0002, 'z_loss': 0.0006, 'grad_norm': 0.7109, 'lr': 0.0003, 'tokens_per_sec': 324848.3193, 'mfu': 0.0992, 'expert_load_cv': 0.0297, 'min_expert_frac': 0.2424, 'dead_experts': 0, 'peak_vram_gb': 11.913}
{'step': 1650, 'tokens': 432537600, 'lm_loss': 3.9776, 'aux_loss': 1.9998, 'z_loss': 0.0006, 'grad_norm': 0.668, 'lr': 0.0002, 'tokens_per_sec': 324846.4082, 'mfu': 0.0992, 'expert_load_cv': 0.03, 'min_expert_frac': 0.2423, 'dead_experts': 0, 'peak_vram_gb': 11.913}
{'step': 1660, 'tokens': 435159040, 'lm_loss': 4.0041, 'aux_loss': 2.0001, 'z_loss': 0.0006, 'grad_norm': 0.6367, 'lr': 0.0002, 'tokens_per_sec': 324852.2107, 'mfu': 0.0992, 'expert_load_cv': 0.0283, 'min_expert_frac': 0.2424, 'dead_experts': 0, 'peak_vram_gb': 11.913}
{'step': 1670, 'tokens': 437780480, 'lm_loss': 4.0667, 'aux_loss': 1.9986, 'z_loss': 0.0006, 'grad_norm': 0.707, 'lr': 0.0002, 'tokens_per_sec': 324853.1392, 'mfu': 0.0992, 'expert_load_cv': 0.0301, 'min_expert_frac': 0.2423, 'dead_experts': 0, 'peak_vram_gb': 11.913}
{'step': 1680, 'tokens': 440401920, 'lm_loss': 4.0062, 'aux_loss': 1.9999, 'z_loss': 0.0006, 'grad_norm': 0.6602, 'lr': 0.0002, 'tokens_per_sec': 324852.057, 'mfu': 0.0992, 'expert_load_cv': 0.031, 'min_expert_frac': 0.2414, 'dead_experts': 0, 'peak_vram_gb': 11.913}
{'step': 1690, 'tokens': 443023360, 'lm_loss': 3.9591, 'aux_loss': 2.0004, 'z_loss': 0.0006, 'grad_norm': 0.7305, 'lr': 0.0002, 'tokens_per_sec': 324846.8887, 'mfu': 0.0992, 'expert_load_cv': 0.0279, 'min_expert_frac': 0.2436, 'dead_experts': 0, 'peak_vram_gb': 11.913}
{'step': 1700, 'tokens': 445644800, 'lm_loss': 4.0338, 'aux_loss': 2.0008, 'z_loss': 0.0006, 'grad_norm': 0.6484, 'lr': 0.0002, 'tokens_per_sec': 324848.1574, 'mfu': 0.0992, 'expert_load_cv': 0.0278, 'min_expert_frac': 0.2425, 'dead_experts': 0, 'peak_vram_gb': 11.913}
{'step': 1710, 'tokens': 448266240, 'lm_loss': 3.9671, 'aux_loss': 1.9992, 'z_loss': 0.0006, 'grad_norm': 0.6367, 'lr': 0.0002, 'tokens_per_sec': 324848.8287, 'mfu': 0.0992, 'expert_load_cv': 0.0288, 'min_expert_frac': 0.2424, 'dead_experts': 0, 'peak_vram_gb': 11.913}
{'step': 1720, 'tokens': 450887680, 'lm_loss': 4.0563, 'aux_loss': 2.0006, 'z_loss': 0.0006, 'grad_norm': 0.668, 'lr': 0.0002, 'tokens_per_sec': 324844.88, 'mfu': 0.0992, 'expert_load_cv': 0.0268, 'min_expert_frac': 0.2436, 'dead_experts': 0, 'peak_vram_gb': 11.913}
{'step': 1730, 'tokens': 453509120, 'lm_loss': 3.9932, 'aux_loss': 2.0003, 'z_loss': 0.0006, 'grad_norm': 0.6641, 'lr': 0.0002, 'tokens_per_sec': 324843.6142, 'mfu': 0.0992, 'expert_load_cv': 0.0293, 'min_expert_frac': 0.2429, 'dead_experts': 0, 'peak_vram_gb': 11.913}
{'step': 1740, 'tokens': 456130560, 'lm_loss': 4.0114, 'aux_loss': 1.9999, 'z_loss': 0.0006, 'grad_norm': 0.6719, 'lr': 0.0002, 'tokens_per_sec': 324833.4616, 'mfu': 0.0992, 'expert_load_cv': 0.0266, 'min_expert_frac': 0.2427, 'dead_experts': 0, 'peak_vram_gb': 11.913}
{'step': 1750, 'tokens': 458752000, 'lm_loss': 4.0174, 'aux_loss': 1.9991, 'z_loss': 0.0006, 'grad_norm': 0.6445, 'lr': 0.0002, 'tokens_per_sec': 324832.4123, 'mfu': 0.0992, 'expert_load_cv': 0.0299, 'min_expert_frac': 0.2428, 'dead_experts': 0, 'peak_vram_gb': 11.913}
{'step': 1760, 'tokens': 461373440, 'lm_loss': 3.9973, 'aux_loss': 1.9994, 'z_loss': 0.0006, 'grad_norm': 0.668, 'lr': 0.0002, 'tokens_per_sec': 324829.5906, 'mfu': 0.0992, 'expert_load_cv': 0.0282, 'min_expert_frac': 0.2431, 'dead_experts': 0, 'peak_vram_gb': 11.913}
{'step': 1770, 'tokens': 463994880, 'lm_loss': 3.9791, 'aux_loss': 2.0003, 'z_loss': 0.0006, 'grad_norm': 0.6992, 'lr': 0.0002, 'tokens_per_sec': 324837.7683, 'mfu': 0.0992, 'expert_load_cv': 0.0298, 'min_expert_frac': 0.2425, 'dead_experts': 0, 'peak_vram_gb': 11.913}
{'step': 1780, 'tokens': 466616320, 'lm_loss': 4.0461, 'aux_loss': 2.0001, 'z_loss': 0.0006, 'grad_norm': 0.6602, 'lr': 0.0002, 'tokens_per_sec': 324832.5246, 'mfu': 0.0992, 'expert_load_cv': 0.0287, 'min_expert_frac': 0.243, 'dead_experts': 0, 'peak_vram_gb': 11.913}
{'step': 1790, 'tokens': 469237760, 'lm_loss': 3.9439, 'aux_loss': 2.0004, 'z_loss': 0.0006, 'grad_norm': 0.6992, 'lr': 0.0002, 'tokens_per_sec': 324831.9021, 'mfu': 0.0992, 'expert_load_cv': 0.0289, 'min_expert_frac': 0.2426, 'dead_experts': 0, 'peak_vram_gb': 11.913}
{'step': 1800, 'tokens': 471859200, 'lm_loss': 3.9381, 'aux_loss': 1.9997, 'z_loss': 0.0006, 'grad_norm': 0.7383, 'lr': 0.0002, 'tokens_per_sec': 324826.9508, 'mfu': 0.0992, 'expert_load_cv': 0.0304, 'min_expert_frac': 0.2426, 'dead_experts': 0, 'peak_vram_gb': 11.913}
{'step': 1810, 'tokens': 474480640, 'lm_loss': 3.9976, 'aux_loss': 2.001, 'z_loss': 0.0006, 'grad_norm': 0.7109, 'lr': 0.0002, 'tokens_per_sec': 324831.0766, 'mfu': 0.0992, 'expert_load_cv': 0.027, 'min_expert_frac': 0.2429, 'dead_experts': 0, 'peak_vram_gb': 11.913}
{'step': 1820, 'tokens': 477102080, 'lm_loss': 3.9552, 'aux_loss': 2.0004, 'z_loss': 0.0006, 'grad_norm': 0.7227, 'lr': 0.0002, 'tokens_per_sec': 324834.664, 'mfu': 0.0992, 'expert_load_cv': 0.0305, 'min_expert_frac': 0.2424, 'dead_experts': 0, 'peak_vram_gb': 11.913}
{'step': 1830, 'tokens': 479723520, 'lm_loss': 3.9928, 'aux_loss': 1.9993, 'z_loss': 0.0006, 'grad_norm': 0.6055, 'lr': 0.0002, 'tokens_per_sec': 324838.8463, 'mfu': 0.0992, 'expert_load_cv': 0.0289, 'min_expert_frac': 0.2431, 'dead_experts': 0, 'peak_vram_gb': 11.913}
{'step': 1840, 'tokens': 482344960, 'lm_loss': 3.9922, 'aux_loss': 1.9999, 'z_loss': 0.0006, 'grad_norm': 0.6992, 'lr': 0.0002, 'tokens_per_sec': 324839.6499, 'mfu': 0.0992, 'expert_load_cv': 0.0287, 'min_expert_frac': 0.2427, 'dead_experts': 0, 'peak_vram_gb': 11.913}
{'step': 1850, 'tokens': 484966400, 'lm_loss': 3.9648, 'aux_loss': 1.9985, 'z_loss': 0.0006, 'grad_norm': 0.6641, 'lr': 0.0002, 'tokens_per_sec': 324839.7646, 'mfu': 0.0992, 'expert_load_cv': 0.0303, 'min_expert_frac': 0.2428, 'dead_experts': 0, 'peak_vram_gb': 11.913}
{'step': 1860, 'tokens': 487587840, 'lm_loss': 4.0379, 'aux_loss': 1.9999, 'z_loss': 0.0006, 'grad_norm': 0.625, 'lr': 0.0002, 'tokens_per_sec': 324830.871, 'mfu': 0.0992, 'expert_load_cv': 0.0294, 'min_expert_frac': 0.2426, 'dead_experts': 0, 'peak_vram_gb': 11.913}
{'step': 1870, 'tokens': 490209280, 'lm_loss': 4.0131, 'aux_loss': 1.9995, 'z_loss': 0.0006, 'grad_norm': 0.7578, 'lr': 0.0002, 'tokens_per_sec': 324832.6982, 'mfu': 0.0992, 'expert_load_cv': 0.0274, 'min_expert_frac': 0.2432, 'dead_experts': 0, 'peak_vram_gb': 11.913}
{'step': 1880, 'tokens': 492830720, 'lm_loss': 3.9936, 'aux_loss': 1.9998, 'z_loss': 0.0006, 'grad_norm': 0.6641, 'lr': 0.0002, 'tokens_per_sec': 324841.698, 'mfu': 0.0992, 'expert_load_cv': 0.0276, 'min_expert_frac': 0.243, 'dead_experts': 0, 'peak_vram_gb': 11.913}
{'step': 1890, 'tokens': 495452160, 'lm_loss': 3.9546, 'aux_loss': 1.9999, 'z_loss': 0.0006, 'grad_norm': 0.6797, 'lr': 0.0002, 'tokens_per_sec': 324841.3861, 'mfu': 0.0992, 'expert_load_cv': 0.0289, 'min_expert_frac': 0.2433, 'dead_experts': 0, 'peak_vram_gb': 11.913}
{'step': 1900, 'tokens': 498073600, 'lm_loss': 3.9241, 'aux_loss': 2.0003, 'z_loss': 0.0006, 'grad_norm': 0.6445, 'lr': 0.0002, 'tokens_per_sec': 324836.6541, 'mfu': 0.0992, 'expert_load_cv': 0.0285, 'min_expert_frac': 0.243, 'dead_experts': 0, 'peak_vram_gb': 11.913}
Writing model shards:   0%|          | 0/1 [00:00<?, ?it/s]Writing model shards: 100%|██████████| 1/1 [00:00<00:00, 19.12it/s]
  saved runs/seedvar_E4_s0/step1907
{'step': 1910, 'tokens': 500695040, 'lm_loss': 3.9799, 'aux_loss': 1.9998, 'z_loss': 0.0006, 'grad_norm': 0.5703, 'lr': 0.0002, 'tokens_per_sec': 324820.8991, 'mfu': 0.0992, 'expert_load_cv': 0.0306, 'min_expert_frac': 0.2429, 'dead_experts': 0, 'peak_vram_gb': 11.913}
{'step': 1920, 'tokens': 503316480, 'lm_loss': 3.9845, 'aux_loss': 1.9993, 'z_loss': 0.0006, 'grad_norm': 0.8086, 'lr': 0.0002, 'tokens_per_sec': 324824.2597, 'mfu': 0.0992, 'expert_load_cv': 0.0284, 'min_expert_frac': 0.2425, 'dead_experts': 0, 'peak_vram_gb': 11.913}
{'step': 1930, 'tokens': 505937920, 'lm_loss': 3.9623, 'aux_loss': 2.0, 'z_loss': 0.0006, 'grad_norm': 0.6641, 'lr': 0.0002, 'tokens_per_sec': 324820.8195, 'mfu': 0.0992, 'expert_load_cv': 0.0305, 'min_expert_frac': 0.2426, 'dead_experts': 0, 'peak_vram_gb': 11.913}
{'step': 1940, 'tokens': 508559360, 'lm_loss': 3.928, 'aux_loss': 2.0001, 'z_loss': 0.0006, 'grad_norm': 0.6172, 'lr': 0.0002, 'tokens_per_sec': 324817.6656, 'mfu': 0.0992, 'expert_load_cv': 0.0285, 'min_expert_frac': 0.2428, 'dead_experts': 0, 'peak_vram_gb': 11.913}
{'step': 1950, 'tokens': 511180800, 'lm_loss': 3.9828, 'aux_loss': 1.9995, 'z_loss': 0.0006, 'grad_norm': 0.6914, 'lr': 0.0002, 'tokens_per_sec': 324808.9478, 'mfu': 0.0992, 'expert_load_cv': 0.0296, 'min_expert_frac': 0.2425, 'dead_experts': 0, 'peak_vram_gb': 11.913}
{'step': 1960, 'tokens': 513802240, 'lm_loss': 4.0055, 'aux_loss': 1.9996, 'z_loss': 0.0006, 'grad_norm': 0.7695, 'lr': 0.0002, 'tokens_per_sec': 324812.6413, 'mfu': 0.0992, 'expert_load_cv': 0.0288, 'min_expert_frac': 0.2431, 'dead_experts': 0, 'peak_vram_gb': 11.913}
{'step': 1970, 'tokens': 516423680, 'lm_loss': 3.9715, 'aux_loss': 2.0, 'z_loss': 0.0006, 'grad_norm': 0.7227, 'lr': 0.0002, 'tokens_per_sec': 324819.6644, 'mfu': 0.0992, 'expert_load_cv': 0.029, 'min_expert_frac': 0.2433, 'dead_experts': 0, 'peak_vram_gb': 11.913}
{'step': 1980, 'tokens': 519045120, 'lm_loss': 3.953, 'aux_loss': 1.9993, 'z_loss': 0.0006, 'grad_norm': 0.6602, 'lr': 0.0002, 'tokens_per_sec': 324825.5207, 'mfu': 0.0992, 'expert_load_cv': 0.0284, 'min_expert_frac': 0.2428, 'dead_experts': 0, 'peak_vram_gb': 11.913}
{'step': 1990, 'tokens': 521666560, 'lm_loss': 4.0095, 'aux_loss': 1.9993, 'z_loss': 0.0006, 'grad_norm': 0.668, 'lr': 0.0002, 'tokens_per_sec': 324826.0676, 'mfu': 0.0992, 'expert_load_cv': 0.0278, 'min_expert_frac': 0.2433, 'dead_experts': 0, 'peak_vram_gb': 11.913}
{'step': 2000, 'tokens': 524288000, 'lm_loss': 3.9335, 'aux_loss': 1.9999, 'z_loss': 0.0006, 'grad_norm': 0.6953, 'lr': 0.0002, 'tokens_per_sec': 324828.0147, 'mfu': 0.0992, 'expert_load_cv': 0.0298, 'min_expert_frac': 0.2422, 'dead_experts': 0, 'peak_vram_gb': 11.913}
{'step': 2010, 'tokens': 526909440, 'lm_loss': 3.961, 'aux_loss': 1.9998, 'z_loss': 0.0006, 'grad_norm': 0.6758, 'lr': 0.0002, 'tokens_per_sec': 324830.0665, 'mfu': 0.0992, 'expert_load_cv': 0.0288, 'min_expert_frac': 0.2435, 'dead_experts': 0, 'peak_vram_gb': 11.913}
{'step': 2020, 'tokens': 529530880, 'lm_loss': 3.935, 'aux_loss': 2.0004, 'z_loss': 0.0006, 'grad_norm': 0.6523, 'lr': 0.0002, 'tokens_per_sec': 324834.6821, 'mfu': 0.0992, 'expert_load_cv': 0.0299, 'min_expert_frac': 0.2435, 'dead_experts': 0, 'peak_vram_gb': 11.913}
{'step': 2030, 'tokens': 532152320, 'lm_loss': 4.0041, 'aux_loss': 2.0005, 'z_loss': 0.0006, 'grad_norm': 0.543, 'lr': 0.0002, 'tokens_per_sec': 324831.9603, 'mfu': 0.0992, 'expert_load_cv': 0.0287, 'min_expert_frac': 0.2429, 'dead_experts': 0, 'peak_vram_gb': 11.913}
{'step': 2040, 'tokens': 534773760, 'lm_loss': 3.9065, 'aux_loss': 1.9992, 'z_loss': 0.0006, 'grad_norm': 0.7969, 'lr': 0.0002, 'tokens_per_sec': 324837.6234, 'mfu': 0.0992, 'expert_load_cv': 0.0295, 'min_expert_frac': 0.2434, 'dead_experts': 0, 'peak_vram_gb': 11.913}
{'step': 2050, 'tokens': 537395200, 'lm_loss': 3.9941, 'aux_loss': 2.0005, 'z_loss': 0.0006, 'grad_norm': 0.6719, 'lr': 0.0002, 'tokens_per_sec': 324845.1414, 'mfu': 0.0992, 'expert_load_cv': 0.03, 'min_expert_frac': 0.2432, 'dead_experts': 0, 'peak_vram_gb': 11.913}
{'step': 2060, 'tokens': 540016640, 'lm_loss': 3.9361, 'aux_loss': 1.9995, 'z_loss': 0.0006, 'grad_norm': 0.6055, 'lr': 0.0002, 'tokens_per_sec': 324853.1758, 'mfu': 0.0992, 'expert_load_cv': 0.0292, 'min_expert_frac': 0.2431, 'dead_experts': 0, 'peak_vram_gb': 11.913}
{'step': 2070, 'tokens': 542638080, 'lm_loss': 3.9764, 'aux_loss': 2.0001, 'z_loss': 0.0006, 'grad_norm': 0.6133, 'lr': 0.0002, 'tokens_per_sec': 324856.4749, 'mfu': 0.0992, 'expert_load_cv': 0.0291, 'min_expert_frac': 0.2424, 'dead_experts': 0, 'peak_vram_gb': 11.913}
{'step': 2080, 'tokens': 545259520, 'lm_loss': 3.9163, 'aux_loss': 1.9996, 'z_loss': 0.0006, 'grad_norm': 0.6445, 'lr': 0.0002, 'tokens_per_sec': 324863.0917, 'mfu': 0.0992, 'expert_load_cv': 0.0322, 'min_expert_frac': 0.2427, 'dead_experts': 0, 'peak_vram_gb': 11.913}
{'step': 2090, 'tokens': 547880960, 'lm_loss': 3.9408, 'aux_loss': 1.9999, 'z_loss': 0.0006, 'grad_norm': 0.6719, 'lr': 0.0002, 'tokens_per_sec': 324868.7864, 'mfu': 0.0992, 'expert_load_cv': 0.0298, 'min_expert_frac': 0.2429, 'dead_experts': 0, 'peak_vram_gb': 11.913}
{'step': 2100, 'tokens': 550502400, 'lm_loss': 3.9449, 'aux_loss': 2.0004, 'z_loss': 0.0006, 'grad_norm': 0.6758, 'lr': 0.0002, 'tokens_per_sec': 324877.5318, 'mfu': 0.0992, 'expert_load_cv': 0.029, 'min_expert_frac': 0.243, 'dead_experts': 0, 'peak_vram_gb': 11.913}
{'step': 2110, 'tokens': 553123840, 'lm_loss': 3.9163, 'aux_loss': 2.0016, 'z_loss': 0.0006, 'grad_norm': 0.6367, 'lr': 0.0002, 'tokens_per_sec': 324886.2314, 'mfu': 0.0992, 'expert_load_cv': 0.0289, 'min_expert_frac': 0.2424, 'dead_experts': 0, 'peak_vram_gb': 11.913}
{'step': 2120, 'tokens': 555745280, 'lm_loss': 3.9413, 'aux_loss': 1.9994, 'z_loss': 0.0006, 'grad_norm': 0.5859, 'lr': 0.0002, 'tokens_per_sec': 324893.1443, 'mfu': 0.0992, 'expert_load_cv': 0.0285, 'min_expert_frac': 0.2435, 'dead_experts': 0, 'peak_vram_gb': 11.913}
{'step': 2130, 'tokens': 558366720, 'lm_loss': 3.9509, 'aux_loss': 1.9996, 'z_loss': 0.0006, 'grad_norm': 0.5742, 'lr': 0.0002, 'tokens_per_sec': 324897.8278, 'mfu': 0.0992, 'expert_load_cv': 0.0289, 'min_expert_frac': 0.2436, 'dead_experts': 0, 'peak_vram_gb': 11.913}
{'step': 2140, 'tokens': 560988160, 'lm_loss': 3.9926, 'aux_loss': 1.9987, 'z_loss': 0.0006, 'grad_norm': 0.6367, 'lr': 0.0002, 'tokens_per_sec': 324898.5611, 'mfu': 0.0992, 'expert_load_cv': 0.0285, 'min_expert_frac': 0.243, 'dead_experts': 0, 'peak_vram_gb': 11.913}
{'step': 2150, 'tokens': 563609600, 'lm_loss': 3.9811, 'aux_loss': 1.999, 'z_loss': 0.0006, 'grad_norm': 0.6328, 'lr': 0.0002, 'tokens_per_sec': 324906.4638, 'mfu': 0.0992, 'expert_load_cv': 0.0284, 'min_expert_frac': 0.2432, 'dead_experts': 0, 'peak_vram_gb': 11.913}
{'step': 2160, 'tokens': 566231040, 'lm_loss': 3.9587, 'aux_loss': 1.9983, 'z_loss': 0.0006, 'grad_norm': 0.6289, 'lr': 0.0002, 'tokens_per_sec': 324905.6638, 'mfu': 0.0992, 'expert_load_cv': 0.0297, 'min_expert_frac': 0.2427, 'dead_experts': 0, 'peak_vram_gb': 11.913}
{'step': 2170, 'tokens': 568852480, 'lm_loss': 3.9613, 'aux_loss': 2.0, 'z_loss': 0.0006, 'grad_norm': 0.5742, 'lr': 0.0002, 'tokens_per_sec': 324901.8255, 'mfu': 0.0992, 'expert_load_cv': 0.029, 'min_expert_frac': 0.2429, 'dead_experts': 0, 'peak_vram_gb': 11.913}
{'step': 2180, 'tokens': 571473920, 'lm_loss': 3.8845, 'aux_loss': 1.9999, 'z_loss': 0.0006, 'grad_norm': 0.6719, 'lr': 0.0002, 'tokens_per_sec': 324906.4291, 'mfu': 0.0992, 'expert_load_cv': 0.0304, 'min_expert_frac': 0.2427, 'dead_experts': 0, 'peak_vram_gb': 11.913}
{'step': 2190, 'tokens': 574095360, 'lm_loss': 3.957, 'aux_loss': 1.9995, 'z_loss': 0.0006, 'grad_norm': 0.5977, 'lr': 0.0002, 'tokens_per_sec': 324902.5597, 'mfu': 0.0992, 'expert_load_cv': 0.0304, 'min_expert_frac': 0.2429, 'dead_experts': 0, 'peak_vram_gb': 11.913}
{'step': 2200, 'tokens': 576716800, 'lm_loss': 3.9334, 'aux_loss': 2.0003, 'z_loss': 0.0006, 'grad_norm': 0.6289, 'lr': 0.0002, 'tokens_per_sec': 324901.4142, 'mfu': 0.0992, 'expert_load_cv': 0.0298, 'min_expert_frac': 0.2433, 'dead_experts': 0, 'peak_vram_gb': 11.913}
{'step': 2210, 'tokens': 579338240, 'lm_loss': 3.9272, 'aux_loss': 1.9985, 'z_loss': 0.0005, 'grad_norm': 0.6133, 'lr': 0.0002, 'tokens_per_sec': 324901.4966, 'mfu': 0.0992, 'expert_load_cv': 0.0298, 'min_expert_frac': 0.2427, 'dead_experts': 0, 'peak_vram_gb': 11.913}
{'step': 2220, 'tokens': 581959680, 'lm_loss': 3.9229, 'aux_loss': 2.0003, 'z_loss': 0.0006, 'grad_norm': 0.5898, 'lr': 0.0002, 'tokens_per_sec': 324897.5496, 'mfu': 0.0992, 'expert_load_cv': 0.0302, 'min_expert_frac': 0.2428, 'dead_experts': 0, 'peak_vram_gb': 11.913}
{'step': 2230, 'tokens': 584581120, 'lm_loss': 3.9492, 'aux_loss': 1.9997, 'z_loss': 0.0005, 'grad_norm': 0.6406, 'lr': 0.0002, 'tokens_per_sec': 324893.4433, 'mfu': 0.0992, 'expert_load_cv': 0.0315, 'min_expert_frac': 0.2425, 'dead_experts': 0, 'peak_vram_gb': 11.913}
{'step': 2240, 'tokens': 587202560, 'lm_loss': 3.9222, 'aux_loss': 1.9992, 'z_loss': 0.0005, 'grad_norm': 0.5938, 'lr': 0.0002, 'tokens_per_sec': 324899.9633, 'mfu': 0.0992, 'expert_load_cv': 0.0284, 'min_expert_frac': 0.2435, 'dead_experts': 0, 'peak_vram_gb': 11.913}
{'step': 2250, 'tokens': 589824000, 'lm_loss': 3.963, 'aux_loss': 1.9987, 'z_loss': 0.0005, 'grad_norm': 0.625, 'lr': 0.0001, 'tokens_per_sec': 324904.4404, 'mfu': 0.0992, 'expert_load_cv': 0.0292, 'min_expert_frac': 0.2427, 'dead_experts': 0, 'peak_vram_gb': 11.913}
{'step': 2260, 'tokens': 592445440, 'lm_loss': 3.8945, 'aux_loss': 1.9991, 'z_loss': 0.0006, 'grad_norm': 0.5508, 'lr': 0.0001, 'tokens_per_sec': 324907.0676, 'mfu': 0.0992, 'expert_load_cv': 0.0308, 'min_expert_frac': 0.2429, 'dead_experts': 0, 'peak_vram_gb': 11.913}
{'step': 2270, 'tokens': 595066880, 'lm_loss': 3.8934, 'aux_loss': 2.0009, 'z_loss': 0.0005, 'grad_norm': 0.6211, 'lr': 0.0001, 'tokens_per_sec': 324903.7206, 'mfu': 0.0992, 'expert_load_cv': 0.0316, 'min_expert_frac': 0.2422, 'dead_experts': 0, 'peak_vram_gb': 11.913}
{'step': 2280, 'tokens': 597688320, 'lm_loss': 3.9172, 'aux_loss': 1.9999, 'z_loss': 0.0005, 'grad_norm': 0.5977, 'lr': 0.0001, 'tokens_per_sec': 324901.7321, 'mfu': 0.0992, 'expert_load_cv': 0.0309, 'min_expert_frac': 0.243, 'dead_experts': 0, 'peak_vram_gb': 11.913}
{'step': 2290, 'tokens': 600309760, 'lm_loss': 4.0002, 'aux_loss': 1.9998, 'z_loss': 0.0005, 'grad_norm': 0.5547, 'lr': 0.0001, 'tokens_per_sec': 324898.7749, 'mfu': 0.0992, 'expert_load_cv': 0.0323, 'min_expert_frac': 0.2434, 'dead_experts': 0, 'peak_vram_gb': 11.913}
{'step': 2300, 'tokens': 602931200, 'lm_loss': 3.8815, 'aux_loss': 2.0006, 'z_loss': 0.0005, 'grad_norm': 0.6094, 'lr': 0.0001, 'tokens_per_sec': 324895.4239, 'mfu': 0.0992, 'expert_load_cv': 0.0293, 'min_expert_frac': 0.2433, 'dead_experts': 0, 'peak_vram_gb': 11.913}
{'step': 2310, 'tokens': 605552640, 'lm_loss': 3.9086, 'aux_loss': 1.9987, 'z_loss': 0.0005, 'grad_norm': 0.5508, 'lr': 0.0001, 'tokens_per_sec': 324883.7661, 'mfu': 0.0992, 'expert_load_cv': 0.0291, 'min_expert_frac': 0.2433, 'dead_experts': 0, 'peak_vram_gb': 11.913}
{'step': 2320, 'tokens': 608174080, 'lm_loss': 3.9672, 'aux_loss': 1.9994, 'z_loss': 0.0005, 'grad_norm': 0.6133, 'lr': 0.0001, 'tokens_per_sec': 324880.0109, 'mfu': 0.0992, 'expert_load_cv': 0.0287, 'min_expert_frac': 0.2432, 'dead_experts': 0, 'peak_vram_gb': 11.913}
{'step': 2330, 'tokens': 610795520, 'lm_loss': 3.8986, 'aux_loss': 1.9999, 'z_loss': 0.0005, 'grad_norm': 0.5625, 'lr': 0.0001, 'tokens_per_sec': 324886.7833, 'mfu': 0.0992, 'expert_load_cv': 0.03, 'min_expert_frac': 0.2433, 'dead_experts': 0, 'peak_vram_gb': 11.913}
{'step': 2340, 'tokens': 613416960, 'lm_loss': 3.9414, 'aux_loss': 2.0001, 'z_loss': 0.0005, 'grad_norm': 0.6055, 'lr': 0.0001, 'tokens_per_sec': 324893.4043, 'mfu': 0.0992, 'expert_load_cv': 0.031, 'min_expert_frac': 0.2431, 'dead_experts': 0, 'peak_vram_gb': 11.913}
{'step': 2350, 'tokens': 616038400, 'lm_loss': 3.8981, 'aux_loss': 1.999, 'z_loss': 0.0005, 'grad_norm': 0.6758, 'lr': 0.0001, 'tokens_per_sec': 324894.5568, 'mfu': 0.0992, 'expert_load_cv': 0.0304, 'min_expert_frac': 0.243, 'dead_experts': 0, 'peak_vram_gb': 11.913}
{'step': 2360, 'tokens': 618659840, 'lm_loss': 3.9948, 'aux_loss': 1.9993, 'z_loss': 0.0005, 'grad_norm': 0.5898, 'lr': 0.0001, 'tokens_per_sec': 324898.169, 'mfu': 0.0992, 'expert_load_cv': 0.0306, 'min_expert_frac': 0.2427, 'dead_experts': 0, 'peak_vram_gb': 11.913}
{'step': 2370, 'tokens': 621281280, 'lm_loss': 3.9134, 'aux_loss': 1.9994, 'z_loss': 0.0005, 'grad_norm': 0.625, 'lr': 0.0001, 'tokens_per_sec': 324902.971, 'mfu': 0.0992, 'expert_load_cv': 0.029, 'min_expert_frac': 0.244, 'dead_experts': 0, 'peak_vram_gb': 11.913}
{'step': 2380, 'tokens': 623902720, 'lm_loss': 3.8931, 'aux_loss': 2.0004, 'z_loss': 0.0005, 'grad_norm': 0.5352, 'lr': 0.0001, 'tokens_per_sec': 324900.8923, 'mfu': 0.0992, 'expert_load_cv': 0.0291, 'min_expert_frac': 0.2436, 'dead_experts': 0, 'peak_vram_gb': 11.913}
{'step': 2390, 'tokens': 626524160, 'lm_loss': 3.905, 'aux_loss': 1.9994, 'z_loss': 0.0005, 'grad_norm': 0.5781, 'lr': 0.0001, 'tokens_per_sec': 324903.3459, 'mfu': 0.0992, 'expert_load_cv': 0.0284, 'min_expert_frac': 0.2428, 'dead_experts': 0, 'peak_vram_gb': 11.913}
{'step': 2400, 'tokens': 629145600, 'lm_loss': 3.9066, 'aux_loss': 1.9987, 'z_loss': 0.0005, 'grad_norm': 0.6094, 'lr': 0.0001, 'tokens_per_sec': 324900.941, 'mfu': 0.0992, 'expert_load_cv': 0.0293, 'min_expert_frac': 0.2429, 'dead_experts': 0, 'peak_vram_gb': 11.913}
{'step': 2410, 'tokens': 631767040, 'lm_loss': 3.8621, 'aux_loss': 2.0, 'z_loss': 0.0005, 'grad_norm': 0.6641, 'lr': 0.0001, 'tokens_per_sec': 324904.0158, 'mfu': 0.0992, 'expert_load_cv': 0.0286, 'min_expert_frac': 0.2429, 'dead_experts': 0, 'peak_vram_gb': 11.913}
{'step': 2420, 'tokens': 634388480, 'lm_loss': 3.9168, 'aux_loss': 2.0, 'z_loss': 0.0005, 'grad_norm': 0.5352, 'lr': 0.0001, 'tokens_per_sec': 324904.7074, 'mfu': 0.0992, 'expert_load_cv': 0.0299, 'min_expert_frac': 0.2434, 'dead_experts': 0, 'peak_vram_gb': 11.913}
{'step': 2430, 'tokens': 637009920, 'lm_loss': 3.9651, 'aux_loss': 1.9992, 'z_loss': 0.0005, 'grad_norm': 0.6328, 'lr': 0.0001, 'tokens_per_sec': 324900.7927, 'mfu': 0.0992, 'expert_load_cv': 0.0298, 'min_expert_frac': 0.2434, 'dead_experts': 0, 'peak_vram_gb': 11.913}
{'step': 2440, 'tokens': 639631360, 'lm_loss': 3.9302, 'aux_loss': 1.9998, 'z_loss': 0.0005, 'grad_norm': 0.5742, 'lr': 0.0001, 'tokens_per_sec': 324897.0943, 'mfu': 0.0992, 'expert_load_cv': 0.029, 'min_expert_frac': 0.2428, 'dead_experts': 0, 'peak_vram_gb': 11.913}
{'step': 2450, 'tokens': 642252800, 'lm_loss': 3.9254, 'aux_loss': 1.9995, 'z_loss': 0.0005, 'grad_norm': 0.5742, 'lr': 0.0001, 'tokens_per_sec': 324896.5148, 'mfu': 0.0992, 'expert_load_cv': 0.0293, 'min_expert_frac': 0.2431, 'dead_experts': 0, 'peak_vram_gb': 11.913}
{'step': 2460, 'tokens': 644874240, 'lm_loss': 3.9362, 'aux_loss': 1.9997, 'z_loss': 0.0005, 'grad_norm': 0.6523, 'lr': 0.0001, 'tokens_per_sec': 324899.246, 'mfu': 0.0992, 'expert_load_cv': 0.0317, 'min_expert_frac': 0.2431, 'dead_experts': 0, 'peak_vram_gb': 11.913}
{'step': 2470, 'tokens': 647495680, 'lm_loss': 3.8971, 'aux_loss': 2.0001, 'z_loss': 0.0005, 'grad_norm': 0.5703, 'lr': 0.0001, 'tokens_per_sec': 324896.4721, 'mfu': 0.0992, 'expert_load_cv': 0.0296, 'min_expert_frac': 0.2433, 'dead_experts': 0, 'peak_vram_gb': 11.913}
{'step': 2480, 'tokens': 650117120, 'lm_loss': 3.8611, 'aux_loss': 2.0001, 'z_loss': 0.0005, 'grad_norm': 0.5469, 'lr': 0.0001, 'tokens_per_sec': 324892.343, 'mfu': 0.0992, 'expert_load_cv': 0.0294, 'min_expert_frac': 0.2429, 'dead_experts': 0, 'peak_vram_gb': 11.913}
{'step': 2490, 'tokens': 652738560, 'lm_loss': 3.8841, 'aux_loss': 2.0001, 'z_loss': 0.0005, 'grad_norm': 0.543, 'lr': 0.0001, 'tokens_per_sec': 324891.305, 'mfu': 0.0992, 'expert_load_cv': 0.0303, 'min_expert_frac': 0.2434, 'dead_experts': 0, 'peak_vram_gb': 11.913}
{'step': 2500, 'tokens': 655360000, 'lm_loss': 3.9147, 'aux_loss': 1.9994, 'z_loss': 0.0005, 'grad_norm': 0.5273, 'lr': 0.0001, 'tokens_per_sec': 324893.054, 'mfu': 0.0992, 'expert_load_cv': 0.0294, 'min_expert_frac': 0.2428, 'dead_experts': 0, 'peak_vram_gb': 11.913}
{'step': 2510, 'tokens': 657981440, 'lm_loss': 3.8744, 'aux_loss': 2.0002, 'z_loss': 0.0005, 'grad_norm': 0.6055, 'lr': 0.0001, 'tokens_per_sec': 324892.4887, 'mfu': 0.0992, 'expert_load_cv': 0.0306, 'min_expert_frac': 0.2428, 'dead_experts': 0, 'peak_vram_gb': 11.913}
{'step': 2520, 'tokens': 660602880, 'lm_loss': 3.9124, 'aux_loss': 1.9991, 'z_loss': 0.0005, 'grad_norm': 0.6367, 'lr': 0.0001, 'tokens_per_sec': 324890.4917, 'mfu': 0.0992, 'expert_load_cv': 0.031, 'min_expert_frac': 0.2433, 'dead_experts': 0, 'peak_vram_gb': 11.913}
{'step': 2530, 'tokens': 663224320, 'lm_loss': 3.9054, 'aux_loss': 1.9995, 'z_loss': 0.0005, 'grad_norm': 0.6758, 'lr': 0.0001, 'tokens_per_sec': 324892.1213, 'mfu': 0.0992, 'expert_load_cv': 0.0284, 'min_expert_frac': 0.2432, 'dead_experts': 0, 'peak_vram_gb': 11.913}
{'step': 2540, 'tokens': 665845760, 'lm_loss': 3.9646, 'aux_loss': 2.0005, 'z_loss': 0.0005, 'grad_norm': 0.4785, 'lr': 0.0001, 'tokens_per_sec': 324893.8443, 'mfu': 0.0992, 'expert_load_cv': 0.031, 'min_expert_frac': 0.2425, 'dead_experts': 0, 'peak_vram_gb': 11.913}
{'step': 2550, 'tokens': 668467200, 'lm_loss': 3.8914, 'aux_loss': 2.0, 'z_loss': 0.0005, 'grad_norm': 0.5039, 'lr': 0.0001, 'tokens_per_sec': 324897.368, 'mfu': 0.0992, 'expert_load_cv': 0.0293, 'min_expert_frac': 0.2432, 'dead_experts': 0, 'peak_vram_gb': 11.913}
{'step': 2560, 'tokens': 671088640, 'lm_loss': 3.9135, 'aux_loss': 1.9995, 'z_loss': 0.0005, 'grad_norm': 0.543, 'lr': 0.0001, 'tokens_per_sec': 324896.8303, 'mfu': 0.0992, 'expert_load_cv': 0.0282, 'min_expert_frac': 0.2432, 'dead_experts': 0, 'peak_vram_gb': 11.913}
{'step': 2570, 'tokens': 673710080, 'lm_loss': 3.9311, 'aux_loss': 2.0001, 'z_loss': 0.0005, 'grad_norm': 0.5156, 'lr': 0.0001, 'tokens_per_sec': 324899.3259, 'mfu': 0.0992, 'expert_load_cv': 0.031, 'min_expert_frac': 0.2427, 'dead_experts': 0, 'peak_vram_gb': 11.913}
{'step': 2580, 'tokens': 676331520, 'lm_loss': 3.9157, 'aux_loss': 1.9992, 'z_loss': 0.0005, 'grad_norm': 0.6367, 'lr': 0.0001, 'tokens_per_sec': 324899.5493, 'mfu': 0.0992, 'expert_load_cv': 0.0323, 'min_expert_frac': 0.2425, 'dead_experts': 0, 'peak_vram_gb': 11.913}
{'step': 2590, 'tokens': 678952960, 'lm_loss': 3.9107, 'aux_loss': 2.0005, 'z_loss': 0.0005, 'grad_norm': 0.5234, 'lr': 0.0001, 'tokens_per_sec': 324901.0787, 'mfu': 0.0992, 'expert_load_cv': 0.03, 'min_expert_frac': 0.2433, 'dead_experts': 0, 'peak_vram_gb': 11.913}
{'step': 2600, 'tokens': 681574400, 'lm_loss': 3.9203, 'aux_loss': 2.0001, 'z_loss': 0.0005, 'grad_norm': 0.6328, 'lr': 0.0001, 'tokens_per_sec': 324898.8877, 'mfu': 0.0992, 'expert_load_cv': 0.0311, 'min_expert_frac': 0.2428, 'dead_experts': 0, 'peak_vram_gb': 11.913}
{'step': 2610, 'tokens': 684195840, 'lm_loss': 3.9127, 'aux_loss': 2.0004, 'z_loss': 0.0005, 'grad_norm': 0.5742, 'lr': 0.0001, 'tokens_per_sec': 324895.8953, 'mfu': 0.0992, 'expert_load_cv': 0.0292, 'min_expert_frac': 0.2432, 'dead_experts': 0, 'peak_vram_gb': 11.913}
{'step': 2620, 'tokens': 686817280, 'lm_loss': 3.9022, 'aux_loss': 2.0011, 'z_loss': 0.0005, 'grad_norm': 0.7461, 'lr': 0.0001, 'tokens_per_sec': 324897.1933, 'mfu': 0.0992, 'expert_load_cv': 0.0301, 'min_expert_frac': 0.2428, 'dead_experts': 0, 'peak_vram_gb': 11.913}
{'step': 2630, 'tokens': 689438720, 'lm_loss': 3.881, 'aux_loss': 1.9996, 'z_loss': 0.0005, 'grad_norm': 0.6094, 'lr': 0.0001, 'tokens_per_sec': 324901.6323, 'mfu': 0.0992, 'expert_load_cv': 0.0303, 'min_expert_frac': 0.243, 'dead_experts': 0, 'peak_vram_gb': 11.913}
{'step': 2640, 'tokens': 692060160, 'lm_loss': 3.9181, 'aux_loss': 2.001, 'z_loss': 0.0005, 'grad_norm': 0.5586, 'lr': 0.0001, 'tokens_per_sec': 324904.3533, 'mfu': 0.0992, 'expert_load_cv': 0.0301, 'min_expert_frac': 0.243, 'dead_experts': 0, 'peak_vram_gb': 11.913}
{'step': 2650, 'tokens': 694681600, 'lm_loss': 3.9233, 'aux_loss': 1.9995, 'z_loss': 0.0005, 'grad_norm': 0.4863, 'lr': 0.0001, 'tokens_per_sec': 324907.1995, 'mfu': 0.0992, 'expert_load_cv': 0.0302, 'min_expert_frac': 0.2428, 'dead_experts': 0, 'peak_vram_gb': 11.913}
{'step': 2660, 'tokens': 697303040, 'lm_loss': 3.9431, 'aux_loss': 1.9988, 'z_loss': 0.0005, 'grad_norm': 0.5117, 'lr': 0.0001, 'tokens_per_sec': 324904.464, 'mfu': 0.0992, 'expert_load_cv': 0.0298, 'min_expert_frac': 0.2428, 'dead_experts': 0, 'peak_vram_gb': 11.913}
{'step': 2670, 'tokens': 699924480, 'lm_loss': 3.9282, 'aux_loss': 1.9987, 'z_loss': 0.0005, 'grad_norm': 0.6367, 'lr': 0.0001, 'tokens_per_sec': 324906.844, 'mfu': 0.0992, 'expert_load_cv': 0.0298, 'min_expert_frac': 0.2425, 'dead_experts': 0, 'peak_vram_gb': 11.913}
{'step': 2680, 'tokens': 702545920, 'lm_loss': 3.8973, 'aux_loss': 1.999, 'z_loss': 0.0005, 'grad_norm': 0.5234, 'lr': 0.0001, 'tokens_per_sec': 324914.2929, 'mfu': 0.0992, 'expert_load_cv': 0.0305, 'min_expert_frac': 0.2423, 'dead_experts': 0, 'peak_vram_gb': 11.913}
{'step': 2690, 'tokens': 705167360, 'lm_loss': 3.8739, 'aux_loss': 1.9999, 'z_loss': 0.0005, 'grad_norm': 0.5078, 'lr': 0.0001, 'tokens_per_sec': 324921.5427, 'mfu': 0.0992, 'expert_load_cv': 0.0302, 'min_expert_frac': 0.2426, 'dead_experts': 0, 'peak_vram_gb': 11.913}
{'step': 2700, 'tokens': 707788800, 'lm_loss': 3.9224, 'aux_loss': 1.9999, 'z_loss': 0.0005, 'grad_norm': 0.543, 'lr': 0.0001, 'tokens_per_sec': 324927.745, 'mfu': 0.0992, 'expert_load_cv': 0.0283, 'min_expert_frac': 0.2431, 'dead_experts': 0, 'peak_vram_gb': 11.913}
{'step': 2710, 'tokens': 710410240, 'lm_loss': 3.9184, 'aux_loss': 2.0, 'z_loss': 0.0005, 'grad_norm': 0.5078, 'lr': 0.0001, 'tokens_per_sec': 324932.7803, 'mfu': 0.0992, 'expert_load_cv': 0.0295, 'min_expert_frac': 0.2435, 'dead_experts': 0, 'peak_vram_gb': 11.913}
{'step': 2720, 'tokens': 713031680, 'lm_loss': 3.8615, 'aux_loss': 2.0003, 'z_loss': 0.0005, 'grad_norm': 0.5156, 'lr': 0.0001, 'tokens_per_sec': 324938.0311, 'mfu': 0.0992, 'expert_load_cv': 0.0312, 'min_expert_frac': 0.2427, 'dead_experts': 0, 'peak_vram_gb': 11.913}
{'step': 2730, 'tokens': 715653120, 'lm_loss': 3.9486, 'aux_loss': 1.9991, 'z_loss': 0.0005, 'grad_norm': 0.5469, 'lr': 0.0001, 'tokens_per_sec': 324939.2651, 'mfu': 0.0992, 'expert_load_cv': 0.0318, 'min_expert_frac': 0.242, 'dead_experts': 0, 'peak_vram_gb': 11.913}
{'step': 2740, 'tokens': 718274560, 'lm_loss': 3.9474, 'aux_loss': 1.9999, 'z_loss': 0.0005, 'grad_norm': 0.5586, 'lr': 0.0001, 'tokens_per_sec': 324938.5857, 'mfu': 0.0992, 'expert_load_cv': 0.0293, 'min_expert_frac': 0.243, 'dead_experts': 0, 'peak_vram_gb': 11.913}
{'step': 2750, 'tokens': 720896000, 'lm_loss': 3.8716, 'aux_loss': 2.0003, 'z_loss': 0.0005, 'grad_norm': 0.5508, 'lr': 0.0001, 'tokens_per_sec': 324942.2491, 'mfu': 0.0992, 'expert_load_cv': 0.0304, 'min_expert_frac': 0.2431, 'dead_experts': 0, 'peak_vram_gb': 11.913}
{'step': 2760, 'tokens': 723517440, 'lm_loss': 3.8946, 'aux_loss': 2.0003, 'z_loss': 0.0005, 'grad_norm': 0.4688, 'lr': 0.0001, 'tokens_per_sec': 324925.618, 'mfu': 0.0992, 'expert_load_cv': 0.0315, 'min_expert_frac': 0.2429, 'dead_experts': 0, 'peak_vram_gb': 11.913}
{'step': 2770, 'tokens': 726138880, 'lm_loss': 3.885, 'aux_loss': 1.9993, 'z_loss': 0.0005, 'grad_norm': 0.4961, 'lr': 0.0001, 'tokens_per_sec': 324921.5227, 'mfu': 0.0992, 'expert_load_cv': 0.0298, 'min_expert_frac': 0.2431, 'dead_experts': 0, 'peak_vram_gb': 11.913}
{'step': 2780, 'tokens': 728760320, 'lm_loss': 3.9503, 'aux_loss': 2.0005, 'z_loss': 0.0005, 'grad_norm': 0.459, 'lr': 0.0001, 'tokens_per_sec': 324919.0387, 'mfu': 0.0992, 'expert_load_cv': 0.0307, 'min_expert_frac': 0.2429, 'dead_experts': 0, 'peak_vram_gb': 11.913}
{'step': 2790, 'tokens': 731381760, 'lm_loss': 3.9114, 'aux_loss': 1.9987, 'z_loss': 0.0005, 'grad_norm': 0.4922, 'lr': 0.0001, 'tokens_per_sec': 324913.3288, 'mfu': 0.0992, 'expert_load_cv': 0.0297, 'min_expert_frac': 0.2429, 'dead_experts': 0, 'peak_vram_gb': 11.913}
{'step': 2800, 'tokens': 734003200, 'lm_loss': 3.8208, 'aux_loss': 1.9993, 'z_loss': 0.0005, 'grad_norm': 0.5117, 'lr': 0.0001, 'tokens_per_sec': 324912.8964, 'mfu': 0.0992, 'expert_load_cv': 0.031, 'min_expert_frac': 0.2433, 'dead_experts': 0, 'peak_vram_gb': 11.913}
{'step': 2810, 'tokens': 736624640, 'lm_loss': 3.854, 'aux_loss': 2.0002, 'z_loss': 0.0005, 'grad_norm': 0.4746, 'lr': 0.0001, 'tokens_per_sec': 324917.1041, 'mfu': 0.0992, 'expert_load_cv': 0.0305, 'min_expert_frac': 0.2433, 'dead_experts': 0, 'peak_vram_gb': 11.913}
{'step': 2820, 'tokens': 739246080, 'lm_loss': 3.8919, 'aux_loss': 1.999, 'z_loss': 0.0005, 'grad_norm': 0.4668, 'lr': 0.0001, 'tokens_per_sec': 324918.8985, 'mfu': 0.0992, 'expert_load_cv': 0.0296, 'min_expert_frac': 0.2429, 'dead_experts': 0, 'peak_vram_gb': 11.913}
{'step': 2830, 'tokens': 741867520, 'lm_loss': 3.9148, 'aux_loss': 1.9997, 'z_loss': 0.0005, 'grad_norm': 0.5117, 'lr': 0.0001, 'tokens_per_sec': 324921.9158, 'mfu': 0.0992, 'expert_load_cv': 0.0301, 'min_expert_frac': 0.2429, 'dead_experts': 0, 'peak_vram_gb': 11.913}
{'step': 2840, 'tokens': 744488960, 'lm_loss': 3.8755, 'aux_loss': 1.999, 'z_loss': 0.0005, 'grad_norm': 0.4863, 'lr': 0.0001, 'tokens_per_sec': 324919.4915, 'mfu': 0.0992, 'expert_load_cv': 0.0303, 'min_expert_frac': 0.2431, 'dead_experts': 0, 'peak_vram_gb': 11.913}
{'step': 2850, 'tokens': 747110400, 'lm_loss': 3.9128, 'aux_loss': 1.999, 'z_loss': 0.0005, 'grad_norm': 0.5156, 'lr': 0.0001, 'tokens_per_sec': 324915.45, 'mfu': 0.0992, 'expert_load_cv': 0.0306, 'min_expert_frac': 0.2429, 'dead_experts': 0, 'peak_vram_gb': 11.913}
{'step': 2860, 'tokens': 749731840, 'lm_loss': 3.91, 'aux_loss': 1.9994, 'z_loss': 0.0005, 'grad_norm': 0.4766, 'lr': 0.0001, 'tokens_per_sec': 324911.7836, 'mfu': 0.0992, 'expert_load_cv': 0.03, 'min_expert_frac': 0.2425, 'dead_experts': 0, 'peak_vram_gb': 11.913}
Writing model shards:   0%|          | 0/1 [00:00<?, ?it/s]Writing model shards: 100%|██████████| 1/1 [00:00<00:00, 19.69it/s]
  saved runs/seedvar_E4_s0/step2860
{'step': 2870, 'tokens': 752353280, 'lm_loss': 3.9086, 'aux_loss': 2.0004, 'z_loss': 0.0005, 'grad_norm': 0.4512, 'lr': 0.0001, 'tokens_per_sec': 324901.7175, 'mfu': 0.0992, 'expert_load_cv': 0.0302, 'min_expert_frac': 0.2428, 'dead_experts': 0, 'peak_vram_gb': 11.913}
{'step': 2880, 'tokens': 754974720, 'lm_loss': 3.8613, 'aux_loss': 1.9995, 'z_loss': 0.0005, 'grad_norm': 0.4766, 'lr': 0.0001, 'tokens_per_sec': 324903.8223, 'mfu': 0.0992, 'expert_load_cv': 0.0308, 'min_expert_frac': 0.2433, 'dead_experts': 0, 'peak_vram_gb': 11.913}
{'step': 2890, 'tokens': 757596160, 'lm_loss': 3.9195, 'aux_loss': 1.9989, 'z_loss': 0.0005, 'grad_norm': 0.5078, 'lr': 0.0001, 'tokens_per_sec': 324908.2463, 'mfu': 0.0992, 'expert_load_cv': 0.0304, 'min_expert_frac': 0.2429, 'dead_experts': 0, 'peak_vram_gb': 11.913}
{'step': 2900, 'tokens': 760217600, 'lm_loss': 3.9691, 'aux_loss': 2.0003, 'z_loss': 0.0005, 'grad_norm': 0.5078, 'lr': 0.0001, 'tokens_per_sec': 324908.6028, 'mfu': 0.0992, 'expert_load_cv': 0.0296, 'min_expert_frac': 0.243, 'dead_experts': 0, 'peak_vram_gb': 11.913}
{'step': 2910, 'tokens': 762839040, 'lm_loss': 3.8777, 'aux_loss': 2.0001, 'z_loss': 0.0005, 'grad_norm': 0.4473, 'lr': 0.0001, 'tokens_per_sec': 324911.589, 'mfu': 0.0992, 'expert_load_cv': 0.0302, 'min_expert_frac': 0.2429, 'dead_experts': 0, 'peak_vram_gb': 11.913}
{'step': 2920, 'tokens': 765460480, 'lm_loss': 3.8223, 'aux_loss': 1.9997, 'z_loss': 0.0005, 'grad_norm': 0.4531, 'lr': 0.0001, 'tokens_per_sec': 324918.4003, 'mfu': 0.0992, 'expert_load_cv': 0.0297, 'min_expert_frac': 0.2426, 'dead_experts': 0, 'peak_vram_gb': 11.913}
{'step': 2930, 'tokens': 768081920, 'lm_loss': 3.8874, 'aux_loss': 1.9992, 'z_loss': 0.0005, 'grad_norm': 0.498, 'lr': 0.0001, 'tokens_per_sec': 324920.1702, 'mfu': 0.0992, 'expert_load_cv': 0.0302, 'min_expert_frac': 0.2427, 'dead_experts': 0, 'peak_vram_gb': 11.913}
{'step': 2940, 'tokens': 770703360, 'lm_loss': 3.8618, 'aux_loss': 1.9997, 'z_loss': 0.0005, 'grad_norm': 0.4648, 'lr': 0.0001, 'tokens_per_sec': 324922.774, 'mfu': 0.0992, 'expert_load_cv': 0.0305, 'min_expert_frac': 0.2426, 'dead_experts': 0, 'peak_vram_gb': 11.913}
{'step': 2950, 'tokens': 773324800, 'lm_loss': 3.9042, 'aux_loss': 2.0, 'z_loss': 0.0005, 'grad_norm': 0.4785, 'lr': 0.0001, 'tokens_per_sec': 324926.7988, 'mfu': 0.0992, 'expert_load_cv': 0.0313, 'min_expert_frac': 0.2425, 'dead_experts': 0, 'peak_vram_gb': 11.913}
{'step': 2960, 'tokens': 775946240, 'lm_loss': 3.8177, 'aux_loss': 1.9999, 'z_loss': 0.0005, 'grad_norm': 0.4688, 'lr': 0.0, 'tokens_per_sec': 324925.7019, 'mfu': 0.0992, 'expert_load_cv': 0.0313, 'min_expert_frac': 0.2427, 'dead_experts': 0, 'peak_vram_gb': 11.913}
{'step': 2970, 'tokens': 778567680, 'lm_loss': 3.8335, 'aux_loss': 2.0003, 'z_loss': 0.0005, 'grad_norm': 0.4395, 'lr': 0.0, 'tokens_per_sec': 324915.4819, 'mfu': 0.0992, 'expert_load_cv': 0.0302, 'min_expert_frac': 0.2431, 'dead_experts': 0, 'peak_vram_gb': 11.913}
{'step': 2980, 'tokens': 781189120, 'lm_loss': 3.8493, 'aux_loss': 1.9993, 'z_loss': 0.0005, 'grad_norm': 0.4512, 'lr': 0.0, 'tokens_per_sec': 324915.6523, 'mfu': 0.0992, 'expert_load_cv': 0.0311, 'min_expert_frac': 0.2426, 'dead_experts': 0, 'peak_vram_gb': 11.913}
{'step': 2990, 'tokens': 783810560, 'lm_loss': 3.8603, 'aux_loss': 1.9983, 'z_loss': 0.0005, 'grad_norm': 0.4336, 'lr': 0.0, 'tokens_per_sec': 324917.3531, 'mfu': 0.0992, 'expert_load_cv': 0.029, 'min_expert_frac': 0.2428, 'dead_experts': 0, 'peak_vram_gb': 11.913}
{'step': 3000, 'tokens': 786432000, 'lm_loss': 3.8896, 'aux_loss': 2.0004, 'z_loss': 0.0005, 'grad_norm': 0.4492, 'lr': 0.0, 'tokens_per_sec': 324916.8655, 'mfu': 0.0992, 'expert_load_cv': 0.0311, 'min_expert_frac': 0.2426, 'dead_experts': 0, 'peak_vram_gb': 11.913}
{'step': 3010, 'tokens': 789053440, 'lm_loss': 3.8844, 'aux_loss': 2.0, 'z_loss': 0.0005, 'grad_norm': 0.4297, 'lr': 0.0, 'tokens_per_sec': 324916.7666, 'mfu': 0.0992, 'expert_load_cv': 0.0295, 'min_expert_frac': 0.2431, 'dead_experts': 0, 'peak_vram_gb': 11.913}
{'step': 3020, 'tokens': 791674880, 'lm_loss': 3.9038, 'aux_loss': 1.9995, 'z_loss': 0.0005, 'grad_norm': 0.4473, 'lr': 0.0, 'tokens_per_sec': 324921.2305, 'mfu': 0.0992, 'expert_load_cv': 0.029, 'min_expert_frac': 0.2432, 'dead_experts': 0, 'peak_vram_gb': 11.913}
{'step': 3030, 'tokens': 794296320, 'lm_loss': 3.8684, 'aux_loss': 2.0004, 'z_loss': 0.0005, 'grad_norm': 0.459, 'lr': 0.0, 'tokens_per_sec': 324923.3372, 'mfu': 0.0992, 'expert_load_cv': 0.0324, 'min_expert_frac': 0.243, 'dead_experts': 0, 'peak_vram_gb': 11.913}
{'step': 3040, 'tokens': 796917760, 'lm_loss': 3.9119, 'aux_loss': 2.0001, 'z_loss': 0.0005, 'grad_norm': 0.4473, 'lr': 0.0, 'tokens_per_sec': 324917.995, 'mfu': 0.0992, 'expert_load_cv': 0.0311, 'min_expert_frac': 0.2427, 'dead_experts': 0, 'peak_vram_gb': 11.913}
{'step': 3050, 'tokens': 799539200, 'lm_loss': 3.8725, 'aux_loss': 1.9993, 'z_loss': 0.0005, 'grad_norm': 0.4668, 'lr': 0.0, 'tokens_per_sec': 324911.3388, 'mfu': 0.0992, 'expert_load_cv': 0.0308, 'min_expert_frac': 0.2426, 'dead_experts': 0, 'peak_vram_gb': 11.913}
{'step': 3060, 'tokens': 802160640, 'lm_loss': 3.8997, 'aux_loss': 2.0002, 'z_loss': 0.0005, 'grad_norm': 0.4238, 'lr': 0.0, 'tokens_per_sec': 324902.7512, 'mfu': 0.0992, 'expert_load_cv': 0.0308, 'min_expert_frac': 0.243, 'dead_experts': 0, 'peak_vram_gb': 11.913}
{'step': 3070, 'tokens': 804782080, 'lm_loss': 3.8843, 'aux_loss': 1.9982, 'z_loss': 0.0005, 'grad_norm': 0.4863, 'lr': 0.0, 'tokens_per_sec': 324907.101, 'mfu': 0.0992, 'expert_load_cv': 0.0309, 'min_expert_frac': 0.2428, 'dead_experts': 0, 'peak_vram_gb': 11.913}
{'step': 3080, 'tokens': 807403520, 'lm_loss': 3.8942, 'aux_loss': 2.0, 'z_loss': 0.0005, 'grad_norm': 0.4512, 'lr': 0.0, 'tokens_per_sec': 324899.1195, 'mfu': 0.0992, 'expert_load_cv': 0.0307, 'min_expert_frac': 0.2422, 'dead_experts': 0, 'peak_vram_gb': 11.913}
{'step': 3090, 'tokens': 810024960, 'lm_loss': 3.9239, 'aux_loss': 1.9996, 'z_loss': 0.0005, 'grad_norm': 0.4336, 'lr': 0.0, 'tokens_per_sec': 324895.3891, 'mfu': 0.0992, 'expert_load_cv': 0.0308, 'min_expert_frac': 0.2427, 'dead_experts': 0, 'peak_vram_gb': 11.913}
{'step': 3100, 'tokens': 812646400, 'lm_loss': 3.8765, 'aux_loss': 1.9996, 'z_loss': 0.0005, 'grad_norm': 0.4473, 'lr': 0.0, 'tokens_per_sec': 324896.8114, 'mfu': 0.0992, 'expert_load_cv': 0.0301, 'min_expert_frac': 0.2427, 'dead_experts': 0, 'peak_vram_gb': 11.913}
{'step': 3110, 'tokens': 815267840, 'lm_loss': 3.9056, 'aux_loss': 2.0004, 'z_loss': 0.0005, 'grad_norm': 0.457, 'lr': 0.0, 'tokens_per_sec': 324883.8266, 'mfu': 0.0992, 'expert_load_cv': 0.0305, 'min_expert_frac': 0.2427, 'dead_experts': 0, 'peak_vram_gb': 11.913}
{'step': 3120, 'tokens': 817889280, 'lm_loss': 3.925, 'aux_loss': 1.9992, 'z_loss': 0.0005, 'grad_norm': 0.4102, 'lr': 0.0, 'tokens_per_sec': 324886.0394, 'mfu': 0.0992, 'expert_load_cv': 0.0298, 'min_expert_frac': 0.2434, 'dead_experts': 0, 'peak_vram_gb': 11.913}
{'step': 3130, 'tokens': 820510720, 'lm_loss': 3.8542, 'aux_loss': 1.9999, 'z_loss': 0.0005, 'grad_norm': 0.4062, 'lr': 0.0, 'tokens_per_sec': 324888.7311, 'mfu': 0.0992, 'expert_load_cv': 0.0314, 'min_expert_frac': 0.2426, 'dead_experts': 0, 'peak_vram_gb': 11.913}
{'step': 3140, 'tokens': 823132160, 'lm_loss': 3.7729, 'aux_loss': 1.9997, 'z_loss': 0.0005, 'grad_norm': 0.5234, 'lr': 0.0, 'tokens_per_sec': 324891.2908, 'mfu': 0.0992, 'expert_load_cv': 0.0324, 'min_expert_frac': 0.2422, 'dead_experts': 0, 'peak_vram_gb': 11.913}
{'step': 3150, 'tokens': 825753600, 'lm_loss': 3.8546, 'aux_loss': 1.9997, 'z_loss': 0.0005, 'grad_norm': 0.4297, 'lr': 0.0, 'tokens_per_sec': 324893.6946, 'mfu': 0.0992, 'expert_load_cv': 0.0295, 'min_expert_frac': 0.2428, 'dead_experts': 0, 'peak_vram_gb': 11.913}
{'step': 3160, 'tokens': 828375040, 'lm_loss': 3.896, 'aux_loss': 1.9996, 'z_loss': 0.0005, 'grad_norm': 0.4316, 'lr': 0.0, 'tokens_per_sec': 324898.8282, 'mfu': 0.0992, 'expert_load_cv': 0.0305, 'min_expert_frac': 0.2425, 'dead_experts': 0, 'peak_vram_gb': 11.913}
{'step': 3170, 'tokens': 830996480, 'lm_loss': 3.8555, 'aux_loss': 1.9994, 'z_loss': 0.0005, 'grad_norm': 0.4648, 'lr': 0.0, 'tokens_per_sec': 324901.0952, 'mfu': 0.0992, 'expert_load_cv': 0.0312, 'min_expert_frac': 0.2424, 'dead_experts': 0, 'peak_vram_gb': 11.913}
{'step': 3180, 'tokens': 833617920, 'lm_loss': 3.8646, 'aux_loss': 2.001, 'z_loss': 0.0005, 'grad_norm': 0.4199, 'lr': 0.0, 'tokens_per_sec': 324905.7092, 'mfu': 0.0992, 'expert_load_cv': 0.032, 'min_expert_frac': 0.2429, 'dead_experts': 0, 'peak_vram_gb': 11.913}
{'step': 3190, 'tokens': 836239360, 'lm_loss': 3.8568, 'aux_loss': 1.9986, 'z_loss': 0.0005, 'grad_norm': 0.4414, 'lr': 0.0, 'tokens_per_sec': 324910.0496, 'mfu': 0.0992, 'expert_load_cv': 0.0309, 'min_expert_frac': 0.2427, 'dead_experts': 0, 'peak_vram_gb': 11.913}
{'step': 3200, 'tokens': 838860800, 'lm_loss': 3.9023, 'aux_loss': 1.9995, 'z_loss': 0.0005, 'grad_norm': 0.4492, 'lr': 0.0, 'tokens_per_sec': 324910.3373, 'mfu': 0.0992, 'expert_load_cv': 0.0308, 'min_expert_frac': 0.2433, 'dead_experts': 0, 'peak_vram_gb': 11.913}
{'step': 3210, 'tokens': 841482240, 'lm_loss': 3.8533, 'aux_loss': 2.0004, 'z_loss': 0.0005, 'grad_norm': 0.4004, 'lr': 0.0, 'tokens_per_sec': 324909.1948, 'mfu': 0.0992, 'expert_load_cv': 0.0302, 'min_expert_frac': 0.2431, 'dead_experts': 0, 'peak_vram_gb': 11.913}
{'step': 3220, 'tokens': 844103680, 'lm_loss': 3.8833, 'aux_loss': 1.9998, 'z_loss': 0.0005, 'grad_norm': 0.4141, 'lr': 0.0, 'tokens_per_sec': 324909.472, 'mfu': 0.0992, 'expert_load_cv': 0.0312, 'min_expert_frac': 0.243, 'dead_experts': 0, 'peak_vram_gb': 11.913}
{'step': 3230, 'tokens': 846725120, 'lm_loss': 3.9093, 'aux_loss': 1.9996, 'z_loss': 0.0005, 'grad_norm': 0.4902, 'lr': 0.0, 'tokens_per_sec': 324916.2395, 'mfu': 0.0992, 'expert_load_cv': 0.031, 'min_expert_frac': 0.2425, 'dead_experts': 0, 'peak_vram_gb': 11.913}
{'step': 3240, 'tokens': 849346560, 'lm_loss': 3.8119, 'aux_loss': 1.9998, 'z_loss': 0.0005, 'grad_norm': 0.4121, 'lr': 0.0, 'tokens_per_sec': 324917.0778, 'mfu': 0.0992, 'expert_load_cv': 0.0317, 'min_expert_frac': 0.2428, 'dead_experts': 0, 'peak_vram_gb': 11.913}
{'step': 3250, 'tokens': 851968000, 'lm_loss': 3.9096, 'aux_loss': 2.0002, 'z_loss': 0.0005, 'grad_norm': 0.4023, 'lr': 0.0, 'tokens_per_sec': 324919.7666, 'mfu': 0.0992, 'expert_load_cv': 0.0312, 'min_expert_frac': 0.2425, 'dead_experts': 0, 'peak_vram_gb': 11.913}
{'step': 3260, 'tokens': 854589440, 'lm_loss': 3.8364, 'aux_loss': 2.0, 'z_loss': 0.0005, 'grad_norm': 0.4219, 'lr': 0.0, 'tokens_per_sec': 324918.7704, 'mfu': 0.0992, 'expert_load_cv': 0.0311, 'min_expert_frac': 0.2425, 'dead_experts': 0, 'peak_vram_gb': 11.913}
{'step': 3270, 'tokens': 857210880, 'lm_loss': 3.887, 'aux_loss': 1.9995, 'z_loss': 0.0005, 'grad_norm': 0.4199, 'lr': 0.0, 'tokens_per_sec': 324915.3504, 'mfu': 0.0992, 'expert_load_cv': 0.0297, 'min_expert_frac': 0.2426, 'dead_experts': 0, 'peak_vram_gb': 11.913}
{'step': 3280, 'tokens': 859832320, 'lm_loss': 3.887, 'aux_loss': 1.9999, 'z_loss': 0.0005, 'grad_norm': 0.4199, 'lr': 0.0, 'tokens_per_sec': 324916.1648, 'mfu': 0.0992, 'expert_load_cv': 0.0304, 'min_expert_frac': 0.2429, 'dead_experts': 0, 'peak_vram_gb': 11.913}
{'step': 3290, 'tokens': 862453760, 'lm_loss': 3.873, 'aux_loss': 1.9995, 'z_loss': 0.0005, 'grad_norm': 0.3945, 'lr': 0.0, 'tokens_per_sec': 324914.0418, 'mfu': 0.0992, 'expert_load_cv': 0.0304, 'min_expert_frac': 0.2426, 'dead_experts': 0, 'peak_vram_gb': 11.913}
{'step': 3300, 'tokens': 865075200, 'lm_loss': 3.8838, 'aux_loss': 2.0002, 'z_loss': 0.0005, 'grad_norm': 0.4023, 'lr': 0.0, 'tokens_per_sec': 324917.7232, 'mfu': 0.0992, 'expert_load_cv': 0.0307, 'min_expert_frac': 0.2427, 'dead_experts': 0, 'peak_vram_gb': 11.913}
{'step': 3310, 'tokens': 867696640, 'lm_loss': 3.8931, 'aux_loss': 1.9988, 'z_loss': 0.0005, 'grad_norm': 0.4082, 'lr': 0.0, 'tokens_per_sec': 324918.5733, 'mfu': 0.0992, 'expert_load_cv': 0.0327, 'min_expert_frac': 0.2431, 'dead_experts': 0, 'peak_vram_gb': 11.913}
{'step': 3320, 'tokens': 870318080, 'lm_loss': 3.8942, 'aux_loss': 1.9988, 'z_loss': 0.0005, 'grad_norm': 0.4004, 'lr': 0.0, 'tokens_per_sec': 324922.0523, 'mfu': 0.0992, 'expert_load_cv': 0.0315, 'min_expert_frac': 0.2431, 'dead_experts': 0, 'peak_vram_gb': 11.913}
{'step': 3330, 'tokens': 872939520, 'lm_loss': 3.8628, 'aux_loss': 1.9995, 'z_loss': 0.0005, 'grad_norm': 0.4062, 'lr': 0.0, 'tokens_per_sec': 324916.1412, 'mfu': 0.0992, 'expert_load_cv': 0.0304, 'min_expert_frac': 0.243, 'dead_experts': 0, 'peak_vram_gb': 11.913}
{'step': 3340, 'tokens': 875560960, 'lm_loss': 3.871, 'aux_loss': 2.0008, 'z_loss': 0.0005, 'grad_norm': 0.4297, 'lr': 0.0, 'tokens_per_sec': 324917.1573, 'mfu': 0.0992, 'expert_load_cv': 0.0308, 'min_expert_frac': 0.2432, 'dead_experts': 0, 'peak_vram_gb': 11.913}
{'step': 3350, 'tokens': 878182400, 'lm_loss': 3.8537, 'aux_loss': 1.9997, 'z_loss': 0.0005, 'grad_norm': 0.418, 'lr': 0.0, 'tokens_per_sec': 324921.9795, 'mfu': 0.0992, 'expert_load_cv': 0.0309, 'min_expert_frac': 0.2431, 'dead_experts': 0, 'peak_vram_gb': 11.913}
{'step': 3360, 'tokens': 880803840, 'lm_loss': 3.8916, 'aux_loss': 1.9997, 'z_loss': 0.0005, 'grad_norm': 0.4082, 'lr': 0.0, 'tokens_per_sec': 324924.4606, 'mfu': 0.0992, 'expert_load_cv': 0.0305, 'min_expert_frac': 0.2424, 'dead_experts': 0, 'peak_vram_gb': 11.913}
{'step': 3370, 'tokens': 883425280, 'lm_loss': 3.9238, 'aux_loss': 2.0004, 'z_loss': 0.0005, 'grad_norm': 0.3906, 'lr': 0.0, 'tokens_per_sec': 324926.7886, 'mfu': 0.0992, 'expert_load_cv': 0.0287, 'min_expert_frac': 0.2431, 'dead_experts': 0, 'peak_vram_gb': 11.913}
{'step': 3380, 'tokens': 886046720, 'lm_loss': 3.8743, 'aux_loss': 1.9991, 'z_loss': 0.0005, 'grad_norm': 0.3848, 'lr': 0.0, 'tokens_per_sec': 324923.7638, 'mfu': 0.0992, 'expert_load_cv': 0.0302, 'min_expert_frac': 0.2428, 'dead_experts': 0, 'peak_vram_gb': 11.913}
{'step': 3390, 'tokens': 888668160, 'lm_loss': 3.8952, 'aux_loss': 1.999, 'z_loss': 0.0005, 'grad_norm': 0.4121, 'lr': 0.0, 'tokens_per_sec': 324923.6873, 'mfu': 0.0992, 'expert_load_cv': 0.0305, 'min_expert_frac': 0.2427, 'dead_experts': 0, 'peak_vram_gb': 11.913}
{'step': 3400, 'tokens': 891289600, 'lm_loss': 3.8788, 'aux_loss': 1.9997, 'z_loss': 0.0005, 'grad_norm': 0.4023, 'lr': 0.0, 'tokens_per_sec': 324923.753, 'mfu': 0.0992, 'expert_load_cv': 0.0305, 'min_expert_frac': 0.2429, 'dead_experts': 0, 'peak_vram_gb': 11.913}
{'step': 3410, 'tokens': 893911040, 'lm_loss': 3.8757, 'aux_loss': 1.9996, 'z_loss': 0.0005, 'grad_norm': 0.3965, 'lr': 0.0, 'tokens_per_sec': 324923.4423, 'mfu': 0.0992, 'expert_load_cv': 0.0315, 'min_expert_frac': 0.2417, 'dead_experts': 0, 'peak_vram_gb': 11.913}
{'step': 3420, 'tokens': 896532480, 'lm_loss': 3.922, 'aux_loss': 1.9994, 'z_loss': 0.0005, 'grad_norm': 0.4141, 'lr': 0.0, 'tokens_per_sec': 324913.4921, 'mfu': 0.0992, 'expert_load_cv': 0.0314, 'min_expert_frac': 0.2422, 'dead_experts': 0, 'peak_vram_gb': 11.913}
{'step': 3430, 'tokens': 899153920, 'lm_loss': 3.875, 'aux_loss': 2.001, 'z_loss': 0.0005, 'grad_norm': 0.4199, 'lr': 0.0, 'tokens_per_sec': 324908.07, 'mfu': 0.0992, 'expert_load_cv': 0.0311, 'min_expert_frac': 0.2425, 'dead_experts': 0, 'peak_vram_gb': 11.913}
{'step': 3440, 'tokens': 901775360, 'lm_loss': 3.9158, 'aux_loss': 1.9995, 'z_loss': 0.0005, 'grad_norm': 0.4102, 'lr': 0.0, 'tokens_per_sec': 324909.0306, 'mfu': 0.0992, 'expert_load_cv': 0.0305, 'min_expert_frac': 0.2431, 'dead_experts': 0, 'peak_vram_gb': 11.913}
{'step': 3450, 'tokens': 904396800, 'lm_loss': 3.8741, 'aux_loss': 2.0003, 'z_loss': 0.0005, 'grad_norm': 0.4062, 'lr': 0.0, 'tokens_per_sec': 324912.1583, 'mfu': 0.0992, 'expert_load_cv': 0.0301, 'min_expert_frac': 0.2425, 'dead_experts': 0, 'peak_vram_gb': 11.913}
{'step': 3460, 'tokens': 907018240, 'lm_loss': 3.8996, 'aux_loss': 1.9989, 'z_loss': 0.0005, 'grad_norm': 0.4238, 'lr': 0.0, 'tokens_per_sec': 324912.2646, 'mfu': 0.0992, 'expert_load_cv': 0.0301, 'min_expert_frac': 0.2433, 'dead_experts': 0, 'peak_vram_gb': 11.913}
{'step': 3470, 'tokens': 909639680, 'lm_loss': 3.8321, 'aux_loss': 1.9998, 'z_loss': 0.0005, 'grad_norm': 0.3965, 'lr': 0.0, 'tokens_per_sec': 324913.7501, 'mfu': 0.0992, 'expert_load_cv': 0.0309, 'min_expert_frac': 0.2426, 'dead_experts': 0, 'peak_vram_gb': 11.913}
{'step': 3480, 'tokens': 912261120, 'lm_loss': 3.859, 'aux_loss': 1.9994, 'z_loss': 0.0005, 'grad_norm': 0.418, 'lr': 0.0, 'tokens_per_sec': 324914.8462, 'mfu': 0.0992, 'expert_load_cv': 0.032, 'min_expert_frac': 0.2427, 'dead_experts': 0, 'peak_vram_gb': 11.913}
{'step': 3490, 'tokens': 914882560, 'lm_loss': 3.9443, 'aux_loss': 2.0004, 'z_loss': 0.0005, 'grad_norm': 0.4141, 'lr': 0.0, 'tokens_per_sec': 324913.2083, 'mfu': 0.0992, 'expert_load_cv': 0.0313, 'min_expert_frac': 0.2424, 'dead_experts': 0, 'peak_vram_gb': 11.913}
{'step': 3500, 'tokens': 917504000, 'lm_loss': 3.8986, 'aux_loss': 2.0011, 'z_loss': 0.0005, 'grad_norm': 0.3965, 'lr': 0.0, 'tokens_per_sec': 324912.9113, 'mfu': 0.0992, 'expert_load_cv': 0.0305, 'min_expert_frac': 0.2425, 'dead_experts': 0, 'peak_vram_gb': 11.913}
{'step': 3510, 'tokens': 920125440, 'lm_loss': 3.9433, 'aux_loss': 1.9998, 'z_loss': 0.0005, 'grad_norm': 0.3906, 'lr': 0.0, 'tokens_per_sec': 324916.8552, 'mfu': 0.0992, 'expert_load_cv': 0.03, 'min_expert_frac': 0.2427, 'dead_experts': 0, 'peak_vram_gb': 11.913}
{'step': 3520, 'tokens': 922746880, 'lm_loss': 3.8518, 'aux_loss': 1.9985, 'z_loss': 0.0005, 'grad_norm': 0.3926, 'lr': 0.0, 'tokens_per_sec': 324917.2987, 'mfu': 0.0992, 'expert_load_cv': 0.0296, 'min_expert_frac': 0.2427, 'dead_experts': 0, 'peak_vram_gb': 11.913}
{'step': 3530, 'tokens': 925368320, 'lm_loss': 3.8195, 'aux_loss': 2.0002, 'z_loss': 0.0005, 'grad_norm': 0.3945, 'lr': 0.0, 'tokens_per_sec': 324915.8345, 'mfu': 0.0992, 'expert_load_cv': 0.032, 'min_expert_frac': 0.2427, 'dead_experts': 0, 'peak_vram_gb': 11.913}
{'step': 3540, 'tokens': 927989760, 'lm_loss': 3.9187, 'aux_loss': 1.9983, 'z_loss': 0.0005, 'grad_norm': 0.3926, 'lr': 0.0, 'tokens_per_sec': 324912.4544, 'mfu': 0.0992, 'expert_load_cv': 0.0315, 'min_expert_frac': 0.2427, 'dead_experts': 0, 'peak_vram_gb': 11.913}
{'step': 3550, 'tokens': 930611200, 'lm_loss': 3.9541, 'aux_loss': 1.9997, 'z_loss': 0.0005, 'grad_norm': 0.4023, 'lr': 0.0, 'tokens_per_sec': 324896.7668, 'mfu': 0.0992, 'expert_load_cv': 0.0302, 'min_expert_frac': 0.2431, 'dead_experts': 0, 'peak_vram_gb': 11.913}
{'step': 3560, 'tokens': 933232640, 'lm_loss': 3.8744, 'aux_loss': 1.9986, 'z_loss': 0.0005, 'grad_norm': 0.3984, 'lr': 0.0, 'tokens_per_sec': 324892.3975, 'mfu': 0.0992, 'expert_load_cv': 0.0299, 'min_expert_frac': 0.2424, 'dead_experts': 0, 'peak_vram_gb': 11.913}
{'step': 3570, 'tokens': 935854080, 'lm_loss': 3.8921, 'aux_loss': 1.9995, 'z_loss': 0.0005, 'grad_norm': 0.4043, 'lr': 0.0, 'tokens_per_sec': 324892.0083, 'mfu': 0.0992, 'expert_load_cv': 0.0308, 'min_expert_frac': 0.2426, 'dead_experts': 0, 'peak_vram_gb': 11.913}
{'step': 3580, 'tokens': 938475520, 'lm_loss': 3.8743, 'aux_loss': 2.0004, 'z_loss': 0.0005, 'grad_norm': 0.4004, 'lr': 0.0, 'tokens_per_sec': 324888.6789, 'mfu': 0.0992, 'expert_load_cv': 0.0314, 'min_expert_frac': 0.2422, 'dead_experts': 0, 'peak_vram_gb': 11.913}
{'step': 3590, 'tokens': 941096960, 'lm_loss': 3.8835, 'aux_loss': 2.0006, 'z_loss': 0.0005, 'grad_norm': 0.4121, 'lr': 0.0, 'tokens_per_sec': 324874.583, 'mfu': 0.0992, 'expert_load_cv': 0.0308, 'min_expert_frac': 0.2428, 'dead_experts': 0, 'peak_vram_gb': 11.913}
{'step': 3600, 'tokens': 943718400, 'lm_loss': 3.8344, 'aux_loss': 2.0003, 'z_loss': 0.0005, 'grad_norm': 0.4141, 'lr': 0.0, 'tokens_per_sec': 324873.7495, 'mfu': 0.0992, 'expert_load_cv': 0.0313, 'min_expert_frac': 0.243, 'dead_experts': 0, 'peak_vram_gb': 11.913}
{'step': 3610, 'tokens': 946339840, 'lm_loss': 3.8561, 'aux_loss': 1.9999, 'z_loss': 0.0005, 'grad_norm': 0.377, 'lr': 0.0, 'tokens_per_sec': 324877.7608, 'mfu': 0.0992, 'expert_load_cv': 0.0303, 'min_expert_frac': 0.2427, 'dead_experts': 0, 'peak_vram_gb': 11.913}
{'step': 3620, 'tokens': 948961280, 'lm_loss': 3.9116, 'aux_loss': 1.9993, 'z_loss': 0.0005, 'grad_norm': 0.418, 'lr': 0.0, 'tokens_per_sec': 324878.8378, 'mfu': 0.0992, 'expert_load_cv': 0.0313, 'min_expert_frac': 0.2428, 'dead_experts': 0, 'peak_vram_gb': 11.913}
{'step': 3630, 'tokens': 951582720, 'lm_loss': 3.8985, 'aux_loss': 1.9985, 'z_loss': 0.0005, 'grad_norm': 0.4238, 'lr': 0.0, 'tokens_per_sec': 324879.0401, 'mfu': 0.0992, 'expert_load_cv': 0.0298, 'min_expert_frac': 0.243, 'dead_experts': 0, 'peak_vram_gb': 11.913}
{'step': 3640, 'tokens': 954204160, 'lm_loss': 3.9164, 'aux_loss': 1.9996, 'z_loss': 0.0005, 'grad_norm': 0.4004, 'lr': 0.0, 'tokens_per_sec': 324877.7561, 'mfu': 0.0992, 'expert_load_cv': 0.0315, 'min_expert_frac': 0.2425, 'dead_experts': 0, 'peak_vram_gb': 11.913}
{'step': 3650, 'tokens': 956825600, 'lm_loss': 3.8161, 'aux_loss': 1.9992, 'z_loss': 0.0005, 'grad_norm': 0.3945, 'lr': 0.0, 'tokens_per_sec': 324879.2285, 'mfu': 0.0992, 'expert_load_cv': 0.0305, 'min_expert_frac': 0.2426, 'dead_experts': 0, 'peak_vram_gb': 11.913}
{'step': 3660, 'tokens': 959447040, 'lm_loss': 3.9762, 'aux_loss': 2.0011, 'z_loss': 0.0005, 'grad_norm': 0.4141, 'lr': 0.0, 'tokens_per_sec': 324880.7163, 'mfu': 0.0992, 'expert_load_cv': 0.0311, 'min_expert_frac': 0.242, 'dead_experts': 0, 'peak_vram_gb': 11.913}
{'step': 3670, 'tokens': 962068480, 'lm_loss': 3.916, 'aux_loss': 1.9996, 'z_loss': 0.0005, 'grad_norm': 0.4336, 'lr': 0.0, 'tokens_per_sec': 324880.3813, 'mfu': 0.0992, 'expert_load_cv': 0.0306, 'min_expert_frac': 0.2427, 'dead_experts': 0, 'peak_vram_gb': 11.913}
{'step': 3680, 'tokens': 964689920, 'lm_loss': 3.8622, 'aux_loss': 2.001, 'z_loss': 0.0005, 'grad_norm': 0.3906, 'lr': 0.0, 'tokens_per_sec': 324881.905, 'mfu': 0.0992, 'expert_load_cv': 0.0299, 'min_expert_frac': 0.2429, 'dead_experts': 0, 'peak_vram_gb': 11.913}
{'step': 3690, 'tokens': 967311360, 'lm_loss': 3.8951, 'aux_loss': 2.0005, 'z_loss': 0.0005, 'grad_norm': 0.3887, 'lr': 0.0, 'tokens_per_sec': 324882.7475, 'mfu': 0.0992, 'expert_load_cv': 0.0314, 'min_expert_frac': 0.2424, 'dead_experts': 0, 'peak_vram_gb': 11.913}
{'step': 3700, 'tokens': 969932800, 'lm_loss': 3.8478, 'aux_loss': 2.0004, 'z_loss': 0.0005, 'grad_norm': 0.4023, 'lr': 0.0, 'tokens_per_sec': 324882.3895, 'mfu': 0.0992, 'expert_load_cv': 0.0307, 'min_expert_frac': 0.2428, 'dead_experts': 0, 'peak_vram_gb': 11.913}
{'step': 3710, 'tokens': 972554240, 'lm_loss': 3.8706, 'aux_loss': 1.999, 'z_loss': 0.0005, 'grad_norm': 0.4258, 'lr': 0.0, 'tokens_per_sec': 324881.1925, 'mfu': 0.0992, 'expert_load_cv': 0.0312, 'min_expert_frac': 0.2428, 'dead_experts': 0, 'peak_vram_gb': 11.913}
{'step': 3720, 'tokens': 975175680, 'lm_loss': 3.9229, 'aux_loss': 2.0004, 'z_loss': 0.0005, 'grad_norm': 0.4277, 'lr': 0.0, 'tokens_per_sec': 324877.7883, 'mfu': 0.0992, 'expert_load_cv': 0.0306, 'min_expert_frac': 0.243, 'dead_experts': 0, 'peak_vram_gb': 11.913}
{'step': 3730, 'tokens': 977797120, 'lm_loss': 3.9537, 'aux_loss': 1.9997, 'z_loss': 0.0005, 'grad_norm': 0.3965, 'lr': 0.0, 'tokens_per_sec': 324874.5701, 'mfu': 0.0992, 'expert_load_cv': 0.0309, 'min_expert_frac': 0.2428, 'dead_experts': 0, 'peak_vram_gb': 11.913}
{'step': 3740, 'tokens': 980418560, 'lm_loss': 3.9047, 'aux_loss': 2.0002, 'z_loss': 0.0005, 'grad_norm': 0.4043, 'lr': 0.0, 'tokens_per_sec': 324871.7734, 'mfu': 0.0992, 'expert_load_cv': 0.0306, 'min_expert_frac': 0.2429, 'dead_experts': 0, 'peak_vram_gb': 11.913}
{'step': 3750, 'tokens': 983040000, 'lm_loss': 3.9147, 'aux_loss': 2.0005, 'z_loss': 0.0005, 'grad_norm': 0.3789, 'lr': 0.0, 'tokens_per_sec': 324872.6593, 'mfu': 0.0992, 'expert_load_cv': 0.0316, 'min_expert_frac': 0.2429, 'dead_experts': 0, 'peak_vram_gb': 11.913}
{'step': 3760, 'tokens': 985661440, 'lm_loss': 3.899, 'aux_loss': 1.9987, 'z_loss': 0.0005, 'grad_norm': 0.373, 'lr': 0.0, 'tokens_per_sec': 324869.6912, 'mfu': 0.0992, 'expert_load_cv': 0.0302, 'min_expert_frac': 0.243, 'dead_experts': 0, 'peak_vram_gb': 11.913}
{'step': 3770, 'tokens': 988282880, 'lm_loss': 3.941, 'aux_loss': 1.9999, 'z_loss': 0.0005, 'grad_norm': 0.3789, 'lr': 0.0, 'tokens_per_sec': 324868.17, 'mfu': 0.0992, 'expert_load_cv': 0.0295, 'min_expert_frac': 0.2429, 'dead_experts': 0, 'peak_vram_gb': 11.913}
{'step': 3780, 'tokens': 990904320, 'lm_loss': 3.8773, 'aux_loss': 1.9995, 'z_loss': 0.0005, 'grad_norm': 0.3867, 'lr': 0.0, 'tokens_per_sec': 324864.7827, 'mfu': 0.0992, 'expert_load_cv': 0.0304, 'min_expert_frac': 0.2431, 'dead_experts': 0, 'peak_vram_gb': 11.913}
{'step': 3790, 'tokens': 993525760, 'lm_loss': 3.8287, 'aux_loss': 1.9995, 'z_loss': 0.0005, 'grad_norm': 0.4102, 'lr': 0.0, 'tokens_per_sec': 324861.1682, 'mfu': 0.0992, 'expert_load_cv': 0.0313, 'min_expert_frac': 0.2429, 'dead_experts': 0, 'peak_vram_gb': 11.913}
{'step': 3800, 'tokens': 996147200, 'lm_loss': 3.8657, 'aux_loss': 2.0002, 'z_loss': 0.0005, 'grad_norm': 0.4043, 'lr': 0.0, 'tokens_per_sec': 324862.9333, 'mfu': 0.0992, 'expert_load_cv': 0.0319, 'min_expert_frac': 0.2427, 'dead_experts': 0, 'peak_vram_gb': 11.913}
{'step': 3810, 'tokens': 998768640, 'lm_loss': 3.8508, 'aux_loss': 2.0009, 'z_loss': 0.0005, 'grad_norm': 0.3828, 'lr': 0.0, 'tokens_per_sec': 324863.9285, 'mfu': 0.0992, 'expert_load_cv': 0.0304, 'min_expert_frac': 0.2427, 'dead_experts': 0, 'peak_vram_gb': 11.913}
Writing model shards:   0%|          | 0/1 [00:00<?, ?it/s]Writing model shards: 100%|██████████| 1/1 [00:00<00:00, 20.45it/s]
  saved runs/seedvar_E4_s0/step3814
done -> runs/seedvar_E4_s0
[1;34mwandb[0m: 
[1;34mwandb[0m: 🚀 View run [33mseedvar_E4_s0[0m at: [34mhttps://wandb.ai/falyahya-vector/moe-sparsity-pilot/runs/vlmrhbps[0m
[1;34mwandb[0m: Find logs at: [1;35mwandb/run-20260727_090906-vlmrhbps/logs[0m
=== E=4 seed=1 ===
{
  "active_nonembed": 8396800,
  "total_nonembed": 14688256,
  "embedding": 4096000,
  "total_all": 18788608,
  "sparsity_ratio": 1.7492682926829268,
  "total_steps": 3814,
  "warmup": 76,
  "tokens_per_step": 262144
}
wandb: [wandb.login()] Loaded credentials for https://api.wandb.ai from /root/.netrc.
wandb: Currently logged in as: falyahya (falyahya-vector) to https://api.wandb.ai. Use `wandb login --relogin` to force relogin
wandb: setting up run 8nd2nh95
wandb: Tracking run with wandb version 0.28.1
wandb: Run data is saved locally in /workspace/MoE-Sparsity/code/wandb/run-20260727_100112-8nd2nh95
wandb: Run `wandb offline` to turn off syncing.
wandb: Syncing run seedvar_E4_s1
wandb: ⭐️ View project at https://wandb.ai/falyahya-vector/moe-sparsity-pilot
wandb: 🚀 View run at https://wandb.ai/falyahya-vector/moe-sparsity-pilot/runs/8nd2nh95
/workspace/MoE-Sparsity/code/step07_train.py:113: UserWarning: Converting a tensor with requires_grad=True to a scalar may lead to unexpected behavior.
Consider using tensor.detach() first. (Triggered internally at /__w/pytorch/pytorch/torch/csrc/autograd/generated/python_variable_methods.cpp:822.)
  acc_z += float(zl) / a.grad_accum
{'step': 10, 'tokens': 2621440, 'lm_loss': 9.6419, 'aux_loss': 2.0102, 'z_loss': 0.002, 'grad_norm': 1.4922, 'lr': 0.0001, 'tokens_per_sec': 289991.4952, 'mfu': 0.0885, 'expert_load_cv': 0.1526, 'min_expert_frac': 0.2059, 'dead_experts': 0, 'peak_vram_gb': 11.913}
{'step': 20, 'tokens': 5242880, 'lm_loss': 9.3244, 'aux_loss': 2.0006, 'z_loss': 0.002, 'grad_norm': 1.1953, 'lr': 0.0001, 'tokens_per_sec': 306152.9543, 'mfu': 0.0935, 'expert_load_cv': 0.1261, 'min_expert_frac': 0.226, 'dead_experts': 0, 'peak_vram_gb': 11.913}
{'step': 30, 'tokens': 7864320, 'lm_loss': 9.0206, 'aux_loss': 2.0136, 'z_loss': 0.0018, 'grad_norm': 1.1641, 'lr': 0.0002, 'tokens_per_sec': 312066.2017, 'mfu': 0.0953, 'expert_load_cv': 0.0775, 'min_expert_frac': 0.232, 'dead_experts': 0, 'peak_vram_gb': 11.913}
{'step': 40, 'tokens': 10485760, 'lm_loss': 8.5975, 'aux_loss': 2.0013, 'z_loss': 0.0013, 'grad_norm': 1.1562, 'lr': 0.0002, 'tokens_per_sec': 315224.5084, 'mfu': 0.0963, 'expert_load_cv': 0.1646, 'min_expert_frac': 0.1964, 'dead_experts': 0, 'peak_vram_gb': 11.913}
{'step': 50, 'tokens': 13107200, 'lm_loss': 8.1443, 'aux_loss': 2.0347, 'z_loss': 0.0009, 'grad_norm': 1.0859, 'lr': 0.0003, 'tokens_per_sec': 317329.2529, 'mfu': 0.0969, 'expert_load_cv': 0.1477, 'min_expert_frac': 0.2003, 'dead_experts': 0, 'peak_vram_gb': 11.913}
{'step': 60, 'tokens': 15728640, 'lm_loss': 7.7296, 'aux_loss': 1.9965, 'z_loss': 0.0006, 'grad_norm': 0.9922, 'lr': 0.0003, 'tokens_per_sec': 318577.3214, 'mfu': 0.0973, 'expert_load_cv': 0.1301, 'min_expert_frac': 0.2293, 'dead_experts': 0, 'peak_vram_gb': 11.913}
{'step': 70, 'tokens': 18350080, 'lm_loss': 7.4707, 'aux_loss': 2.0059, 'z_loss': 0.0005, 'grad_norm': 0.6953, 'lr': 0.0004, 'tokens_per_sec': 319695.4105, 'mfu': 0.0976, 'expert_load_cv': 0.0341, 'min_expert_frac': 0.2418, 'dead_experts': 0, 'peak_vram_gb': 11.913}
{'step': 80, 'tokens': 20971520, 'lm_loss': 7.2825, 'aux_loss': 1.9894, 'z_loss': 0.0004, 'grad_norm': 0.4707, 'lr': 0.0004, 'tokens_per_sec': 320199.6894, 'mfu': 0.0978, 'expert_load_cv': 0.0887, 'min_expert_frac': 0.2263, 'dead_experts': 0, 'peak_vram_gb': 11.913}
{'step': 90, 'tokens': 23592960, 'lm_loss': 7.175, 'aux_loss': 1.9864, 'z_loss': 0.0004, 'grad_norm': 0.291, 'lr': 0.0004, 'tokens_per_sec': 320531.0209, 'mfu': 0.0979, 'expert_load_cv': 0.0349, 'min_expert_frac': 0.2411, 'dead_experts': 0, 'peak_vram_gb': 11.913}
{'step': 100, 'tokens': 26214400, 'lm_loss': 7.0381, 'aux_loss': 1.9917, 'z_loss': 0.0004, 'grad_norm': 0.6211, 'lr': 0.0004, 'tokens_per_sec': 320928.9607, 'mfu': 0.098, 'expert_load_cv': 0.0618, 'min_expert_frac': 0.23, 'dead_experts': 0, 'peak_vram_gb': 11.913}
{'step': 110, 'tokens': 28835840, 'lm_loss': 6.8519, 'aux_loss': 1.9933, 'z_loss': 0.0004, 'grad_norm': 0.6016, 'lr': 0.0004, 'tokens_per_sec': 321213.5354, 'mfu': 0.0981, 'expert_load_cv': 0.0252, 'min_expert_frac': 0.2435, 'dead_experts': 0, 'peak_vram_gb': 11.913}
{'step': 120, 'tokens': 31457280, 'lm_loss': 6.7298, 'aux_loss': 2.0073, 'z_loss': 0.0005, 'grad_norm': 0.3906, 'lr': 0.0004, 'tokens_per_sec': 321436.0991, 'mfu': 0.0981, 'expert_load_cv': 0.0237, 'min_expert_frac': 0.2423, 'dead_experts': 0, 'peak_vram_gb': 11.913}
{'step': 130, 'tokens': 34078720, 'lm_loss': 6.6141, 'aux_loss': 2.0049, 'z_loss': 0.0006, 'grad_norm': 0.8203, 'lr': 0.0004, 'tokens_per_sec': 321705.7374, 'mfu': 0.0982, 'expert_load_cv': 0.0326, 'min_expert_frac': 0.2386, 'dead_experts': 0, 'peak_vram_gb': 11.913}
{'step': 140, 'tokens': 36700160, 'lm_loss': 6.4871, 'aux_loss': 2.0061, 'z_loss': 0.0006, 'grad_norm': 0.5703, 'lr': 0.0004, 'tokens_per_sec': 321971.0571, 'mfu': 0.0983, 'expert_load_cv': 0.0307, 'min_expert_frac': 0.239, 'dead_experts': 0, 'peak_vram_gb': 11.913}
{'step': 150, 'tokens': 39321600, 'lm_loss': 6.3921, 'aux_loss': 2.0051, 'z_loss': 0.0006, 'grad_norm': 1.1641, 'lr': 0.0004, 'tokens_per_sec': 322147.6697, 'mfu': 0.0984, 'expert_load_cv': 0.0363, 'min_expert_frac': 0.2368, 'dead_experts': 0, 'peak_vram_gb': 11.913}
{'step': 160, 'tokens': 41943040, 'lm_loss': 6.2464, 'aux_loss': 2.0087, 'z_loss': 0.0006, 'grad_norm': 0.5117, 'lr': 0.0004, 'tokens_per_sec': 322330.183, 'mfu': 0.0984, 'expert_load_cv': 0.0443, 'min_expert_frac': 0.2338, 'dead_experts': 0, 'peak_vram_gb': 11.913}
{'step': 170, 'tokens': 44564480, 'lm_loss': 6.1548, 'aux_loss': 2.0068, 'z_loss': 0.0006, 'grad_norm': 0.8789, 'lr': 0.0004, 'tokens_per_sec': 322461.8766, 'mfu': 0.0985, 'expert_load_cv': 0.0515, 'min_expert_frac': 0.2318, 'dead_experts': 0, 'peak_vram_gb': 11.913}
{'step': 180, 'tokens': 47185920, 'lm_loss': 6.059, 'aux_loss': 2.0094, 'z_loss': 0.0007, 'grad_norm': 1.0, 'lr': 0.0004, 'tokens_per_sec': 322541.6492, 'mfu': 0.0985, 'expert_load_cv': 0.0527, 'min_expert_frac': 0.2324, 'dead_experts': 0, 'peak_vram_gb': 11.913}
{'step': 190, 'tokens': 49807360, 'lm_loss': 5.9893, 'aux_loss': 2.009, 'z_loss': 0.0006, 'grad_norm': 0.6484, 'lr': 0.0004, 'tokens_per_sec': 322706.059, 'mfu': 0.0985, 'expert_load_cv': 0.0527, 'min_expert_frac': 0.2337, 'dead_experts': 0, 'peak_vram_gb': 11.913}
{'step': 200, 'tokens': 52428800, 'lm_loss': 5.9696, 'aux_loss': 2.0062, 'z_loss': 0.0007, 'grad_norm': 0.6367, 'lr': 0.0004, 'tokens_per_sec': 322742.0184, 'mfu': 0.0985, 'expert_load_cv': 0.0508, 'min_expert_frac': 0.2367, 'dead_experts': 0, 'peak_vram_gb': 11.913}
{'step': 210, 'tokens': 55050240, 'lm_loss': 5.9057, 'aux_loss': 2.0065, 'z_loss': 0.0007, 'grad_norm': 0.5859, 'lr': 0.0004, 'tokens_per_sec': 322857.2041, 'mfu': 0.0986, 'expert_load_cv': 0.058, 'min_expert_frac': 0.235, 'dead_experts': 0, 'peak_vram_gb': 11.913}
{'step': 220, 'tokens': 57671680, 'lm_loss': 5.8028, 'aux_loss': 2.0053, 'z_loss': 0.0007, 'grad_norm': 0.8984, 'lr': 0.0004, 'tokens_per_sec': 322944.9043, 'mfu': 0.0986, 'expert_load_cv': 0.0564, 'min_expert_frac': 0.2369, 'dead_experts': 0, 'peak_vram_gb': 11.913}
{'step': 230, 'tokens': 60293120, 'lm_loss': 5.7119, 'aux_loss': 2.0048, 'z_loss': 0.0008, 'grad_norm': 1.0234, 'lr': 0.0004, 'tokens_per_sec': 323010.0729, 'mfu': 0.0986, 'expert_load_cv': 0.0505, 'min_expert_frac': 0.2389, 'dead_experts': 0, 'peak_vram_gb': 11.913}
{'step': 240, 'tokens': 62914560, 'lm_loss': 5.6704, 'aux_loss': 2.0041, 'z_loss': 0.0008, 'grad_norm': 0.9062, 'lr': 0.0004, 'tokens_per_sec': 323102.3416, 'mfu': 0.0987, 'expert_load_cv': 0.0515, 'min_expert_frac': 0.2372, 'dead_experts': 0, 'peak_vram_gb': 11.913}
{'step': 250, 'tokens': 65536000, 'lm_loss': 5.6117, 'aux_loss': 2.001, 'z_loss': 0.0008, 'grad_norm': 0.8828, 'lr': 0.0004, 'tokens_per_sec': 323192.1264, 'mfu': 0.0987, 'expert_load_cv': 0.0585, 'min_expert_frac': 0.2363, 'dead_experts': 0, 'peak_vram_gb': 11.913}
{'step': 260, 'tokens': 68157440, 'lm_loss': 5.6286, 'aux_loss': 2.0013, 'z_loss': 0.0008, 'grad_norm': 1.2734, 'lr': 0.0004, 'tokens_per_sec': 323194.2214, 'mfu': 0.0987, 'expert_load_cv': 0.0499, 'min_expert_frac': 0.2397, 'dead_experts': 0, 'peak_vram_gb': 11.913}
{'step': 270, 'tokens': 70778880, 'lm_loss': 5.563, 'aux_loss': 2.0022, 'z_loss': 0.0008, 'grad_norm': 1.1562, 'lr': 0.0004, 'tokens_per_sec': 323218.2085, 'mfu': 0.0987, 'expert_load_cv': 0.0525, 'min_expert_frac': 0.2386, 'dead_experts': 0, 'peak_vram_gb': 11.913}
{'step': 280, 'tokens': 73400320, 'lm_loss': 5.4662, 'aux_loss': 2.001, 'z_loss': 0.0008, 'grad_norm': 0.8438, 'lr': 0.0004, 'tokens_per_sec': 323239.2704, 'mfu': 0.0987, 'expert_load_cv': 0.0486, 'min_expert_frac': 0.2393, 'dead_experts': 0, 'peak_vram_gb': 11.913}
{'step': 290, 'tokens': 76021760, 'lm_loss': 5.4682, 'aux_loss': 2.001, 'z_loss': 0.0008, 'grad_norm': 0.9961, 'lr': 0.0004, 'tokens_per_sec': 323256.6394, 'mfu': 0.0987, 'expert_load_cv': 0.0522, 'min_expert_frac': 0.2386, 'dead_experts': 0, 'peak_vram_gb': 11.913}
{'step': 300, 'tokens': 78643200, 'lm_loss': 5.3622, 'aux_loss': 2.0009, 'z_loss': 0.0009, 'grad_norm': 0.7109, 'lr': 0.0004, 'tokens_per_sec': 323286.3912, 'mfu': 0.0987, 'expert_load_cv': 0.0496, 'min_expert_frac': 0.2386, 'dead_experts': 0, 'peak_vram_gb': 11.913}
{'step': 310, 'tokens': 81264640, 'lm_loss': 5.3966, 'aux_loss': 2.0014, 'z_loss': 0.0009, 'grad_norm': 0.8125, 'lr': 0.0004, 'tokens_per_sec': 323346.413, 'mfu': 0.0987, 'expert_load_cv': 0.053, 'min_expert_frac': 0.2387, 'dead_experts': 0, 'peak_vram_gb': 11.913}
{'step': 320, 'tokens': 83886080, 'lm_loss': 5.303, 'aux_loss': 2.0015, 'z_loss': 0.0009, 'grad_norm': 0.8438, 'lr': 0.0004, 'tokens_per_sec': 323416.9318, 'mfu': 0.0988, 'expert_load_cv': 0.0522, 'min_expert_frac': 0.2382, 'dead_experts': 0, 'peak_vram_gb': 11.913}
{'step': 330, 'tokens': 86507520, 'lm_loss': 5.3187, 'aux_loss': 2.0005, 'z_loss': 0.0009, 'grad_norm': 0.9336, 'lr': 0.0004, 'tokens_per_sec': 323470.504, 'mfu': 0.0988, 'expert_load_cv': 0.048, 'min_expert_frac': 0.238, 'dead_experts': 0, 'peak_vram_gb': 11.913}
{'step': 340, 'tokens': 89128960, 'lm_loss': 5.2314, 'aux_loss': 2.0005, 'z_loss': 0.0009, 'grad_norm': 1.4062, 'lr': 0.0004, 'tokens_per_sec': 323493.3338, 'mfu': 0.0988, 'expert_load_cv': 0.0451, 'min_expert_frac': 0.2388, 'dead_experts': 0, 'peak_vram_gb': 11.913}
{'step': 350, 'tokens': 91750400, 'lm_loss': 5.2024, 'aux_loss': 2.0002, 'z_loss': 0.0009, 'grad_norm': 1.375, 'lr': 0.0004, 'tokens_per_sec': 323546.0288, 'mfu': 0.0988, 'expert_load_cv': 0.0503, 'min_expert_frac': 0.2371, 'dead_experts': 0, 'peak_vram_gb': 11.913}
{'step': 360, 'tokens': 94371840, 'lm_loss': 5.1632, 'aux_loss': 2.0011, 'z_loss': 0.0009, 'grad_norm': 1.1484, 'lr': 0.0004, 'tokens_per_sec': 323605.3822, 'mfu': 0.0988, 'expert_load_cv': 0.0454, 'min_expert_frac': 0.2381, 'dead_experts': 0, 'peak_vram_gb': 11.913}
{'step': 370, 'tokens': 96993280, 'lm_loss': 5.1503, 'aux_loss': 1.9992, 'z_loss': 0.001, 'grad_norm': 0.7969, 'lr': 0.0004, 'tokens_per_sec': 323650.7157, 'mfu': 0.0988, 'expert_load_cv': 0.0444, 'min_expert_frac': 0.2388, 'dead_experts': 0, 'peak_vram_gb': 11.913}
{'step': 380, 'tokens': 99614720, 'lm_loss': 5.0974, 'aux_loss': 1.9996, 'z_loss': 0.001, 'grad_norm': 1.1406, 'lr': 0.0004, 'tokens_per_sec': 323663.2535, 'mfu': 0.0988, 'expert_load_cv': 0.0467, 'min_expert_frac': 0.2368, 'dead_experts': 0, 'peak_vram_gb': 11.913}
{'step': 390, 'tokens': 102236160, 'lm_loss': 5.0598, 'aux_loss': 2.0001, 'z_loss': 0.001, 'grad_norm': 0.8555, 'lr': 0.0004, 'tokens_per_sec': 323661.3959, 'mfu': 0.0988, 'expert_load_cv': 0.0426, 'min_expert_frac': 0.2373, 'dead_experts': 0, 'peak_vram_gb': 11.913}
{'step': 400, 'tokens': 104857600, 'lm_loss': 5.0727, 'aux_loss': 2.0022, 'z_loss': 0.001, 'grad_norm': 0.9531, 'lr': 0.0004, 'tokens_per_sec': 323673.7242, 'mfu': 0.0988, 'expert_load_cv': 0.0475, 'min_expert_frac': 0.2372, 'dead_experts': 0, 'peak_vram_gb': 11.913}
{'step': 410, 'tokens': 107479040, 'lm_loss': 5.066, 'aux_loss': 2.0004, 'z_loss': 0.001, 'grad_norm': 0.8633, 'lr': 0.0004, 'tokens_per_sec': 323662.9015, 'mfu': 0.0988, 'expert_load_cv': 0.0399, 'min_expert_frac': 0.2394, 'dead_experts': 0, 'peak_vram_gb': 11.913}
{'step': 420, 'tokens': 110100480, 'lm_loss': 5.0275, 'aux_loss': 1.9996, 'z_loss': 0.001, 'grad_norm': 1.0547, 'lr': 0.0004, 'tokens_per_sec': 323713.4945, 'mfu': 0.0988, 'expert_load_cv': 0.0399, 'min_expert_frac': 0.2385, 'dead_experts': 0, 'peak_vram_gb': 11.913}
{'step': 430, 'tokens': 112721920, 'lm_loss': 4.9484, 'aux_loss': 1.9997, 'z_loss': 0.001, 'grad_norm': 0.9844, 'lr': 0.0004, 'tokens_per_sec': 323772.6591, 'mfu': 0.0989, 'expert_load_cv': 0.0449, 'min_expert_frac': 0.2378, 'dead_experts': 0, 'peak_vram_gb': 11.913}
{'step': 440, 'tokens': 115343360, 'lm_loss': 4.9644, 'aux_loss': 2.0028, 'z_loss': 0.001, 'grad_norm': 1.1094, 'lr': 0.0004, 'tokens_per_sec': 323761.7163, 'mfu': 0.0989, 'expert_load_cv': 0.0438, 'min_expert_frac': 0.2368, 'dead_experts': 0, 'peak_vram_gb': 11.913}
{'step': 450, 'tokens': 117964800, 'lm_loss': 4.9286, 'aux_loss': 2.0011, 'z_loss': 0.001, 'grad_norm': 0.7812, 'lr': 0.0004, 'tokens_per_sec': 323779.9464, 'mfu': 0.0989, 'expert_load_cv': 0.0429, 'min_expert_frac': 0.2378, 'dead_experts': 0, 'peak_vram_gb': 11.913}
{'step': 460, 'tokens': 120586240, 'lm_loss': 4.9181, 'aux_loss': 1.9989, 'z_loss': 0.001, 'grad_norm': 0.8242, 'lr': 0.0004, 'tokens_per_sec': 323793.9779, 'mfu': 0.0989, 'expert_load_cv': 0.0419, 'min_expert_frac': 0.237, 'dead_experts': 0, 'peak_vram_gb': 11.913}
{'step': 470, 'tokens': 123207680, 'lm_loss': 4.8988, 'aux_loss': 2.0009, 'z_loss': 0.001, 'grad_norm': 0.9609, 'lr': 0.0004, 'tokens_per_sec': 323835.5663, 'mfu': 0.0989, 'expert_load_cv': 0.0412, 'min_expert_frac': 0.2383, 'dead_experts': 0, 'peak_vram_gb': 11.913}
{'step': 480, 'tokens': 125829120, 'lm_loss': 4.9326, 'aux_loss': 2.0009, 'z_loss': 0.001, 'grad_norm': 1.4062, 'lr': 0.0004, 'tokens_per_sec': 323864.0606, 'mfu': 0.0989, 'expert_load_cv': 0.0388, 'min_expert_frac': 0.2382, 'dead_experts': 0, 'peak_vram_gb': 11.913}
{'step': 490, 'tokens': 128450560, 'lm_loss': 4.8629, 'aux_loss': 1.9997, 'z_loss': 0.001, 'grad_norm': 0.9648, 'lr': 0.0004, 'tokens_per_sec': 323845.9632, 'mfu': 0.0989, 'expert_load_cv': 0.0385, 'min_expert_frac': 0.2376, 'dead_experts': 0, 'peak_vram_gb': 11.913}
{'step': 500, 'tokens': 131072000, 'lm_loss': 4.8311, 'aux_loss': 2.0001, 'z_loss': 0.001, 'grad_norm': 1.0625, 'lr': 0.0004, 'tokens_per_sec': 323858.6868, 'mfu': 0.0989, 'expert_load_cv': 0.0413, 'min_expert_frac': 0.2374, 'dead_experts': 0, 'peak_vram_gb': 11.913}
{'step': 510, 'tokens': 133693440, 'lm_loss': 4.8322, 'aux_loss': 2.0023, 'z_loss': 0.001, 'grad_norm': 1.1094, 'lr': 0.0004, 'tokens_per_sec': 323865.8091, 'mfu': 0.0989, 'expert_load_cv': 0.0411, 'min_expert_frac': 0.237, 'dead_experts': 0, 'peak_vram_gb': 11.913}
{'step': 520, 'tokens': 136314880, 'lm_loss': 4.8737, 'aux_loss': 2.0015, 'z_loss': 0.001, 'grad_norm': 1.0547, 'lr': 0.0004, 'tokens_per_sec': 323863.7577, 'mfu': 0.0989, 'expert_load_cv': 0.0375, 'min_expert_frac': 0.238, 'dead_experts': 0, 'peak_vram_gb': 11.913}
{'step': 530, 'tokens': 138936320, 'lm_loss': 4.7787, 'aux_loss': 2.0004, 'z_loss': 0.001, 'grad_norm': 0.9844, 'lr': 0.0004, 'tokens_per_sec': 323813.5208, 'mfu': 0.0989, 'expert_load_cv': 0.0416, 'min_expert_frac': 0.2361, 'dead_experts': 0, 'peak_vram_gb': 11.913}
{'step': 540, 'tokens': 141557760, 'lm_loss': 4.7697, 'aux_loss': 2.0014, 'z_loss': 0.001, 'grad_norm': 1.0312, 'lr': 0.0004, 'tokens_per_sec': 323841.7212, 'mfu': 0.0989, 'expert_load_cv': 0.0405, 'min_expert_frac': 0.2369, 'dead_experts': 0, 'peak_vram_gb': 11.913}
{'step': 550, 'tokens': 144179200, 'lm_loss': 4.7587, 'aux_loss': 2.002, 'z_loss': 0.0011, 'grad_norm': 0.9102, 'lr': 0.0004, 'tokens_per_sec': 323866.8979, 'mfu': 0.0989, 'expert_load_cv': 0.0437, 'min_expert_frac': 0.2363, 'dead_experts': 0, 'peak_vram_gb': 11.913}
{'step': 560, 'tokens': 146800640, 'lm_loss': 4.7309, 'aux_loss': 2.0005, 'z_loss': 0.001, 'grad_norm': 0.8945, 'lr': 0.0004, 'tokens_per_sec': 323900.0399, 'mfu': 0.0989, 'expert_load_cv': 0.0424, 'min_expert_frac': 0.2364, 'dead_experts': 0, 'peak_vram_gb': 11.913}
{'step': 570, 'tokens': 149422080, 'lm_loss': 4.7706, 'aux_loss': 2.0008, 'z_loss': 0.001, 'grad_norm': 1.1406, 'lr': 0.0004, 'tokens_per_sec': 323903.8211, 'mfu': 0.0989, 'expert_load_cv': 0.0375, 'min_expert_frac': 0.2377, 'dead_experts': 0, 'peak_vram_gb': 11.913}
{'step': 580, 'tokens': 152043520, 'lm_loss': 4.6957, 'aux_loss': 2.0006, 'z_loss': 0.001, 'grad_norm': 0.8555, 'lr': 0.0004, 'tokens_per_sec': 323926.3926, 'mfu': 0.0989, 'expert_load_cv': 0.0408, 'min_expert_frac': 0.2371, 'dead_experts': 0, 'peak_vram_gb': 11.913}
{'step': 590, 'tokens': 154664960, 'lm_loss': 4.7355, 'aux_loss': 2.0014, 'z_loss': 0.001, 'grad_norm': 0.8125, 'lr': 0.0004, 'tokens_per_sec': 323929.9616, 'mfu': 0.0989, 'expert_load_cv': 0.0429, 'min_expert_frac': 0.236, 'dead_experts': 0, 'peak_vram_gb': 11.913}
{'step': 600, 'tokens': 157286400, 'lm_loss': 4.6993, 'aux_loss': 1.9998, 'z_loss': 0.001, 'grad_norm': 1.0234, 'lr': 0.0004, 'tokens_per_sec': 323909.791, 'mfu': 0.0989, 'expert_load_cv': 0.0435, 'min_expert_frac': 0.2365, 'dead_experts': 0, 'peak_vram_gb': 11.913}
{'step': 610, 'tokens': 159907840, 'lm_loss': 4.7238, 'aux_loss': 2.0005, 'z_loss': 0.001, 'grad_norm': 0.9805, 'lr': 0.0004, 'tokens_per_sec': 323954.8436, 'mfu': 0.0989, 'expert_load_cv': 0.0392, 'min_expert_frac': 0.2375, 'dead_experts': 0, 'peak_vram_gb': 11.913}
{'step': 620, 'tokens': 162529280, 'lm_loss': 4.6434, 'aux_loss': 2.0017, 'z_loss': 0.001, 'grad_norm': 0.8867, 'lr': 0.0004, 'tokens_per_sec': 323951.7824, 'mfu': 0.0989, 'expert_load_cv': 0.0393, 'min_expert_frac': 0.2379, 'dead_experts': 0, 'peak_vram_gb': 11.913}
{'step': 630, 'tokens': 165150720, 'lm_loss': 4.6836, 'aux_loss': 2.0019, 'z_loss': 0.001, 'grad_norm': 1.0938, 'lr': 0.0004, 'tokens_per_sec': 323961.3316, 'mfu': 0.0989, 'expert_load_cv': 0.0409, 'min_expert_frac': 0.2374, 'dead_experts': 0, 'peak_vram_gb': 11.913}
{'step': 640, 'tokens': 167772160, 'lm_loss': 4.6615, 'aux_loss': 2.0015, 'z_loss': 0.001, 'grad_norm': 0.7617, 'lr': 0.0004, 'tokens_per_sec': 323959.2804, 'mfu': 0.0989, 'expert_load_cv': 0.0421, 'min_expert_frac': 0.237, 'dead_experts': 0, 'peak_vram_gb': 11.913}
{'step': 650, 'tokens': 170393600, 'lm_loss': 4.6245, 'aux_loss': 2.0016, 'z_loss': 0.001, 'grad_norm': 0.9062, 'lr': 0.0004, 'tokens_per_sec': 323953.7303, 'mfu': 0.0989, 'expert_load_cv': 0.0398, 'min_expert_frac': 0.238, 'dead_experts': 0, 'peak_vram_gb': 11.913}
{'step': 660, 'tokens': 173015040, 'lm_loss': 4.6465, 'aux_loss': 1.9999, 'z_loss': 0.001, 'grad_norm': 0.9141, 'lr': 0.0004, 'tokens_per_sec': 323933.0127, 'mfu': 0.0989, 'expert_load_cv': 0.0399, 'min_expert_frac': 0.2371, 'dead_experts': 0, 'peak_vram_gb': 11.913}
{'step': 670, 'tokens': 175636480, 'lm_loss': 4.5924, 'aux_loss': 2.0012, 'z_loss': 0.001, 'grad_norm': 1.1016, 'lr': 0.0004, 'tokens_per_sec': 323936.2028, 'mfu': 0.0989, 'expert_load_cv': 0.0407, 'min_expert_frac': 0.2366, 'dead_experts': 0, 'peak_vram_gb': 11.913}
{'step': 680, 'tokens': 178257920, 'lm_loss': 4.6006, 'aux_loss': 2.0006, 'z_loss': 0.001, 'grad_norm': 0.8672, 'lr': 0.0004, 'tokens_per_sec': 323942.2941, 'mfu': 0.0989, 'expert_load_cv': 0.0409, 'min_expert_frac': 0.2374, 'dead_experts': 0, 'peak_vram_gb': 11.913}
{'step': 690, 'tokens': 180879360, 'lm_loss': 4.5881, 'aux_loss': 2.0005, 'z_loss': 0.001, 'grad_norm': 0.9805, 'lr': 0.0004, 'tokens_per_sec': 323957.0205, 'mfu': 0.0989, 'expert_load_cv': 0.0373, 'min_expert_frac': 0.2378, 'dead_experts': 0, 'peak_vram_gb': 11.913}
{'step': 700, 'tokens': 183500800, 'lm_loss': 4.623, 'aux_loss': 2.0013, 'z_loss': 0.001, 'grad_norm': 0.9375, 'lr': 0.0004, 'tokens_per_sec': 323972.4895, 'mfu': 0.0989, 'expert_load_cv': 0.0375, 'min_expert_frac': 0.238, 'dead_experts': 0, 'peak_vram_gb': 11.913}
{'step': 710, 'tokens': 186122240, 'lm_loss': 4.6189, 'aux_loss': 2.0002, 'z_loss': 0.001, 'grad_norm': 0.9492, 'lr': 0.0004, 'tokens_per_sec': 323994.0098, 'mfu': 0.0989, 'expert_load_cv': 0.0404, 'min_expert_frac': 0.2374, 'dead_experts': 0, 'peak_vram_gb': 11.913}
{'step': 720, 'tokens': 188743680, 'lm_loss': 4.5332, 'aux_loss': 2.0012, 'z_loss': 0.001, 'grad_norm': 0.8555, 'lr': 0.0004, 'tokens_per_sec': 324006.3164, 'mfu': 0.0989, 'expert_load_cv': 0.039, 'min_expert_frac': 0.2374, 'dead_experts': 0, 'peak_vram_gb': 11.913}
{'step': 730, 'tokens': 191365120, 'lm_loss': 4.5163, 'aux_loss': 2.0013, 'z_loss': 0.001, 'grad_norm': 0.8711, 'lr': 0.0004, 'tokens_per_sec': 324036.0994, 'mfu': 0.0989, 'expert_load_cv': 0.0389, 'min_expert_frac': 0.2377, 'dead_experts': 0, 'peak_vram_gb': 11.913}
{'step': 740, 'tokens': 193986560, 'lm_loss': 4.6061, 'aux_loss': 2.0012, 'z_loss': 0.0011, 'grad_norm': 0.9453, 'lr': 0.0004, 'tokens_per_sec': 324027.3438, 'mfu': 0.0989, 'expert_load_cv': 0.0389, 'min_expert_frac': 0.2378, 'dead_experts': 0, 'peak_vram_gb': 11.913}
{'step': 750, 'tokens': 196608000, 'lm_loss': 4.5418, 'aux_loss': 2.003, 'z_loss': 0.001, 'grad_norm': 0.7266, 'lr': 0.0004, 'tokens_per_sec': 324016.0192, 'mfu': 0.0989, 'expert_load_cv': 0.0393, 'min_expert_frac': 0.237, 'dead_experts': 0, 'peak_vram_gb': 11.913}
{'step': 760, 'tokens': 199229440, 'lm_loss': 4.5179, 'aux_loss': 2.0018, 'z_loss': 0.001, 'grad_norm': 0.7422, 'lr': 0.0004, 'tokens_per_sec': 324033.9729, 'mfu': 0.0989, 'expert_load_cv': 0.0383, 'min_expert_frac': 0.2382, 'dead_experts': 0, 'peak_vram_gb': 11.913}
{'step': 770, 'tokens': 201850880, 'lm_loss': 4.5513, 'aux_loss': 2.0029, 'z_loss': 0.001, 'grad_norm': 0.7109, 'lr': 0.0004, 'tokens_per_sec': 324046.4231, 'mfu': 0.0989, 'expert_load_cv': 0.0393, 'min_expert_frac': 0.2368, 'dead_experts': 0, 'peak_vram_gb': 11.913}
{'step': 780, 'tokens': 204472320, 'lm_loss': 4.4954, 'aux_loss': 2.0024, 'z_loss': 0.001, 'grad_norm': 0.7188, 'lr': 0.0004, 'tokens_per_sec': 324044.9573, 'mfu': 0.0989, 'expert_load_cv': 0.0374, 'min_expert_frac': 0.2379, 'dead_experts': 0, 'peak_vram_gb': 11.913}
{'step': 790, 'tokens': 207093760, 'lm_loss': 4.4975, 'aux_loss': 2.0017, 'z_loss': 0.001, 'grad_norm': 0.9023, 'lr': 0.0004, 'tokens_per_sec': 324050.8853, 'mfu': 0.0989, 'expert_load_cv': 0.0392, 'min_expert_frac': 0.2374, 'dead_experts': 0, 'peak_vram_gb': 11.913}
{'step': 800, 'tokens': 209715200, 'lm_loss': 4.4602, 'aux_loss': 2.0004, 'z_loss': 0.001, 'grad_norm': 0.9297, 'lr': 0.0004, 'tokens_per_sec': 324023.6946, 'mfu': 0.0989, 'expert_load_cv': 0.0387, 'min_expert_frac': 0.2378, 'dead_experts': 0, 'peak_vram_gb': 11.913}
{'step': 810, 'tokens': 212336640, 'lm_loss': 4.4813, 'aux_loss': 2.0013, 'z_loss': 0.001, 'grad_norm': 0.7812, 'lr': 0.0004, 'tokens_per_sec': 324032.8235, 'mfu': 0.0989, 'expert_load_cv': 0.0401, 'min_expert_frac': 0.2375, 'dead_experts': 0, 'peak_vram_gb': 11.913}
{'step': 820, 'tokens': 214958080, 'lm_loss': 4.5108, 'aux_loss': 2.0015, 'z_loss': 0.001, 'grad_norm': 0.8047, 'lr': 0.0004, 'tokens_per_sec': 324033.0708, 'mfu': 0.0989, 'expert_load_cv': 0.039, 'min_expert_frac': 0.2375, 'dead_experts': 0, 'peak_vram_gb': 11.913}
{'step': 830, 'tokens': 217579520, 'lm_loss': 4.4719, 'aux_loss': 2.0015, 'z_loss': 0.001, 'grad_norm': 1.0703, 'lr': 0.0004, 'tokens_per_sec': 324049.3779, 'mfu': 0.0989, 'expert_load_cv': 0.0369, 'min_expert_frac': 0.2379, 'dead_experts': 0, 'peak_vram_gb': 11.913}
{'step': 840, 'tokens': 220200960, 'lm_loss': 4.5176, 'aux_loss': 2.0015, 'z_loss': 0.001, 'grad_norm': 0.7188, 'lr': 0.0004, 'tokens_per_sec': 324060.9887, 'mfu': 0.0989, 'expert_load_cv': 0.0372, 'min_expert_frac': 0.2389, 'dead_experts': 0, 'peak_vram_gb': 11.913}
{'step': 850, 'tokens': 222822400, 'lm_loss': 4.4936, 'aux_loss': 2.001, 'z_loss': 0.001, 'grad_norm': 0.75, 'lr': 0.0004, 'tokens_per_sec': 324062.0173, 'mfu': 0.0989, 'expert_load_cv': 0.0384, 'min_expert_frac': 0.2377, 'dead_experts': 0, 'peak_vram_gb': 11.913}
{'step': 860, 'tokens': 225443840, 'lm_loss': 4.4613, 'aux_loss': 2.0034, 'z_loss': 0.001, 'grad_norm': 0.9375, 'lr': 0.0004, 'tokens_per_sec': 324076.8275, 'mfu': 0.099, 'expert_load_cv': 0.0399, 'min_expert_frac': 0.2368, 'dead_experts': 0, 'peak_vram_gb': 11.913}
{'step': 870, 'tokens': 228065280, 'lm_loss': 4.3985, 'aux_loss': 2.0016, 'z_loss': 0.001, 'grad_norm': 0.7578, 'lr': 0.0004, 'tokens_per_sec': 324078.3963, 'mfu': 0.099, 'expert_load_cv': 0.0364, 'min_expert_frac': 0.2386, 'dead_experts': 0, 'peak_vram_gb': 11.913}
{'step': 880, 'tokens': 230686720, 'lm_loss': 4.4799, 'aux_loss': 2.0003, 'z_loss': 0.001, 'grad_norm': 0.8984, 'lr': 0.0004, 'tokens_per_sec': 324085.4426, 'mfu': 0.099, 'expert_load_cv': 0.0362, 'min_expert_frac': 0.2378, 'dead_experts': 0, 'peak_vram_gb': 11.913}
{'step': 890, 'tokens': 233308160, 'lm_loss': 4.4631, 'aux_loss': 2.0002, 'z_loss': 0.001, 'grad_norm': 0.7383, 'lr': 0.0004, 'tokens_per_sec': 324101.0012, 'mfu': 0.099, 'expert_load_cv': 0.0392, 'min_expert_frac': 0.2381, 'dead_experts': 0, 'peak_vram_gb': 11.913}
{'step': 900, 'tokens': 235929600, 'lm_loss': 4.3736, 'aux_loss': 2.0028, 'z_loss': 0.001, 'grad_norm': 0.8477, 'lr': 0.0004, 'tokens_per_sec': 324110.3614, 'mfu': 0.099, 'expert_load_cv': 0.0396, 'min_expert_frac': 0.2369, 'dead_experts': 0, 'peak_vram_gb': 11.913}
{'step': 910, 'tokens': 238551040, 'lm_loss': 4.4359, 'aux_loss': 2.0015, 'z_loss': 0.0009, 'grad_norm': 0.875, 'lr': 0.0004, 'tokens_per_sec': 324123.7935, 'mfu': 0.099, 'expert_load_cv': 0.038, 'min_expert_frac': 0.2381, 'dead_experts': 0, 'peak_vram_gb': 11.913}
{'step': 920, 'tokens': 241172480, 'lm_loss': 4.4085, 'aux_loss': 2.0002, 'z_loss': 0.0009, 'grad_norm': 0.7695, 'lr': 0.0004, 'tokens_per_sec': 324136.7387, 'mfu': 0.099, 'expert_load_cv': 0.0386, 'min_expert_frac': 0.2369, 'dead_experts': 0, 'peak_vram_gb': 11.913}
{'step': 930, 'tokens': 243793920, 'lm_loss': 4.3795, 'aux_loss': 2.0011, 'z_loss': 0.001, 'grad_norm': 0.9141, 'lr': 0.0004, 'tokens_per_sec': 324133.7971, 'mfu': 0.099, 'expert_load_cv': 0.0351, 'min_expert_frac': 0.2389, 'dead_experts': 0, 'peak_vram_gb': 11.913}
{'step': 940, 'tokens': 246415360, 'lm_loss': 4.328, 'aux_loss': 2.0008, 'z_loss': 0.001, 'grad_norm': 0.8555, 'lr': 0.0003, 'tokens_per_sec': 324140.7378, 'mfu': 0.099, 'expert_load_cv': 0.0359, 'min_expert_frac': 0.2383, 'dead_experts': 0, 'peak_vram_gb': 11.913}
{'step': 950, 'tokens': 249036800, 'lm_loss': 4.3469, 'aux_loss': 2.001, 'z_loss': 0.0009, 'grad_norm': 0.7656, 'lr': 0.0003, 'tokens_per_sec': 324157.1245, 'mfu': 0.099, 'expert_load_cv': 0.0381, 'min_expert_frac': 0.2384, 'dead_experts': 0, 'peak_vram_gb': 11.913}
Writing model shards:   0%|          | 0/1 [00:00<?, ?it/s]Writing model shards: 100%|██████████| 1/1 [00:00<00:00, 19.45it/s]
  saved runs/seedvar_E4_s1/step953
{'step': 960, 'tokens': 251658240, 'lm_loss': 4.4126, 'aux_loss': 2.0009, 'z_loss': 0.0009, 'grad_norm': 0.9414, 'lr': 0.0003, 'tokens_per_sec': 324090.406, 'mfu': 0.099, 'expert_load_cv': 0.0383, 'min_expert_frac': 0.2382, 'dead_experts': 0, 'peak_vram_gb': 11.913}
{'step': 970, 'tokens': 254279680, 'lm_loss': 4.422, 'aux_loss': 2.0019, 'z_loss': 0.0009, 'grad_norm': 0.9297, 'lr': 0.0003, 'tokens_per_sec': 324087.3532, 'mfu': 0.099, 'expert_load_cv': 0.0392, 'min_expert_frac': 0.2379, 'dead_experts': 0, 'peak_vram_gb': 11.913}
{'step': 980, 'tokens': 256901120, 'lm_loss': 4.2723, 'aux_loss': 2.0035, 'z_loss': 0.0009, 'grad_norm': 0.9219, 'lr': 0.0003, 'tokens_per_sec': 324083.5655, 'mfu': 0.099, 'expert_load_cv': 0.0364, 'min_expert_frac': 0.2393, 'dead_experts': 0, 'peak_vram_gb': 11.913}
{'step': 990, 'tokens': 259522560, 'lm_loss': 4.3622, 'aux_loss': 2.001, 'z_loss': 0.0009, 'grad_norm': 0.6914, 'lr': 0.0003, 'tokens_per_sec': 324084.046, 'mfu': 0.099, 'expert_load_cv': 0.0369, 'min_expert_frac': 0.2381, 'dead_experts': 0, 'peak_vram_gb': 11.913}
{'step': 1000, 'tokens': 262144000, 'lm_loss': 4.3616, 'aux_loss': 2.0018, 'z_loss': 0.0009, 'grad_norm': 0.8945, 'lr': 0.0003, 'tokens_per_sec': 324083.5871, 'mfu': 0.099, 'expert_load_cv': 0.0362, 'min_expert_frac': 0.2385, 'dead_experts': 0, 'peak_vram_gb': 11.913}
{'step': 1010, 'tokens': 264765440, 'lm_loss': 4.3191, 'aux_loss': 2.0021, 'z_loss': 0.0009, 'grad_norm': 0.7188, 'lr': 0.0003, 'tokens_per_sec': 324070.6584, 'mfu': 0.099, 'expert_load_cv': 0.0353, 'min_expert_frac': 0.2389, 'dead_experts': 0, 'peak_vram_gb': 11.913}
{'step': 1020, 'tokens': 267386880, 'lm_loss': 4.2924, 'aux_loss': 2.0016, 'z_loss': 0.0009, 'grad_norm': 0.7539, 'lr': 0.0003, 'tokens_per_sec': 324062.221, 'mfu': 0.0989, 'expert_load_cv': 0.0372, 'min_expert_frac': 0.2377, 'dead_experts': 0, 'peak_vram_gb': 11.913}
{'step': 1030, 'tokens': 270008320, 'lm_loss': 4.311, 'aux_loss': 2.0009, 'z_loss': 0.0009, 'grad_norm': 0.8594, 'lr': 0.0003, 'tokens_per_sec': 324051.052, 'mfu': 0.0989, 'expert_load_cv': 0.0367, 'min_expert_frac': 0.2389, 'dead_experts': 0, 'peak_vram_gb': 11.913}
{'step': 1040, 'tokens': 272629760, 'lm_loss': 4.3035, 'aux_loss': 1.9997, 'z_loss': 0.0009, 'grad_norm': 0.9023, 'lr': 0.0003, 'tokens_per_sec': 324065.6071, 'mfu': 0.0989, 'expert_load_cv': 0.0342, 'min_expert_frac': 0.2396, 'dead_experts': 0, 'peak_vram_gb': 11.913}
{'step': 1050, 'tokens': 275251200, 'lm_loss': 4.2354, 'aux_loss': 2.001, 'z_loss': 0.0009, 'grad_norm': 0.8008, 'lr': 0.0003, 'tokens_per_sec': 324065.3655, 'mfu': 0.0989, 'expert_load_cv': 0.0374, 'min_expert_frac': 0.2384, 'dead_experts': 0, 'peak_vram_gb': 11.913}
{'step': 1060, 'tokens': 277872640, 'lm_loss': 4.3355, 'aux_loss': 2.0008, 'z_loss': 0.0009, 'grad_norm': 0.8711, 'lr': 0.0003, 'tokens_per_sec': 324078.2024, 'mfu': 0.099, 'expert_load_cv': 0.0349, 'min_expert_frac': 0.2386, 'dead_experts': 0, 'peak_vram_gb': 11.913}
{'step': 1070, 'tokens': 280494080, 'lm_loss': 4.2627, 'aux_loss': 2.0014, 'z_loss': 0.0009, 'grad_norm': 0.7266, 'lr': 0.0003, 'tokens_per_sec': 324090.7828, 'mfu': 0.099, 'expert_load_cv': 0.0374, 'min_expert_frac': 0.2387, 'dead_experts': 0, 'peak_vram_gb': 11.913}
{'step': 1080, 'tokens': 283115520, 'lm_loss': 4.2708, 'aux_loss': 2.0023, 'z_loss': 0.0009, 'grad_norm': 1.1328, 'lr': 0.0003, 'tokens_per_sec': 324107.5816, 'mfu': 0.099, 'expert_load_cv': 0.0375, 'min_expert_frac': 0.2392, 'dead_experts': 0, 'peak_vram_gb': 11.913}
{'step': 1090, 'tokens': 285736960, 'lm_loss': 4.2531, 'aux_loss': 2.0018, 'z_loss': 0.0009, 'grad_norm': 0.7734, 'lr': 0.0003, 'tokens_per_sec': 324115.1175, 'mfu': 0.099, 'expert_load_cv': 0.0344, 'min_expert_frac': 0.24, 'dead_experts': 0, 'peak_vram_gb': 11.913}
{'step': 1100, 'tokens': 288358400, 'lm_loss': 4.2391, 'aux_loss': 2.0003, 'z_loss': 0.0009, 'grad_norm': 0.7227, 'lr': 0.0003, 'tokens_per_sec': 324124.781, 'mfu': 0.099, 'expert_load_cv': 0.0376, 'min_expert_frac': 0.238, 'dead_experts': 0, 'peak_vram_gb': 11.913}
{'step': 1110, 'tokens': 290979840, 'lm_loss': 4.1885, 'aux_loss': 2.0016, 'z_loss': 0.0008, 'grad_norm': 0.7539, 'lr': 0.0003, 'tokens_per_sec': 324103.2502, 'mfu': 0.099, 'expert_load_cv': 0.0364, 'min_expert_frac': 0.2392, 'dead_experts': 0, 'peak_vram_gb': 11.913}
{'step': 1120, 'tokens': 293601280, 'lm_loss': 4.2294, 'aux_loss': 2.0017, 'z_loss': 0.0008, 'grad_norm': 0.7891, 'lr': 0.0003, 'tokens_per_sec': 324112.506, 'mfu': 0.099, 'expert_load_cv': 0.035, 'min_expert_frac': 0.2393, 'dead_experts': 0, 'peak_vram_gb': 11.913}
{'step': 1130, 'tokens': 296222720, 'lm_loss': 4.2696, 'aux_loss': 2.0008, 'z_loss': 0.0009, 'grad_norm': 0.6445, 'lr': 0.0003, 'tokens_per_sec': 324115.8507, 'mfu': 0.099, 'expert_load_cv': 0.0374, 'min_expert_frac': 0.239, 'dead_experts': 0, 'peak_vram_gb': 11.913}
{'step': 1140, 'tokens': 298844160, 'lm_loss': 4.2248, 'aux_loss': 2.0016, 'z_loss': 0.0008, 'grad_norm': 0.7656, 'lr': 0.0003, 'tokens_per_sec': 324124.1697, 'mfu': 0.099, 'expert_load_cv': 0.0366, 'min_expert_frac': 0.2394, 'dead_experts': 0, 'peak_vram_gb': 11.913}
{'step': 1150, 'tokens': 301465600, 'lm_loss': 4.2293, 'aux_loss': 2.0015, 'z_loss': 0.0008, 'grad_norm': 0.6641, 'lr': 0.0003, 'tokens_per_sec': 324129.6482, 'mfu': 0.099, 'expert_load_cv': 0.0338, 'min_expert_frac': 0.2401, 'dead_experts': 0, 'peak_vram_gb': 11.913}
{'step': 1160, 'tokens': 304087040, 'lm_loss': 4.2713, 'aux_loss': 2.0011, 'z_loss': 0.0008, 'grad_norm': 0.875, 'lr': 0.0003, 'tokens_per_sec': 324139.5838, 'mfu': 0.099, 'expert_load_cv': 0.0356, 'min_expert_frac': 0.2393, 'dead_experts': 0, 'peak_vram_gb': 11.913}
{'step': 1170, 'tokens': 306708480, 'lm_loss': 4.2124, 'aux_loss': 2.0026, 'z_loss': 0.0008, 'grad_norm': 0.7617, 'lr': 0.0003, 'tokens_per_sec': 324139.3547, 'mfu': 0.099, 'expert_load_cv': 0.0361, 'min_expert_frac': 0.239, 'dead_experts': 0, 'peak_vram_gb': 11.913}
{'step': 1180, 'tokens': 309329920, 'lm_loss': 4.1918, 'aux_loss': 2.0029, 'z_loss': 0.0008, 'grad_norm': 0.7656, 'lr': 0.0003, 'tokens_per_sec': 324147.2763, 'mfu': 0.099, 'expert_load_cv': 0.0348, 'min_expert_frac': 0.2401, 'dead_experts': 0, 'peak_vram_gb': 11.913}
{'step': 1190, 'tokens': 311951360, 'lm_loss': 4.1671, 'aux_loss': 2.0024, 'z_loss': 0.0008, 'grad_norm': 0.7344, 'lr': 0.0003, 'tokens_per_sec': 324148.2926, 'mfu': 0.099, 'expert_load_cv': 0.0361, 'min_expert_frac': 0.2392, 'dead_experts': 0, 'peak_vram_gb': 11.913}
{'step': 1200, 'tokens': 314572800, 'lm_loss': 4.1749, 'aux_loss': 2.002, 'z_loss': 0.0008, 'grad_norm': 0.6953, 'lr': 0.0003, 'tokens_per_sec': 324155.8941, 'mfu': 0.099, 'expert_load_cv': 0.0399, 'min_expert_frac': 0.2394, 'dead_experts': 0, 'peak_vram_gb': 11.913}
{'step': 1210, 'tokens': 317194240, 'lm_loss': 4.2058, 'aux_loss': 2.002, 'z_loss': 0.0008, 'grad_norm': 0.9258, 'lr': 0.0003, 'tokens_per_sec': 324155.8153, 'mfu': 0.099, 'expert_load_cv': 0.0338, 'min_expert_frac': 0.24, 'dead_experts': 0, 'peak_vram_gb': 11.913}
{'step': 1220, 'tokens': 319815680, 'lm_loss': 4.2059, 'aux_loss': 2.0009, 'z_loss': 0.0008, 'grad_norm': 0.7344, 'lr': 0.0003, 'tokens_per_sec': 324158.2489, 'mfu': 0.099, 'expert_load_cv': 0.0361, 'min_expert_frac': 0.2405, 'dead_experts': 0, 'peak_vram_gb': 11.913}
{'step': 1230, 'tokens': 322437120, 'lm_loss': 4.1415, 'aux_loss': 2.0028, 'z_loss': 0.0008, 'grad_norm': 0.8086, 'lr': 0.0003, 'tokens_per_sec': 324157.4847, 'mfu': 0.099, 'expert_load_cv': 0.0356, 'min_expert_frac': 0.2403, 'dead_experts': 0, 'peak_vram_gb': 11.913}
{'step': 1240, 'tokens': 325058560, 'lm_loss': 4.1881, 'aux_loss': 2.0009, 'z_loss': 0.0008, 'grad_norm': 0.8125, 'lr': 0.0003, 'tokens_per_sec': 324180.8264, 'mfu': 0.099, 'expert_load_cv': 0.0344, 'min_expert_frac': 0.2405, 'dead_experts': 0, 'peak_vram_gb': 11.913}
{'step': 1250, 'tokens': 327680000, 'lm_loss': 4.1724, 'aux_loss': 2.0013, 'z_loss': 0.0008, 'grad_norm': 0.7617, 'lr': 0.0003, 'tokens_per_sec': 324188.0443, 'mfu': 0.099, 'expert_load_cv': 0.0363, 'min_expert_frac': 0.2399, 'dead_experts': 0, 'peak_vram_gb': 11.913}
{'step': 1260, 'tokens': 330301440, 'lm_loss': 4.1564, 'aux_loss': 2.0016, 'z_loss': 0.0008, 'grad_norm': 0.832, 'lr': 0.0003, 'tokens_per_sec': 324171.8687, 'mfu': 0.099, 'expert_load_cv': 0.0357, 'min_expert_frac': 0.2392, 'dead_experts': 0, 'peak_vram_gb': 11.913}
{'step': 1270, 'tokens': 332922880, 'lm_loss': 4.1216, 'aux_loss': 2.0015, 'z_loss': 0.0008, 'grad_norm': 0.793, 'lr': 0.0003, 'tokens_per_sec': 324184.096, 'mfu': 0.099, 'expert_load_cv': 0.0361, 'min_expert_frac': 0.2399, 'dead_experts': 0, 'peak_vram_gb': 11.913}
{'step': 1280, 'tokens': 335544320, 'lm_loss': 4.1302, 'aux_loss': 2.0018, 'z_loss': 0.0008, 'grad_norm': 0.7617, 'lr': 0.0003, 'tokens_per_sec': 324173.7087, 'mfu': 0.099, 'expert_load_cv': 0.0356, 'min_expert_frac': 0.2402, 'dead_experts': 0, 'peak_vram_gb': 11.913}
{'step': 1290, 'tokens': 338165760, 'lm_loss': 4.1245, 'aux_loss': 2.0018, 'z_loss': 0.0007, 'grad_norm': 0.8828, 'lr': 0.0003, 'tokens_per_sec': 324175.7367, 'mfu': 0.099, 'expert_load_cv': 0.036, 'min_expert_frac': 0.2395, 'dead_experts': 0, 'peak_vram_gb': 11.913}
{'step': 1300, 'tokens': 340787200, 'lm_loss': 4.184, 'aux_loss': 2.0027, 'z_loss': 0.0008, 'grad_norm': 0.7734, 'lr': 0.0003, 'tokens_per_sec': 324168.8601, 'mfu': 0.099, 'expert_load_cv': 0.0343, 'min_expert_frac': 0.2393, 'dead_experts': 0, 'peak_vram_gb': 11.913}
{'step': 1310, 'tokens': 343408640, 'lm_loss': 4.1504, 'aux_loss': 2.0007, 'z_loss': 0.0007, 'grad_norm': 0.7422, 'lr': 0.0003, 'tokens_per_sec': 324158.7364, 'mfu': 0.099, 'expert_load_cv': 0.0358, 'min_expert_frac': 0.2404, 'dead_experts': 0, 'peak_vram_gb': 11.913}
{'step': 1320, 'tokens': 346030080, 'lm_loss': 4.064, 'aux_loss': 2.0006, 'z_loss': 0.0008, 'grad_norm': 0.7344, 'lr': 0.0003, 'tokens_per_sec': 324173.2174, 'mfu': 0.099, 'expert_load_cv': 0.0335, 'min_expert_frac': 0.2405, 'dead_experts': 0, 'peak_vram_gb': 11.913}
{'step': 1330, 'tokens': 348651520, 'lm_loss': 4.1239, 'aux_loss': 2.0014, 'z_loss': 0.0008, 'grad_norm': 0.8555, 'lr': 0.0003, 'tokens_per_sec': 324175.7732, 'mfu': 0.099, 'expert_load_cv': 0.0356, 'min_expert_frac': 0.2402, 'dead_experts': 0, 'peak_vram_gb': 11.913}
{'step': 1340, 'tokens': 351272960, 'lm_loss': 4.127, 'aux_loss': 2.0017, 'z_loss': 0.0007, 'grad_norm': 0.8125, 'lr': 0.0003, 'tokens_per_sec': 324175.5219, 'mfu': 0.099, 'expert_load_cv': 0.0348, 'min_expert_frac': 0.24, 'dead_experts': 0, 'peak_vram_gb': 11.913}
{'step': 1350, 'tokens': 353894400, 'lm_loss': 4.1288, 'aux_loss': 2.0013, 'z_loss': 0.0007, 'grad_norm': 0.8477, 'lr': 0.0003, 'tokens_per_sec': 324183.1072, 'mfu': 0.099, 'expert_load_cv': 0.035, 'min_expert_frac': 0.2396, 'dead_experts': 0, 'peak_vram_gb': 11.913}
{'step': 1360, 'tokens': 356515840, 'lm_loss': 4.156, 'aux_loss': 2.0, 'z_loss': 0.0008, 'grad_norm': 0.7891, 'lr': 0.0003, 'tokens_per_sec': 324185.1894, 'mfu': 0.099, 'expert_load_cv': 0.0339, 'min_expert_frac': 0.2401, 'dead_experts': 0, 'peak_vram_gb': 11.913}
{'step': 1370, 'tokens': 359137280, 'lm_loss': 4.0896, 'aux_loss': 2.0011, 'z_loss': 0.0008, 'grad_norm': 0.7461, 'lr': 0.0003, 'tokens_per_sec': 324183.9313, 'mfu': 0.099, 'expert_load_cv': 0.0373, 'min_expert_frac': 0.2403, 'dead_experts': 0, 'peak_vram_gb': 11.913}
{'step': 1380, 'tokens': 361758720, 'lm_loss': 4.059, 'aux_loss': 2.0018, 'z_loss': 0.0007, 'grad_norm': 0.8008, 'lr': 0.0003, 'tokens_per_sec': 324186.0601, 'mfu': 0.099, 'expert_load_cv': 0.0362, 'min_expert_frac': 0.2398, 'dead_experts': 0, 'peak_vram_gb': 11.913}
{'step': 1390, 'tokens': 364380160, 'lm_loss': 4.0353, 'aux_loss': 2.0012, 'z_loss': 0.0007, 'grad_norm': 0.7578, 'lr': 0.0003, 'tokens_per_sec': 324197.107, 'mfu': 0.099, 'expert_load_cv': 0.036, 'min_expert_frac': 0.24, 'dead_experts': 0, 'peak_vram_gb': 11.913}
{'step': 1400, 'tokens': 367001600, 'lm_loss': 4.1301, 'aux_loss': 2.0012, 'z_loss': 0.0007, 'grad_norm': 0.7969, 'lr': 0.0003, 'tokens_per_sec': 324202.8359, 'mfu': 0.099, 'expert_load_cv': 0.0365, 'min_expert_frac': 0.2401, 'dead_experts': 0, 'peak_vram_gb': 11.913}
{'step': 1410, 'tokens': 369623040, 'lm_loss': 4.0785, 'aux_loss': 2.0019, 'z_loss': 0.0007, 'grad_norm': 0.9219, 'lr': 0.0003, 'tokens_per_sec': 324198.3819, 'mfu': 0.099, 'expert_load_cv': 0.0362, 'min_expert_frac': 0.2398, 'dead_experts': 0, 'peak_vram_gb': 11.913}
{'step': 1420, 'tokens': 372244480, 'lm_loss': 4.0393, 'aux_loss': 2.0012, 'z_loss': 0.0008, 'grad_norm': 0.8516, 'lr': 0.0003, 'tokens_per_sec': 324204.1283, 'mfu': 0.099, 'expert_load_cv': 0.0349, 'min_expert_frac': 0.2398, 'dead_experts': 0, 'peak_vram_gb': 11.913}
{'step': 1430, 'tokens': 374865920, 'lm_loss': 4.069, 'aux_loss': 2.0011, 'z_loss': 0.0007, 'grad_norm': 0.6758, 'lr': 0.0003, 'tokens_per_sec': 324214.9502, 'mfu': 0.099, 'expert_load_cv': 0.035, 'min_expert_frac': 0.2401, 'dead_experts': 0, 'peak_vram_gb': 11.913}
{'step': 1440, 'tokens': 377487360, 'lm_loss': 4.069, 'aux_loss': 2.0021, 'z_loss': 0.0007, 'grad_norm': 0.8945, 'lr': 0.0003, 'tokens_per_sec': 324220.7711, 'mfu': 0.099, 'expert_load_cv': 0.0344, 'min_expert_frac': 0.2402, 'dead_experts': 0, 'peak_vram_gb': 11.913}
{'step': 1450, 'tokens': 380108800, 'lm_loss': 4.0515, 'aux_loss': 2.001, 'z_loss': 0.0007, 'grad_norm': 0.8086, 'lr': 0.0003, 'tokens_per_sec': 324234.9543, 'mfu': 0.099, 'expert_load_cv': 0.0349, 'min_expert_frac': 0.2405, 'dead_experts': 0, 'peak_vram_gb': 11.913}
{'step': 1460, 'tokens': 382730240, 'lm_loss': 4.087, 'aux_loss': 2.0016, 'z_loss': 0.0007, 'grad_norm': 0.7773, 'lr': 0.0003, 'tokens_per_sec': 324235.9787, 'mfu': 0.099, 'expert_load_cv': 0.0351, 'min_expert_frac': 0.2405, 'dead_experts': 0, 'peak_vram_gb': 11.913}
{'step': 1470, 'tokens': 385351680, 'lm_loss': 4.0978, 'aux_loss': 2.0021, 'z_loss': 0.0007, 'grad_norm': 0.8438, 'lr': 0.0003, 'tokens_per_sec': 324248.5985, 'mfu': 0.099, 'expert_load_cv': 0.0343, 'min_expert_frac': 0.24, 'dead_experts': 0, 'peak_vram_gb': 11.913}
{'step': 1480, 'tokens': 387973120, 'lm_loss': 4.0098, 'aux_loss': 2.0006, 'z_loss': 0.0007, 'grad_norm': 0.6523, 'lr': 0.0003, 'tokens_per_sec': 324247.2112, 'mfu': 0.099, 'expert_load_cv': 0.0365, 'min_expert_frac': 0.2404, 'dead_experts': 0, 'peak_vram_gb': 11.913}
{'step': 1490, 'tokens': 390594560, 'lm_loss': 4.075, 'aux_loss': 2.0014, 'z_loss': 0.0007, 'grad_norm': 0.8672, 'lr': 0.0003, 'tokens_per_sec': 324253.7859, 'mfu': 0.099, 'expert_load_cv': 0.0334, 'min_expert_frac': 0.2404, 'dead_experts': 0, 'peak_vram_gb': 11.913}
{'step': 1500, 'tokens': 393216000, 'lm_loss': 4.0023, 'aux_loss': 2.0007, 'z_loss': 0.0007, 'grad_norm': 0.6484, 'lr': 0.0003, 'tokens_per_sec': 324251.6955, 'mfu': 0.099, 'expert_load_cv': 0.0351, 'min_expert_frac': 0.2406, 'dead_experts': 0, 'peak_vram_gb': 11.913}
{'step': 1510, 'tokens': 395837440, 'lm_loss': 4.0177, 'aux_loss': 2.0013, 'z_loss': 0.0007, 'grad_norm': 0.8906, 'lr': 0.0003, 'tokens_per_sec': 324259.2362, 'mfu': 0.099, 'expert_load_cv': 0.0341, 'min_expert_frac': 0.241, 'dead_experts': 0, 'peak_vram_gb': 11.913}
{'step': 1520, 'tokens': 398458880, 'lm_loss': 4.0528, 'aux_loss': 2.0017, 'z_loss': 0.0007, 'grad_norm': 0.8125, 'lr': 0.0003, 'tokens_per_sec': 324264.6745, 'mfu': 0.099, 'expert_load_cv': 0.0349, 'min_expert_frac': 0.2413, 'dead_experts': 0, 'peak_vram_gb': 11.913}
{'step': 1530, 'tokens': 401080320, 'lm_loss': 4.0524, 'aux_loss': 2.0003, 'z_loss': 0.0007, 'grad_norm': 0.793, 'lr': 0.0003, 'tokens_per_sec': 324269.0323, 'mfu': 0.099, 'expert_load_cv': 0.0323, 'min_expert_frac': 0.2414, 'dead_experts': 0, 'peak_vram_gb': 11.913}
{'step': 1540, 'tokens': 403701760, 'lm_loss': 3.972, 'aux_loss': 2.0022, 'z_loss': 0.0007, 'grad_norm': 0.7812, 'lr': 0.0003, 'tokens_per_sec': 324266.7288, 'mfu': 0.099, 'expert_load_cv': 0.0345, 'min_expert_frac': 0.2405, 'dead_experts': 0, 'peak_vram_gb': 11.913}
{'step': 1550, 'tokens': 406323200, 'lm_loss': 3.9918, 'aux_loss': 2.0029, 'z_loss': 0.0007, 'grad_norm': 0.6992, 'lr': 0.0003, 'tokens_per_sec': 324270.4591, 'mfu': 0.099, 'expert_load_cv': 0.0356, 'min_expert_frac': 0.2402, 'dead_experts': 0, 'peak_vram_gb': 11.913}
{'step': 1560, 'tokens': 408944640, 'lm_loss': 3.9368, 'aux_loss': 2.0028, 'z_loss': 0.0007, 'grad_norm': 0.8906, 'lr': 0.0003, 'tokens_per_sec': 324279.7424, 'mfu': 0.099, 'expert_load_cv': 0.0337, 'min_expert_frac': 0.2405, 'dead_experts': 0, 'peak_vram_gb': 11.913}
{'step': 1570, 'tokens': 411566080, 'lm_loss': 4.0293, 'aux_loss': 2.0018, 'z_loss': 0.0007, 'grad_norm': 0.8711, 'lr': 0.0003, 'tokens_per_sec': 324277.2806, 'mfu': 0.099, 'expert_load_cv': 0.032, 'min_expert_frac': 0.2412, 'dead_experts': 0, 'peak_vram_gb': 11.913}
{'step': 1580, 'tokens': 414187520, 'lm_loss': 3.9614, 'aux_loss': 2.0024, 'z_loss': 0.0007, 'grad_norm': 0.7773, 'lr': 0.0003, 'tokens_per_sec': 324286.2821, 'mfu': 0.099, 'expert_load_cv': 0.0335, 'min_expert_frac': 0.2411, 'dead_experts': 0, 'peak_vram_gb': 11.913}
{'step': 1590, 'tokens': 416808960, 'lm_loss': 4.0731, 'aux_loss': 2.0027, 'z_loss': 0.0007, 'grad_norm': 0.7148, 'lr': 0.0003, 'tokens_per_sec': 324289.2127, 'mfu': 0.099, 'expert_load_cv': 0.0349, 'min_expert_frac': 0.2409, 'dead_experts': 0, 'peak_vram_gb': 11.913}
{'step': 1600, 'tokens': 419430400, 'lm_loss': 4.0703, 'aux_loss': 2.0013, 'z_loss': 0.0007, 'grad_norm': 0.7734, 'lr': 0.0003, 'tokens_per_sec': 324296.3378, 'mfu': 0.099, 'expert_load_cv': 0.0348, 'min_expert_frac': 0.2413, 'dead_experts': 0, 'peak_vram_gb': 11.913}
{'step': 1610, 'tokens': 422051840, 'lm_loss': 4.0464, 'aux_loss': 2.0017, 'z_loss': 0.0007, 'grad_norm': 0.7109, 'lr': 0.0003, 'tokens_per_sec': 324306.163, 'mfu': 0.099, 'expert_load_cv': 0.0329, 'min_expert_frac': 0.2414, 'dead_experts': 0, 'peak_vram_gb': 11.913}
{'step': 1620, 'tokens': 424673280, 'lm_loss': 4.0551, 'aux_loss': 2.0019, 'z_loss': 0.0007, 'grad_norm': 0.6797, 'lr': 0.0003, 'tokens_per_sec': 324302.7279, 'mfu': 0.099, 'expert_load_cv': 0.0341, 'min_expert_frac': 0.2405, 'dead_experts': 0, 'peak_vram_gb': 11.913}
{'step': 1630, 'tokens': 427294720, 'lm_loss': 4.0026, 'aux_loss': 2.0009, 'z_loss': 0.0007, 'grad_norm': 0.7656, 'lr': 0.0003, 'tokens_per_sec': 324305.6336, 'mfu': 0.099, 'expert_load_cv': 0.0343, 'min_expert_frac': 0.2408, 'dead_experts': 0, 'peak_vram_gb': 11.913}
{'step': 1640, 'tokens': 429916160, 'lm_loss': 3.9315, 'aux_loss': 2.0022, 'z_loss': 0.0007, 'grad_norm': 0.6211, 'lr': 0.0003, 'tokens_per_sec': 324317.1286, 'mfu': 0.099, 'expert_load_cv': 0.0351, 'min_expert_frac': 0.2418, 'dead_experts': 0, 'peak_vram_gb': 11.913}
{'step': 1650, 'tokens': 432537600, 'lm_loss': 3.9983, 'aux_loss': 2.0008, 'z_loss': 0.0006, 'grad_norm': 0.7891, 'lr': 0.0002, 'tokens_per_sec': 324317.8044, 'mfu': 0.099, 'expert_load_cv': 0.0317, 'min_expert_frac': 0.2414, 'dead_experts': 0, 'peak_vram_gb': 11.913}
{'step': 1660, 'tokens': 435159040, 'lm_loss': 3.9947, 'aux_loss': 2.0014, 'z_loss': 0.0007, 'grad_norm': 0.6875, 'lr': 0.0002, 'tokens_per_sec': 324327.8844, 'mfu': 0.099, 'expert_load_cv': 0.0357, 'min_expert_frac': 0.2407, 'dead_experts': 0, 'peak_vram_gb': 11.913}
{'step': 1670, 'tokens': 437780480, 'lm_loss': 3.9804, 'aux_loss': 2.0013, 'z_loss': 0.0006, 'grad_norm': 0.8203, 'lr': 0.0002, 'tokens_per_sec': 324330.3419, 'mfu': 0.099, 'expert_load_cv': 0.0325, 'min_expert_frac': 0.2409, 'dead_experts': 0, 'peak_vram_gb': 11.913}
{'step': 1680, 'tokens': 440401920, 'lm_loss': 3.9646, 'aux_loss': 2.0009, 'z_loss': 0.0007, 'grad_norm': 0.7695, 'lr': 0.0002, 'tokens_per_sec': 324336.8725, 'mfu': 0.099, 'expert_load_cv': 0.0342, 'min_expert_frac': 0.2409, 'dead_experts': 0, 'peak_vram_gb': 11.913}
{'step': 1690, 'tokens': 443023360, 'lm_loss': 4.0166, 'aux_loss': 2.0021, 'z_loss': 0.0006, 'grad_norm': 0.75, 'lr': 0.0002, 'tokens_per_sec': 324338.2426, 'mfu': 0.099, 'expert_load_cv': 0.034, 'min_expert_frac': 0.241, 'dead_experts': 0, 'peak_vram_gb': 11.913}
{'step': 1700, 'tokens': 445644800, 'lm_loss': 3.9438, 'aux_loss': 2.0003, 'z_loss': 0.0007, 'grad_norm': 0.7969, 'lr': 0.0002, 'tokens_per_sec': 324350.4558, 'mfu': 0.099, 'expert_load_cv': 0.0338, 'min_expert_frac': 0.2409, 'dead_experts': 0, 'peak_vram_gb': 11.913}
{'step': 1710, 'tokens': 448266240, 'lm_loss': 3.9038, 'aux_loss': 2.0029, 'z_loss': 0.0007, 'grad_norm': 0.6445, 'lr': 0.0002, 'tokens_per_sec': 324358.4227, 'mfu': 0.099, 'expert_load_cv': 0.0344, 'min_expert_frac': 0.2415, 'dead_experts': 0, 'peak_vram_gb': 11.913}
{'step': 1720, 'tokens': 450887680, 'lm_loss': 3.9544, 'aux_loss': 2.0007, 'z_loss': 0.0006, 'grad_norm': 0.7773, 'lr': 0.0002, 'tokens_per_sec': 324370.458, 'mfu': 0.099, 'expert_load_cv': 0.0348, 'min_expert_frac': 0.2415, 'dead_experts': 0, 'peak_vram_gb': 11.913}
{'step': 1730, 'tokens': 453509120, 'lm_loss': 3.9749, 'aux_loss': 2.0026, 'z_loss': 0.0006, 'grad_norm': 0.8047, 'lr': 0.0002, 'tokens_per_sec': 324376.1852, 'mfu': 0.099, 'expert_load_cv': 0.0336, 'min_expert_frac': 0.2415, 'dead_experts': 0, 'peak_vram_gb': 11.913}
{'step': 1740, 'tokens': 456130560, 'lm_loss': 3.9489, 'aux_loss': 2.0019, 'z_loss': 0.0006, 'grad_norm': 0.6953, 'lr': 0.0002, 'tokens_per_sec': 324385.7994, 'mfu': 0.099, 'expert_load_cv': 0.0324, 'min_expert_frac': 0.2418, 'dead_experts': 0, 'peak_vram_gb': 11.913}
{'step': 1750, 'tokens': 458752000, 'lm_loss': 4.0093, 'aux_loss': 2.0015, 'z_loss': 0.0006, 'grad_norm': 0.668, 'lr': 0.0002, 'tokens_per_sec': 324391.1845, 'mfu': 0.099, 'expert_load_cv': 0.0305, 'min_expert_frac': 0.2421, 'dead_experts': 0, 'peak_vram_gb': 11.913}
{'step': 1760, 'tokens': 461373440, 'lm_loss': 3.9937, 'aux_loss': 1.9999, 'z_loss': 0.0006, 'grad_norm': 0.6641, 'lr': 0.0002, 'tokens_per_sec': 324372.5564, 'mfu': 0.099, 'expert_load_cv': 0.0336, 'min_expert_frac': 0.2409, 'dead_experts': 0, 'peak_vram_gb': 11.913}
{'step': 1770, 'tokens': 463994880, 'lm_loss': 4.0103, 'aux_loss': 2.0009, 'z_loss': 0.0007, 'grad_norm': 0.6992, 'lr': 0.0002, 'tokens_per_sec': 324364.3903, 'mfu': 0.099, 'expert_load_cv': 0.0333, 'min_expert_frac': 0.2412, 'dead_experts': 0, 'peak_vram_gb': 11.913}
{'step': 1780, 'tokens': 466616320, 'lm_loss': 3.9566, 'aux_loss': 2.002, 'z_loss': 0.0006, 'grad_norm': 0.793, 'lr': 0.0002, 'tokens_per_sec': 324367.8192, 'mfu': 0.099, 'expert_load_cv': 0.035, 'min_expert_frac': 0.2406, 'dead_experts': 0, 'peak_vram_gb': 11.913}
{'step': 1790, 'tokens': 469237760, 'lm_loss': 3.9611, 'aux_loss': 2.0001, 'z_loss': 0.0006, 'grad_norm': 0.6562, 'lr': 0.0002, 'tokens_per_sec': 324368.34, 'mfu': 0.099, 'expert_load_cv': 0.0318, 'min_expert_frac': 0.2415, 'dead_experts': 0, 'peak_vram_gb': 11.913}
{'step': 1800, 'tokens': 471859200, 'lm_loss': 3.934, 'aux_loss': 2.0013, 'z_loss': 0.0006, 'grad_norm': 0.7695, 'lr': 0.0002, 'tokens_per_sec': 324370.5241, 'mfu': 0.099, 'expert_load_cv': 0.0346, 'min_expert_frac': 0.2409, 'dead_experts': 0, 'peak_vram_gb': 11.913}
{'step': 1810, 'tokens': 474480640, 'lm_loss': 3.8791, 'aux_loss': 2.0029, 'z_loss': 0.0006, 'grad_norm': 0.8555, 'lr': 0.0002, 'tokens_per_sec': 324375.5237, 'mfu': 0.099, 'expert_load_cv': 0.0339, 'min_expert_frac': 0.2408, 'dead_experts': 0, 'peak_vram_gb': 11.913}
{'step': 1820, 'tokens': 477102080, 'lm_loss': 3.9716, 'aux_loss': 2.0015, 'z_loss': 0.0006, 'grad_norm': 0.7578, 'lr': 0.0002, 'tokens_per_sec': 324373.0511, 'mfu': 0.099, 'expert_load_cv': 0.0329, 'min_expert_frac': 0.2415, 'dead_experts': 0, 'peak_vram_gb': 11.913}
{'step': 1830, 'tokens': 479723520, 'lm_loss': 3.9293, 'aux_loss': 2.0014, 'z_loss': 0.0006, 'grad_norm': 0.7227, 'lr': 0.0002, 'tokens_per_sec': 324376.1565, 'mfu': 0.099, 'expert_load_cv': 0.0302, 'min_expert_frac': 0.2419, 'dead_experts': 0, 'peak_vram_gb': 11.913}
{'step': 1840, 'tokens': 482344960, 'lm_loss': 3.9623, 'aux_loss': 2.0018, 'z_loss': 0.0006, 'grad_norm': 0.7227, 'lr': 0.0002, 'tokens_per_sec': 324380.2046, 'mfu': 0.099, 'expert_load_cv': 0.0321, 'min_expert_frac': 0.2413, 'dead_experts': 0, 'peak_vram_gb': 11.913}
{'step': 1850, 'tokens': 484966400, 'lm_loss': 3.9538, 'aux_loss': 2.0008, 'z_loss': 0.0006, 'grad_norm': 0.6211, 'lr': 0.0002, 'tokens_per_sec': 324374.6169, 'mfu': 0.099, 'expert_load_cv': 0.0333, 'min_expert_frac': 0.2418, 'dead_experts': 0, 'peak_vram_gb': 11.913}
{'step': 1860, 'tokens': 487587840, 'lm_loss': 3.9338, 'aux_loss': 2.002, 'z_loss': 0.0006, 'grad_norm': 0.6992, 'lr': 0.0002, 'tokens_per_sec': 324378.1745, 'mfu': 0.099, 'expert_load_cv': 0.0338, 'min_expert_frac': 0.2423, 'dead_experts': 0, 'peak_vram_gb': 11.913}
{'step': 1870, 'tokens': 490209280, 'lm_loss': 3.9612, 'aux_loss': 2.0022, 'z_loss': 0.0006, 'grad_norm': 0.7344, 'lr': 0.0002, 'tokens_per_sec': 324379.3774, 'mfu': 0.099, 'expert_load_cv': 0.0342, 'min_expert_frac': 0.2421, 'dead_experts': 0, 'peak_vram_gb': 11.913}
{'step': 1880, 'tokens': 492830720, 'lm_loss': 3.9586, 'aux_loss': 2.0014, 'z_loss': 0.0006, 'grad_norm': 0.7109, 'lr': 0.0002, 'tokens_per_sec': 324375.7668, 'mfu': 0.099, 'expert_load_cv': 0.0332, 'min_expert_frac': 0.2413, 'dead_experts': 0, 'peak_vram_gb': 11.913}
{'step': 1890, 'tokens': 495452160, 'lm_loss': 3.9508, 'aux_loss': 2.0005, 'z_loss': 0.0006, 'grad_norm': 0.6484, 'lr': 0.0002, 'tokens_per_sec': 324375.7245, 'mfu': 0.099, 'expert_load_cv': 0.0339, 'min_expert_frac': 0.2416, 'dead_experts': 0, 'peak_vram_gb': 11.913}
{'step': 1900, 'tokens': 498073600, 'lm_loss': 3.8932, 'aux_loss': 2.0011, 'z_loss': 0.0006, 'grad_norm': 0.8008, 'lr': 0.0002, 'tokens_per_sec': 324385.4742, 'mfu': 0.099, 'expert_load_cv': 0.0322, 'min_expert_frac': 0.2423, 'dead_experts': 0, 'peak_vram_gb': 11.913}
Writing model shards:   0%|          | 0/1 [00:00<?, ?it/s]Writing model shards: 100%|██████████| 1/1 [00:00<00:00, 19.02it/s]
  saved runs/seedvar_E4_s1/step1907
{'step': 1910, 'tokens': 500695040, 'lm_loss': 3.9676, 'aux_loss': 2.0017, 'z_loss': 0.0006, 'grad_norm': 0.6992, 'lr': 0.0002, 'tokens_per_sec': 324363.9763, 'mfu': 0.099, 'expert_load_cv': 0.0322, 'min_expert_frac': 0.242, 'dead_experts': 0, 'peak_vram_gb': 11.913}
{'step': 1920, 'tokens': 503316480, 'lm_loss': 3.9753, 'aux_loss': 1.9999, 'z_loss': 0.0006, 'grad_norm': 0.7891, 'lr': 0.0002, 'tokens_per_sec': 324366.4371, 'mfu': 0.099, 'expert_load_cv': 0.0329, 'min_expert_frac': 0.2415, 'dead_experts': 0, 'peak_vram_gb': 11.913}
{'step': 1930, 'tokens': 505937920, 'lm_loss': 3.9168, 'aux_loss': 2.0008, 'z_loss': 0.0006, 'grad_norm': 0.5781, 'lr': 0.0002, 'tokens_per_sec': 324372.9294, 'mfu': 0.099, 'expert_load_cv': 0.0334, 'min_expert_frac': 0.2421, 'dead_experts': 0, 'peak_vram_gb': 11.913}
{'step': 1940, 'tokens': 508559360, 'lm_loss': 3.8505, 'aux_loss': 2.0008, 'z_loss': 0.0006, 'grad_norm': 0.6641, 'lr': 0.0002, 'tokens_per_sec': 324372.5962, 'mfu': 0.099, 'expert_load_cv': 0.0359, 'min_expert_frac': 0.2422, 'dead_experts': 0, 'peak_vram_gb': 11.913}
{'step': 1950, 'tokens': 511180800, 'lm_loss': 3.9166, 'aux_loss': 2.0007, 'z_loss': 0.0006, 'grad_norm': 0.6172, 'lr': 0.0002, 'tokens_per_sec': 324373.6327, 'mfu': 0.099, 'expert_load_cv': 0.0341, 'min_expert_frac': 0.2419, 'dead_experts': 0, 'peak_vram_gb': 11.913}
{'step': 1960, 'tokens': 513802240, 'lm_loss': 3.993, 'aux_loss': 2.0004, 'z_loss': 0.0006, 'grad_norm': 0.6484, 'lr': 0.0002, 'tokens_per_sec': 324374.9742, 'mfu': 0.099, 'expert_load_cv': 0.033, 'min_expert_frac': 0.2418, 'dead_experts': 0, 'peak_vram_gb': 11.913}
{'step': 1970, 'tokens': 516423680, 'lm_loss': 3.9056, 'aux_loss': 2.0017, 'z_loss': 0.0006, 'grad_norm': 0.7305, 'lr': 0.0002, 'tokens_per_sec': 324373.3175, 'mfu': 0.099, 'expert_load_cv': 0.0332, 'min_expert_frac': 0.2423, 'dead_experts': 0, 'peak_vram_gb': 11.913}
{'step': 1980, 'tokens': 519045120, 'lm_loss': 3.9204, 'aux_loss': 2.002, 'z_loss': 0.0006, 'grad_norm': 0.5625, 'lr': 0.0002, 'tokens_per_sec': 324378.8763, 'mfu': 0.099, 'expert_load_cv': 0.0321, 'min_expert_frac': 0.2418, 'dead_experts': 0, 'peak_vram_gb': 11.913}
{'step': 1990, 'tokens': 521666560, 'lm_loss': 3.9233, 'aux_loss': 2.0016, 'z_loss': 0.0006, 'grad_norm': 0.8242, 'lr': 0.0002, 'tokens_per_sec': 324380.1844, 'mfu': 0.099, 'expert_load_cv': 0.0335, 'min_expert_frac': 0.2422, 'dead_experts': 0, 'peak_vram_gb': 11.913}
{'step': 2000, 'tokens': 524288000, 'lm_loss': 3.9724, 'aux_loss': 2.0019, 'z_loss': 0.0006, 'grad_norm': 0.6836, 'lr': 0.0002, 'tokens_per_sec': 324390.0564, 'mfu': 0.099, 'expert_load_cv': 0.0327, 'min_expert_frac': 0.2418, 'dead_experts': 0, 'peak_vram_gb': 11.913}
{'step': 2010, 'tokens': 526909440, 'lm_loss': 3.9363, 'aux_loss': 2.0024, 'z_loss': 0.0006, 'grad_norm': 0.5586, 'lr': 0.0002, 'tokens_per_sec': 324391.2612, 'mfu': 0.099, 'expert_load_cv': 0.0325, 'min_expert_frac': 0.2416, 'dead_experts': 0, 'peak_vram_gb': 11.913}
{'step': 2020, 'tokens': 529530880, 'lm_loss': 3.8644, 'aux_loss': 2.0016, 'z_loss': 0.0006, 'grad_norm': 0.7812, 'lr': 0.0002, 'tokens_per_sec': 324383.2288, 'mfu': 0.099, 'expert_load_cv': 0.0347, 'min_expert_frac': 0.2419, 'dead_experts': 0, 'peak_vram_gb': 11.913}
{'step': 2030, 'tokens': 532152320, 'lm_loss': 3.9546, 'aux_loss': 2.0011, 'z_loss': 0.0006, 'grad_norm': 0.7305, 'lr': 0.0002, 'tokens_per_sec': 324388.4654, 'mfu': 0.099, 'expert_load_cv': 0.0337, 'min_expert_frac': 0.2417, 'dead_experts': 0, 'peak_vram_gb': 11.913}
{'step': 2040, 'tokens': 534773760, 'lm_loss': 3.899, 'aux_loss': 2.0018, 'z_loss': 0.0006, 'grad_norm': 0.6484, 'lr': 0.0002, 'tokens_per_sec': 324394.271, 'mfu': 0.099, 'expert_load_cv': 0.0337, 'min_expert_frac': 0.242, 'dead_experts': 0, 'peak_vram_gb': 11.913}
{'step': 2050, 'tokens': 537395200, 'lm_loss': 3.9708, 'aux_loss': 2.0018, 'z_loss': 0.0006, 'grad_norm': 0.7891, 'lr': 0.0002, 'tokens_per_sec': 324402.9112, 'mfu': 0.0991, 'expert_load_cv': 0.0318, 'min_expert_frac': 0.2417, 'dead_experts': 0, 'peak_vram_gb': 11.913}
{'step': 2060, 'tokens': 540016640, 'lm_loss': 3.8644, 'aux_loss': 2.0017, 'z_loss': 0.0006, 'grad_norm': 0.7109, 'lr': 0.0002, 'tokens_per_sec': 324408.9802, 'mfu': 0.0991, 'expert_load_cv': 0.032, 'min_expert_frac': 0.2423, 'dead_experts': 0, 'peak_vram_gb': 11.913}
{'step': 2070, 'tokens': 542638080, 'lm_loss': 3.906, 'aux_loss': 2.0007, 'z_loss': 0.0006, 'grad_norm': 0.6719, 'lr': 0.0002, 'tokens_per_sec': 324414.9379, 'mfu': 0.0991, 'expert_load_cv': 0.0325, 'min_expert_frac': 0.2421, 'dead_experts': 0, 'peak_vram_gb': 11.913}
{'step': 2080, 'tokens': 545259520, 'lm_loss': 3.9203, 'aux_loss': 2.0004, 'z_loss': 0.0006, 'grad_norm': 0.6875, 'lr': 0.0002, 'tokens_per_sec': 324416.88, 'mfu': 0.0991, 'expert_load_cv': 0.0334, 'min_expert_frac': 0.2421, 'dead_experts': 0, 'peak_vram_gb': 11.913}
{'step': 2090, 'tokens': 547880960, 'lm_loss': 3.9475, 'aux_loss': 2.0016, 'z_loss': 0.0006, 'grad_norm': 0.6953, 'lr': 0.0002, 'tokens_per_sec': 324422.5109, 'mfu': 0.0991, 'expert_load_cv': 0.0317, 'min_expert_frac': 0.242, 'dead_experts': 0, 'peak_vram_gb': 11.913}
{'step': 2100, 'tokens': 550502400, 'lm_loss': 3.8957, 'aux_loss': 2.0031, 'z_loss': 0.0006, 'grad_norm': 0.6836, 'lr': 0.0002, 'tokens_per_sec': 324417.4402, 'mfu': 0.0991, 'expert_load_cv': 0.0332, 'min_expert_frac': 0.2417, 'dead_experts': 0, 'peak_vram_gb': 11.913}
{'step': 2110, 'tokens': 553123840, 'lm_loss': 3.917, 'aux_loss': 2.0005, 'z_loss': 0.0006, 'grad_norm': 0.5664, 'lr': 0.0002, 'tokens_per_sec': 324418.9637, 'mfu': 0.0991, 'expert_load_cv': 0.0328, 'min_expert_frac': 0.2419, 'dead_experts': 0, 'peak_vram_gb': 11.913}
{'step': 2120, 'tokens': 555745280, 'lm_loss': 3.9427, 'aux_loss': 2.0019, 'z_loss': 0.0006, 'grad_norm': 0.6094, 'lr': 0.0002, 'tokens_per_sec': 324413.6135, 'mfu': 0.0991, 'expert_load_cv': 0.0327, 'min_expert_frac': 0.2424, 'dead_experts': 0, 'peak_vram_gb': 11.913}
{'step': 2130, 'tokens': 558366720, 'lm_loss': 3.9256, 'aux_loss': 2.0024, 'z_loss': 0.0006, 'grad_norm': 0.7305, 'lr': 0.0002, 'tokens_per_sec': 324413.0917, 'mfu': 0.0991, 'expert_load_cv': 0.0339, 'min_expert_frac': 0.2423, 'dead_experts': 0, 'peak_vram_gb': 11.913}
{'step': 2140, 'tokens': 560988160, 'lm_loss': 3.9453, 'aux_loss': 2.0017, 'z_loss': 0.0006, 'grad_norm': 0.5664, 'lr': 0.0002, 'tokens_per_sec': 324384.5042, 'mfu': 0.099, 'expert_load_cv': 0.0336, 'min_expert_frac': 0.2425, 'dead_experts': 0, 'peak_vram_gb': 11.913}
{'step': 2150, 'tokens': 563609600, 'lm_loss': 3.949, 'aux_loss': 2.002, 'z_loss': 0.0006, 'grad_norm': 0.6367, 'lr': 0.0002, 'tokens_per_sec': 324390.1055, 'mfu': 0.099, 'expert_load_cv': 0.0333, 'min_expert_frac': 0.2424, 'dead_experts': 0, 'peak_vram_gb': 11.913}
{'step': 2160, 'tokens': 566231040, 'lm_loss': 3.9139, 'aux_loss': 2.0012, 'z_loss': 0.0006, 'grad_norm': 0.6875, 'lr': 0.0002, 'tokens_per_sec': 324392.458, 'mfu': 0.099, 'expert_load_cv': 0.0322, 'min_expert_frac': 0.2425, 'dead_experts': 0, 'peak_vram_gb': 11.913}
{'step': 2170, 'tokens': 568852480, 'lm_loss': 3.89, 'aux_loss': 2.0025, 'z_loss': 0.0006, 'grad_norm': 0.6133, 'lr': 0.0002, 'tokens_per_sec': 324397.7982, 'mfu': 0.0991, 'expert_load_cv': 0.0339, 'min_expert_frac': 0.2421, 'dead_experts': 0, 'peak_vram_gb': 11.913}
{'step': 2180, 'tokens': 571473920, 'lm_loss': 3.9089, 'aux_loss': 2.0016, 'z_loss': 0.0006, 'grad_norm': 0.6289, 'lr': 0.0002, 'tokens_per_sec': 324402.9786, 'mfu': 0.0991, 'expert_load_cv': 0.0304, 'min_expert_frac': 0.2424, 'dead_experts': 0, 'peak_vram_gb': 11.913}
{'step': 2190, 'tokens': 574095360, 'lm_loss': 3.9797, 'aux_loss': 1.9999, 'z_loss': 0.0006, 'grad_norm': 0.8984, 'lr': 0.0002, 'tokens_per_sec': 324415.0294, 'mfu': 0.0991, 'expert_load_cv': 0.0327, 'min_expert_frac': 0.2422, 'dead_experts': 0, 'peak_vram_gb': 11.913}
{'step': 2200, 'tokens': 576716800, 'lm_loss': 3.9157, 'aux_loss': 2.0028, 'z_loss': 0.0006, 'grad_norm': 0.5859, 'lr': 0.0002, 'tokens_per_sec': 324417.0985, 'mfu': 0.0991, 'expert_load_cv': 0.0329, 'min_expert_frac': 0.2427, 'dead_experts': 0, 'peak_vram_gb': 11.913}
{'step': 2210, 'tokens': 579338240, 'lm_loss': 3.9728, 'aux_loss': 2.0022, 'z_loss': 0.0006, 'grad_norm': 0.6328, 'lr': 0.0002, 'tokens_per_sec': 324421.8757, 'mfu': 0.0991, 'expert_load_cv': 0.0319, 'min_expert_frac': 0.2425, 'dead_experts': 0, 'peak_vram_gb': 11.913}
{'step': 2220, 'tokens': 581959680, 'lm_loss': 3.8824, 'aux_loss': 2.002, 'z_loss': 0.0006, 'grad_norm': 0.7031, 'lr': 0.0002, 'tokens_per_sec': 324428.5047, 'mfu': 0.0991, 'expert_load_cv': 0.0331, 'min_expert_frac': 0.242, 'dead_experts': 0, 'peak_vram_gb': 11.913}
{'step': 2230, 'tokens': 584581120, 'lm_loss': 3.8505, 'aux_loss': 2.0015, 'z_loss': 0.0006, 'grad_norm': 0.75, 'lr': 0.0002, 'tokens_per_sec': 324423.5472, 'mfu': 0.0991, 'expert_load_cv': 0.0342, 'min_expert_frac': 0.2428, 'dead_experts': 0, 'peak_vram_gb': 11.913}
{'step': 2240, 'tokens': 587202560, 'lm_loss': 3.9115, 'aux_loss': 2.0005, 'z_loss': 0.0006, 'grad_norm': 0.6758, 'lr': 0.0002, 'tokens_per_sec': 324420.3824, 'mfu': 0.0991, 'expert_load_cv': 0.032, 'min_expert_frac': 0.2428, 'dead_experts': 0, 'peak_vram_gb': 11.913}
{'step': 2250, 'tokens': 589824000, 'lm_loss': 3.8982, 'aux_loss': 2.0015, 'z_loss': 0.0006, 'grad_norm': 0.668, 'lr': 0.0001, 'tokens_per_sec': 324418.9733, 'mfu': 0.0991, 'expert_load_cv': 0.0324, 'min_expert_frac': 0.2427, 'dead_experts': 0, 'peak_vram_gb': 11.913}
{'step': 2260, 'tokens': 592445440, 'lm_loss': 3.849, 'aux_loss': 2.0015, 'z_loss': 0.0006, 'grad_norm': 0.6562, 'lr': 0.0001, 'tokens_per_sec': 324419.8261, 'mfu': 0.0991, 'expert_load_cv': 0.0324, 'min_expert_frac': 0.2427, 'dead_experts': 0, 'peak_vram_gb': 11.913}
{'step': 2270, 'tokens': 595066880, 'lm_loss': 3.9224, 'aux_loss': 2.0008, 'z_loss': 0.0006, 'grad_norm': 0.582, 'lr': 0.0001, 'tokens_per_sec': 324422.255, 'mfu': 0.0991, 'expert_load_cv': 0.0323, 'min_expert_frac': 0.2427, 'dead_experts': 0, 'peak_vram_gb': 11.913}
{'step': 2280, 'tokens': 597688320, 'lm_loss': 3.8633, 'aux_loss': 2.0023, 'z_loss': 0.0006, 'grad_norm': 0.6055, 'lr': 0.0001, 'tokens_per_sec': 324424.5074, 'mfu': 0.0991, 'expert_load_cv': 0.0317, 'min_expert_frac': 0.2422, 'dead_experts': 0, 'peak_vram_gb': 11.913}
{'step': 2290, 'tokens': 600309760, 'lm_loss': 3.9313, 'aux_loss': 2.0012, 'z_loss': 0.0006, 'grad_norm': 0.6914, 'lr': 0.0001, 'tokens_per_sec': 324433.0511, 'mfu': 0.0991, 'expert_load_cv': 0.032, 'min_expert_frac': 0.2421, 'dead_experts': 0, 'peak_vram_gb': 11.913}
{'step': 2300, 'tokens': 602931200, 'lm_loss': 3.8535, 'aux_loss': 2.002, 'z_loss': 0.0006, 'grad_norm': 0.6484, 'lr': 0.0001, 'tokens_per_sec': 324436.4709, 'mfu': 0.0991, 'expert_load_cv': 0.0319, 'min_expert_frac': 0.2425, 'dead_experts': 0, 'peak_vram_gb': 11.913}
{'step': 2310, 'tokens': 605552640, 'lm_loss': 3.846, 'aux_loss': 2.0019, 'z_loss': 0.0006, 'grad_norm': 0.5312, 'lr': 0.0001, 'tokens_per_sec': 324448.7941, 'mfu': 0.0991, 'expert_load_cv': 0.0323, 'min_expert_frac': 0.2426, 'dead_experts': 0, 'peak_vram_gb': 11.913}
{'step': 2320, 'tokens': 608174080, 'lm_loss': 3.8708, 'aux_loss': 2.0008, 'z_loss': 0.0006, 'grad_norm': 0.5703, 'lr': 0.0001, 'tokens_per_sec': 324448.1227, 'mfu': 0.0991, 'expert_load_cv': 0.0324, 'min_expert_frac': 0.2426, 'dead_experts': 0, 'peak_vram_gb': 11.913}
{'step': 2330, 'tokens': 610795520, 'lm_loss': 3.9093, 'aux_loss': 2.0017, 'z_loss': 0.0006, 'grad_norm': 0.6406, 'lr': 0.0001, 'tokens_per_sec': 324448.9206, 'mfu': 0.0991, 'expert_load_cv': 0.0329, 'min_expert_frac': 0.2422, 'dead_experts': 0, 'peak_vram_gb': 11.913}
{'step': 2340, 'tokens': 613416960, 'lm_loss': 3.846, 'aux_loss': 2.0023, 'z_loss': 0.0006, 'grad_norm': 0.6328, 'lr': 0.0001, 'tokens_per_sec': 324449.0321, 'mfu': 0.0991, 'expert_load_cv': 0.0349, 'min_expert_frac': 0.2422, 'dead_experts': 0, 'peak_vram_gb': 11.913}
{'step': 2350, 'tokens': 616038400, 'lm_loss': 3.8801, 'aux_loss': 2.0005, 'z_loss': 0.0006, 'grad_norm': 0.625, 'lr': 0.0001, 'tokens_per_sec': 324461.6126, 'mfu': 0.0991, 'expert_load_cv': 0.0344, 'min_expert_frac': 0.2426, 'dead_experts': 0, 'peak_vram_gb': 11.913}
{'step': 2360, 'tokens': 618659840, 'lm_loss': 3.8627, 'aux_loss': 1.9999, 'z_loss': 0.0006, 'grad_norm': 0.5664, 'lr': 0.0001, 'tokens_per_sec': 324460.3928, 'mfu': 0.0991, 'expert_load_cv': 0.0327, 'min_expert_frac': 0.2425, 'dead_experts': 0, 'peak_vram_gb': 11.913}
{'step': 2370, 'tokens': 621281280, 'lm_loss': 3.9, 'aux_loss': 1.9998, 'z_loss': 0.0006, 'grad_norm': 0.5938, 'lr': 0.0001, 'tokens_per_sec': 324466.8792, 'mfu': 0.0991, 'expert_load_cv': 0.0333, 'min_expert_frac': 0.2428, 'dead_experts': 0, 'peak_vram_gb': 11.913}
{'step': 2380, 'tokens': 623902720, 'lm_loss': 3.9097, 'aux_loss': 2.0016, 'z_loss': 0.0006, 'grad_norm': 0.6016, 'lr': 0.0001, 'tokens_per_sec': 324468.1492, 'mfu': 0.0991, 'expert_load_cv': 0.0329, 'min_expert_frac': 0.2424, 'dead_experts': 0, 'peak_vram_gb': 11.913}
{'step': 2390, 'tokens': 626524160, 'lm_loss': 3.8832, 'aux_loss': 2.002, 'z_loss': 0.0006, 'grad_norm': 0.5352, 'lr': 0.0001, 'tokens_per_sec': 324466.2365, 'mfu': 0.0991, 'expert_load_cv': 0.0323, 'min_expert_frac': 0.2433, 'dead_experts': 0, 'peak_vram_gb': 11.913}
{'step': 2400, 'tokens': 629145600, 'lm_loss': 3.8907, 'aux_loss': 2.0022, 'z_loss': 0.0006, 'grad_norm': 0.6641, 'lr': 0.0001, 'tokens_per_sec': 324460.7915, 'mfu': 0.0991, 'expert_load_cv': 0.034, 'min_expert_frac': 0.2427, 'dead_experts': 0, 'peak_vram_gb': 11.913}
{'step': 2410, 'tokens': 631767040, 'lm_loss': 3.8831, 'aux_loss': 2.0014, 'z_loss': 0.0006, 'grad_norm': 0.6016, 'lr': 0.0001, 'tokens_per_sec': 324461.7013, 'mfu': 0.0991, 'expert_load_cv': 0.0307, 'min_expert_frac': 0.2426, 'dead_experts': 0, 'peak_vram_gb': 11.913}
{'step': 2420, 'tokens': 634388480, 'lm_loss': 3.8592, 'aux_loss': 2.0024, 'z_loss': 0.0006, 'grad_norm': 0.6211, 'lr': 0.0001, 'tokens_per_sec': 324466.4225, 'mfu': 0.0991, 'expert_load_cv': 0.0327, 'min_expert_frac': 0.2429, 'dead_experts': 0, 'peak_vram_gb': 11.913}
{'step': 2430, 'tokens': 637009920, 'lm_loss': 3.8757, 'aux_loss': 2.0017, 'z_loss': 0.0006, 'grad_norm': 0.6055, 'lr': 0.0001, 'tokens_per_sec': 324467.7757, 'mfu': 0.0991, 'expert_load_cv': 0.0339, 'min_expert_frac': 0.2425, 'dead_experts': 0, 'peak_vram_gb': 11.913}
{'step': 2440, 'tokens': 639631360, 'lm_loss': 3.8546, 'aux_loss': 2.0011, 'z_loss': 0.0006, 'grad_norm': 0.6367, 'lr': 0.0001, 'tokens_per_sec': 324466.0497, 'mfu': 0.0991, 'expert_load_cv': 0.0337, 'min_expert_frac': 0.2426, 'dead_experts': 0, 'peak_vram_gb': 11.913}
{'step': 2450, 'tokens': 642252800, 'lm_loss': 3.919, 'aux_loss': 2.0012, 'z_loss': 0.0006, 'grad_norm': 0.625, 'lr': 0.0001, 'tokens_per_sec': 324468.6473, 'mfu': 0.0991, 'expert_load_cv': 0.0322, 'min_expert_frac': 0.2426, 'dead_experts': 0, 'peak_vram_gb': 11.913}
{'step': 2460, 'tokens': 644874240, 'lm_loss': 3.8636, 'aux_loss': 2.0013, 'z_loss': 0.0006, 'grad_norm': 0.6289, 'lr': 0.0001, 'tokens_per_sec': 324473.0341, 'mfu': 0.0991, 'expert_load_cv': 0.0329, 'min_expert_frac': 0.2429, 'dead_experts': 0, 'peak_vram_gb': 11.913}
{'step': 2470, 'tokens': 647495680, 'lm_loss': 3.8755, 'aux_loss': 2.0015, 'z_loss': 0.0006, 'grad_norm': 0.6758, 'lr': 0.0001, 'tokens_per_sec': 324472.5368, 'mfu': 0.0991, 'expert_load_cv': 0.033, 'min_expert_frac': 0.2428, 'dead_experts': 0, 'peak_vram_gb': 11.913}
{'step': 2480, 'tokens': 650117120, 'lm_loss': 3.839, 'aux_loss': 2.0014, 'z_loss': 0.0006, 'grad_norm': 0.5859, 'lr': 0.0001, 'tokens_per_sec': 324473.8154, 'mfu': 0.0991, 'expert_load_cv': 0.0312, 'min_expert_frac': 0.2431, 'dead_experts': 0, 'peak_vram_gb': 11.913}
{'step': 2490, 'tokens': 652738560, 'lm_loss': 3.9398, 'aux_loss': 2.0028, 'z_loss': 0.0006, 'grad_norm': 0.582, 'lr': 0.0001, 'tokens_per_sec': 324483.6138, 'mfu': 0.0991, 'expert_load_cv': 0.0327, 'min_expert_frac': 0.2427, 'dead_experts': 0, 'peak_vram_gb': 11.913}
{'step': 2500, 'tokens': 655360000, 'lm_loss': 3.9085, 'aux_loss': 2.0014, 'z_loss': 0.0006, 'grad_norm': 0.5938, 'lr': 0.0001, 'tokens_per_sec': 324485.3444, 'mfu': 0.0991, 'expert_load_cv': 0.0319, 'min_expert_frac': 0.2429, 'dead_experts': 0, 'peak_vram_gb': 11.913}
{'step': 2510, 'tokens': 657981440, 'lm_loss': 3.8077, 'aux_loss': 2.0019, 'z_loss': 0.0006, 'grad_norm': 0.5898, 'lr': 0.0001, 'tokens_per_sec': 324488.0627, 'mfu': 0.0991, 'expert_load_cv': 0.0319, 'min_expert_frac': 0.243, 'dead_experts': 0, 'peak_vram_gb': 11.913}
{'step': 2520, 'tokens': 660602880, 'lm_loss': 3.8726, 'aux_loss': 2.0022, 'z_loss': 0.0006, 'grad_norm': 0.5586, 'lr': 0.0001, 'tokens_per_sec': 324489.6427, 'mfu': 0.0991, 'expert_load_cv': 0.0313, 'min_expert_frac': 0.243, 'dead_experts': 0, 'peak_vram_gb': 11.913}
{'step': 2530, 'tokens': 663224320, 'lm_loss': 3.857, 'aux_loss': 2.0006, 'z_loss': 0.0006, 'grad_norm': 0.5664, 'lr': 0.0001, 'tokens_per_sec': 324494.6783, 'mfu': 0.0991, 'expert_load_cv': 0.0332, 'min_expert_frac': 0.2427, 'dead_experts': 0, 'peak_vram_gb': 11.913}
{'step': 2540, 'tokens': 665845760, 'lm_loss': 3.8631, 'aux_loss': 2.0023, 'z_loss': 0.0006, 'grad_norm': 0.5508, 'lr': 0.0001, 'tokens_per_sec': 324501.3781, 'mfu': 0.0991, 'expert_load_cv': 0.0319, 'min_expert_frac': 0.2429, 'dead_experts': 0, 'peak_vram_gb': 11.913}
{'step': 2550, 'tokens': 668467200, 'lm_loss': 3.9349, 'aux_loss': 2.0007, 'z_loss': 0.0006, 'grad_norm': 0.5586, 'lr': 0.0001, 'tokens_per_sec': 324497.9414, 'mfu': 0.0991, 'expert_load_cv': 0.0324, 'min_expert_frac': 0.2433, 'dead_experts': 0, 'peak_vram_gb': 11.913}
{'step': 2560, 'tokens': 671088640, 'lm_loss': 3.8901, 'aux_loss': 2.0013, 'z_loss': 0.0006, 'grad_norm': 0.5664, 'lr': 0.0001, 'tokens_per_sec': 324494.2196, 'mfu': 0.0991, 'expert_load_cv': 0.0328, 'min_expert_frac': 0.2427, 'dead_experts': 0, 'peak_vram_gb': 11.913}
{'step': 2570, 'tokens': 673710080, 'lm_loss': 3.8921, 'aux_loss': 1.9999, 'z_loss': 0.0006, 'grad_norm': 0.6445, 'lr': 0.0001, 'tokens_per_sec': 324493.5115, 'mfu': 0.0991, 'expert_load_cv': 0.0311, 'min_expert_frac': 0.2432, 'dead_experts': 0, 'peak_vram_gb': 11.913}
{'step': 2580, 'tokens': 676331520, 'lm_loss': 3.8496, 'aux_loss': 2.0026, 'z_loss': 0.0006, 'grad_norm': 0.625, 'lr': 0.0001, 'tokens_per_sec': 324492.8276, 'mfu': 0.0991, 'expert_load_cv': 0.0337, 'min_expert_frac': 0.2433, 'dead_experts': 0, 'peak_vram_gb': 11.913}
{'step': 2590, 'tokens': 678952960, 'lm_loss': 3.92, 'aux_loss': 2.0013, 'z_loss': 0.0006, 'grad_norm': 0.5742, 'lr': 0.0001, 'tokens_per_sec': 324498.8466, 'mfu': 0.0991, 'expert_load_cv': 0.0317, 'min_expert_frac': 0.2429, 'dead_experts': 0, 'peak_vram_gb': 11.913}
{'step': 2600, 'tokens': 681574400, 'lm_loss': 3.8415, 'aux_loss': 2.0019, 'z_loss': 0.0006, 'grad_norm': 0.6133, 'lr': 0.0001, 'tokens_per_sec': 324501.8024, 'mfu': 0.0991, 'expert_load_cv': 0.0328, 'min_expert_frac': 0.2427, 'dead_experts': 0, 'peak_vram_gb': 11.913}
{'step': 2610, 'tokens': 684195840, 'lm_loss': 3.9076, 'aux_loss': 2.0019, 'z_loss': 0.0006, 'grad_norm': 0.5039, 'lr': 0.0001, 'tokens_per_sec': 324505.2995, 'mfu': 0.0991, 'expert_load_cv': 0.0328, 'min_expert_frac': 0.2429, 'dead_experts': 0, 'peak_vram_gb': 11.913}
{'step': 2620, 'tokens': 686817280, 'lm_loss': 3.8599, 'aux_loss': 2.0014, 'z_loss': 0.0006, 'grad_norm': 0.543, 'lr': 0.0001, 'tokens_per_sec': 324504.8257, 'mfu': 0.0991, 'expert_load_cv': 0.0325, 'min_expert_frac': 0.2435, 'dead_experts': 0, 'peak_vram_gb': 11.913}
{'step': 2630, 'tokens': 689438720, 'lm_loss': 3.9225, 'aux_loss': 2.0018, 'z_loss': 0.0006, 'grad_norm': 0.5195, 'lr': 0.0001, 'tokens_per_sec': 324509.9783, 'mfu': 0.0991, 'expert_load_cv': 0.0326, 'min_expert_frac': 0.2428, 'dead_experts': 0, 'peak_vram_gb': 11.913}
{'step': 2640, 'tokens': 692060160, 'lm_loss': 3.8681, 'aux_loss': 2.0009, 'z_loss': 0.0006, 'grad_norm': 0.5156, 'lr': 0.0001, 'tokens_per_sec': 324511.6319, 'mfu': 0.0991, 'expert_load_cv': 0.0335, 'min_expert_frac': 0.2431, 'dead_experts': 0, 'peak_vram_gb': 11.913}
{'step': 2650, 'tokens': 694681600, 'lm_loss': 3.8507, 'aux_loss': 2.0027, 'z_loss': 0.0006, 'grad_norm': 0.5469, 'lr': 0.0001, 'tokens_per_sec': 324516.0079, 'mfu': 0.0991, 'expert_load_cv': 0.0337, 'min_expert_frac': 0.243, 'dead_experts': 0, 'peak_vram_gb': 11.913}
{'step': 2660, 'tokens': 697303040, 'lm_loss': 3.8909, 'aux_loss': 2.0027, 'z_loss': 0.0006, 'grad_norm': 0.5156, 'lr': 0.0001, 'tokens_per_sec': 324518.976, 'mfu': 0.0991, 'expert_load_cv': 0.0333, 'min_expert_frac': 0.2428, 'dead_experts': 0, 'peak_vram_gb': 11.913}
{'step': 2670, 'tokens': 699924480, 'lm_loss': 3.8379, 'aux_loss': 2.002, 'z_loss': 0.0006, 'grad_norm': 0.5156, 'lr': 0.0001, 'tokens_per_sec': 324523.099, 'mfu': 0.0991, 'expert_load_cv': 0.0332, 'min_expert_frac': 0.2425, 'dead_experts': 0, 'peak_vram_gb': 11.913}
{'step': 2680, 'tokens': 702545920, 'lm_loss': 3.8856, 'aux_loss': 2.0024, 'z_loss': 0.0006, 'grad_norm': 0.6094, 'lr': 0.0001, 'tokens_per_sec': 324521.8154, 'mfu': 0.0991, 'expert_load_cv': 0.0334, 'min_expert_frac': 0.2434, 'dead_experts': 0, 'peak_vram_gb': 11.913}
{'step': 2690, 'tokens': 705167360, 'lm_loss': 3.8961, 'aux_loss': 2.0006, 'z_loss': 0.0006, 'grad_norm': 0.5625, 'lr': 0.0001, 'tokens_per_sec': 324526.6303, 'mfu': 0.0991, 'expert_load_cv': 0.0323, 'min_expert_frac': 0.243, 'dead_experts': 0, 'peak_vram_gb': 11.913}
{'step': 2700, 'tokens': 707788800, 'lm_loss': 3.8438, 'aux_loss': 2.0011, 'z_loss': 0.0006, 'grad_norm': 0.5703, 'lr': 0.0001, 'tokens_per_sec': 324528.9596, 'mfu': 0.0991, 'expert_load_cv': 0.0322, 'min_expert_frac': 0.2432, 'dead_experts': 0, 'peak_vram_gb': 11.913}
{'step': 2710, 'tokens': 710410240, 'lm_loss': 3.825, 'aux_loss': 2.0011, 'z_loss': 0.0006, 'grad_norm': 0.5938, 'lr': 0.0001, 'tokens_per_sec': 324534.338, 'mfu': 0.0991, 'expert_load_cv': 0.0337, 'min_expert_frac': 0.243, 'dead_experts': 0, 'peak_vram_gb': 11.913}
{'step': 2720, 'tokens': 713031680, 'lm_loss': 3.8238, 'aux_loss': 2.0017, 'z_loss': 0.0006, 'grad_norm': 0.543, 'lr': 0.0001, 'tokens_per_sec': 324531.733, 'mfu': 0.0991, 'expert_load_cv': 0.0319, 'min_expert_frac': 0.243, 'dead_experts': 0, 'peak_vram_gb': 11.913}
{'step': 2730, 'tokens': 715653120, 'lm_loss': 3.8864, 'aux_loss': 2.0003, 'z_loss': 0.0006, 'grad_norm': 0.6406, 'lr': 0.0001, 'tokens_per_sec': 324530.929, 'mfu': 0.0991, 'expert_load_cv': 0.0313, 'min_expert_frac': 0.2428, 'dead_experts': 0, 'peak_vram_gb': 11.913}
{'step': 2740, 'tokens': 718274560, 'lm_loss': 3.8872, 'aux_loss': 2.0015, 'z_loss': 0.0005, 'grad_norm': 0.5664, 'lr': 0.0001, 'tokens_per_sec': 324534.6784, 'mfu': 0.0991, 'expert_load_cv': 0.0325, 'min_expert_frac': 0.2436, 'dead_experts': 0, 'peak_vram_gb': 11.913}
{'step': 2750, 'tokens': 720896000, 'lm_loss': 3.8739, 'aux_loss': 1.9999, 'z_loss': 0.0006, 'grad_norm': 0.5508, 'lr': 0.0001, 'tokens_per_sec': 324536.128, 'mfu': 0.0991, 'expert_load_cv': 0.0318, 'min_expert_frac': 0.2429, 'dead_experts': 0, 'peak_vram_gb': 11.913}
{'step': 2760, 'tokens': 723517440, 'lm_loss': 3.8809, 'aux_loss': 2.0012, 'z_loss': 0.0006, 'grad_norm': 0.5039, 'lr': 0.0001, 'tokens_per_sec': 324539.0674, 'mfu': 0.0991, 'expert_load_cv': 0.0328, 'min_expert_frac': 0.2432, 'dead_experts': 0, 'peak_vram_gb': 11.913}
{'step': 2770, 'tokens': 726138880, 'lm_loss': 3.801, 'aux_loss': 2.0022, 'z_loss': 0.0006, 'grad_norm': 0.5, 'lr': 0.0001, 'tokens_per_sec': 324540.5344, 'mfu': 0.0991, 'expert_load_cv': 0.0335, 'min_expert_frac': 0.243, 'dead_experts': 0, 'peak_vram_gb': 11.913}
{'step': 2780, 'tokens': 728760320, 'lm_loss': 3.8793, 'aux_loss': 2.0007, 'z_loss': 0.0006, 'grad_norm': 0.4648, 'lr': 0.0001, 'tokens_per_sec': 324541.9266, 'mfu': 0.0991, 'expert_load_cv': 0.0333, 'min_expert_frac': 0.2431, 'dead_experts': 0, 'peak_vram_gb': 11.913}
{'step': 2790, 'tokens': 731381760, 'lm_loss': 3.8925, 'aux_loss': 2.0011, 'z_loss': 0.0006, 'grad_norm': 0.4941, 'lr': 0.0001, 'tokens_per_sec': 324548.6761, 'mfu': 0.0991, 'expert_load_cv': 0.0344, 'min_expert_frac': 0.2432, 'dead_experts': 0, 'peak_vram_gb': 11.913}
{'step': 2800, 'tokens': 734003200, 'lm_loss': 3.8737, 'aux_loss': 2.0011, 'z_loss': 0.0006, 'grad_norm': 0.6016, 'lr': 0.0001, 'tokens_per_sec': 324551.3699, 'mfu': 0.0991, 'expert_load_cv': 0.0321, 'min_expert_frac': 0.2431, 'dead_experts': 0, 'peak_vram_gb': 11.913}
{'step': 2810, 'tokens': 736624640, 'lm_loss': 3.8824, 'aux_loss': 2.0014, 'z_loss': 0.0006, 'grad_norm': 0.5625, 'lr': 0.0001, 'tokens_per_sec': 324552.334, 'mfu': 0.0991, 'expert_load_cv': 0.0319, 'min_expert_frac': 0.2435, 'dead_experts': 0, 'peak_vram_gb': 11.913}
{'step': 2820, 'tokens': 739246080, 'lm_loss': 3.7962, 'aux_loss': 2.0027, 'z_loss': 0.0006, 'grad_norm': 0.498, 'lr': 0.0001, 'tokens_per_sec': 324555.9633, 'mfu': 0.0991, 'expert_load_cv': 0.0334, 'min_expert_frac': 0.2431, 'dead_experts': 0, 'peak_vram_gb': 11.913}
{'step': 2830, 'tokens': 741867520, 'lm_loss': 3.8682, 'aux_loss': 2.003, 'z_loss': 0.0006, 'grad_norm': 0.5039, 'lr': 0.0001, 'tokens_per_sec': 324557.8364, 'mfu': 0.0991, 'expert_load_cv': 0.0312, 'min_expert_frac': 0.2435, 'dead_experts': 0, 'peak_vram_gb': 11.913}
{'step': 2840, 'tokens': 744488960, 'lm_loss': 3.8375, 'aux_loss': 2.0013, 'z_loss': 0.0006, 'grad_norm': 0.4688, 'lr': 0.0001, 'tokens_per_sec': 324555.1042, 'mfu': 0.0991, 'expert_load_cv': 0.0321, 'min_expert_frac': 0.2435, 'dead_experts': 0, 'peak_vram_gb': 11.913}
{'step': 2850, 'tokens': 747110400, 'lm_loss': 3.8566, 'aux_loss': 1.9996, 'z_loss': 0.0006, 'grad_norm': 0.4922, 'lr': 0.0001, 'tokens_per_sec': 324550.8113, 'mfu': 0.0991, 'expert_load_cv': 0.0323, 'min_expert_frac': 0.2429, 'dead_experts': 0, 'peak_vram_gb': 11.913}
{'step': 2860, 'tokens': 749731840, 'lm_loss': 3.9047, 'aux_loss': 2.0021, 'z_loss': 0.0006, 'grad_norm': 0.5195, 'lr': 0.0001, 'tokens_per_sec': 324548.4611, 'mfu': 0.0991, 'expert_load_cv': 0.0309, 'min_expert_frac': 0.2432, 'dead_experts': 0, 'peak_vram_gb': 11.913}
Writing model shards:   0%|          | 0/1 [00:00<?, ?it/s]Writing model shards: 100%|██████████| 1/1 [00:00<00:00, 18.76it/s]
  saved runs/seedvar_E4_s1/step2860
{'step': 2870, 'tokens': 752353280, 'lm_loss': 3.8661, 'aux_loss': 2.0013, 'z_loss': 0.0006, 'grad_norm': 0.4961, 'lr': 0.0001, 'tokens_per_sec': 324538.1835, 'mfu': 0.0991, 'expert_load_cv': 0.0317, 'min_expert_frac': 0.2433, 'dead_experts': 0, 'peak_vram_gb': 11.913}
{'step': 2880, 'tokens': 754974720, 'lm_loss': 3.8689, 'aux_loss': 2.0013, 'z_loss': 0.0006, 'grad_norm': 0.5352, 'lr': 0.0001, 'tokens_per_sec': 324534.2991, 'mfu': 0.0991, 'expert_load_cv': 0.0312, 'min_expert_frac': 0.243, 'dead_experts': 0, 'peak_vram_gb': 11.913}
{'step': 2890, 'tokens': 757596160, 'lm_loss': 3.8631, 'aux_loss': 2.0015, 'z_loss': 0.0005, 'grad_norm': 0.4922, 'lr': 0.0001, 'tokens_per_sec': 324525.0523, 'mfu': 0.0991, 'expert_load_cv': 0.0326, 'min_expert_frac': 0.2432, 'dead_experts': 0, 'peak_vram_gb': 11.913}
{'step': 2900, 'tokens': 760217600, 'lm_loss': 3.9038, 'aux_loss': 2.0, 'z_loss': 0.0006, 'grad_norm': 0.459, 'lr': 0.0001, 'tokens_per_sec': 324525.357, 'mfu': 0.0991, 'expert_load_cv': 0.0322, 'min_expert_frac': 0.2433, 'dead_experts': 0, 'peak_vram_gb': 11.913}
{'step': 2910, 'tokens': 762839040, 'lm_loss': 3.9088, 'aux_loss': 2.0013, 'z_loss': 0.0006, 'grad_norm': 0.5352, 'lr': 0.0001, 'tokens_per_sec': 324525.0524, 'mfu': 0.0991, 'expert_load_cv': 0.0324, 'min_expert_frac': 0.2437, 'dead_experts': 0, 'peak_vram_gb': 11.913}
{'step': 2920, 'tokens': 765460480, 'lm_loss': 3.832, 'aux_loss': 2.0009, 'z_loss': 0.0006, 'grad_norm': 0.5195, 'lr': 0.0001, 'tokens_per_sec': 324527.2783, 'mfu': 0.0991, 'expert_load_cv': 0.0328, 'min_expert_frac': 0.2436, 'dead_experts': 0, 'peak_vram_gb': 11.913}
{'step': 2930, 'tokens': 768081920, 'lm_loss': 3.8242, 'aux_loss': 2.001, 'z_loss': 0.0006, 'grad_norm': 0.4766, 'lr': 0.0001, 'tokens_per_sec': 324530.6113, 'mfu': 0.0991, 'expert_load_cv': 0.0319, 'min_expert_frac': 0.2429, 'dead_experts': 0, 'peak_vram_gb': 11.913}
{'step': 2940, 'tokens': 770703360, 'lm_loss': 3.908, 'aux_loss': 2.0014, 'z_loss': 0.0005, 'grad_norm': 0.457, 'lr': 0.0001, 'tokens_per_sec': 324535.4833, 'mfu': 0.0991, 'expert_load_cv': 0.0325, 'min_expert_frac': 0.2432, 'dead_experts': 0, 'peak_vram_gb': 11.913}
{'step': 2950, 'tokens': 773324800, 'lm_loss': 3.906, 'aux_loss': 2.001, 'z_loss': 0.0006, 'grad_norm': 0.5469, 'lr': 0.0001, 'tokens_per_sec': 324541.4002, 'mfu': 0.0991, 'expert_load_cv': 0.032, 'min_expert_frac': 0.2429, 'dead_experts': 0, 'peak_vram_gb': 11.913}
{'step': 2960, 'tokens': 775946240, 'lm_loss': 3.8708, 'aux_loss': 2.0014, 'z_loss': 0.0006, 'grad_norm': 0.5391, 'lr': 0.0, 'tokens_per_sec': 324545.8133, 'mfu': 0.0991, 'expert_load_cv': 0.0328, 'min_expert_frac': 0.2431, 'dead_experts': 0, 'peak_vram_gb': 11.913}
{'step': 2970, 'tokens': 778567680, 'lm_loss': 3.8243, 'aux_loss': 2.002, 'z_loss': 0.0006, 'grad_norm': 0.4609, 'lr': 0.0, 'tokens_per_sec': 324550.4526, 'mfu': 0.0991, 'expert_load_cv': 0.0329, 'min_expert_frac': 0.2434, 'dead_experts': 0, 'peak_vram_gb': 11.913}
{'step': 2980, 'tokens': 781189120, 'lm_loss': 3.8698, 'aux_loss': 2.0011, 'z_loss': 0.0006, 'grad_norm': 0.4492, 'lr': 0.0, 'tokens_per_sec': 324551.158, 'mfu': 0.0991, 'expert_load_cv': 0.0331, 'min_expert_frac': 0.2433, 'dead_experts': 0, 'peak_vram_gb': 11.913}
{'step': 2990, 'tokens': 783810560, 'lm_loss': 3.8852, 'aux_loss': 2.0009, 'z_loss': 0.0006, 'grad_norm': 0.4902, 'lr': 0.0, 'tokens_per_sec': 324555.4247, 'mfu': 0.0991, 'expert_load_cv': 0.0343, 'min_expert_frac': 0.2428, 'dead_experts': 0, 'peak_vram_gb': 11.913}
{'step': 3000, 'tokens': 786432000, 'lm_loss': 3.8712, 'aux_loss': 2.0008, 'z_loss': 0.0006, 'grad_norm': 0.4961, 'lr': 0.0, 'tokens_per_sec': 324557.7725, 'mfu': 0.0991, 'expert_load_cv': 0.0343, 'min_expert_frac': 0.2432, 'dead_experts': 0, 'peak_vram_gb': 11.913}
{'step': 3010, 'tokens': 789053440, 'lm_loss': 3.8904, 'aux_loss': 2.002, 'z_loss': 0.0005, 'grad_norm': 0.5234, 'lr': 0.0, 'tokens_per_sec': 324553.5395, 'mfu': 0.0991, 'expert_load_cv': 0.0329, 'min_expert_frac': 0.2434, 'dead_experts': 0, 'peak_vram_gb': 11.913}
{'step': 3020, 'tokens': 791674880, 'lm_loss': 3.8822, 'aux_loss': 2.0013, 'z_loss': 0.0006, 'grad_norm': 0.4473, 'lr': 0.0, 'tokens_per_sec': 324550.1685, 'mfu': 0.0991, 'expert_load_cv': 0.0314, 'min_expert_frac': 0.2432, 'dead_experts': 0, 'peak_vram_gb': 11.913}
{'step': 3030, 'tokens': 794296320, 'lm_loss': 3.8688, 'aux_loss': 2.0006, 'z_loss': 0.0006, 'grad_norm': 0.457, 'lr': 0.0, 'tokens_per_sec': 324544.0936, 'mfu': 0.0991, 'expert_load_cv': 0.032, 'min_expert_frac': 0.2431, 'dead_experts': 0, 'peak_vram_gb': 11.913}
{'step': 3040, 'tokens': 796917760, 'lm_loss': 3.8182, 'aux_loss': 2.0013, 'z_loss': 0.0006, 'grad_norm': 0.4453, 'lr': 0.0, 'tokens_per_sec': 324543.8571, 'mfu': 0.0991, 'expert_load_cv': 0.0314, 'min_expert_frac': 0.2431, 'dead_experts': 0, 'peak_vram_gb': 11.913}
{'step': 3050, 'tokens': 799539200, 'lm_loss': 3.8869, 'aux_loss': 2.0012, 'z_loss': 0.0006, 'grad_norm': 0.5625, 'lr': 0.0, 'tokens_per_sec': 324545.9631, 'mfu': 0.0991, 'expert_load_cv': 0.0325, 'min_expert_frac': 0.2435, 'dead_experts': 0, 'peak_vram_gb': 11.913}
{'step': 3060, 'tokens': 802160640, 'lm_loss': 3.8166, 'aux_loss': 2.001, 'z_loss': 0.0006, 'grad_norm': 0.4102, 'lr': 0.0, 'tokens_per_sec': 324549.2509, 'mfu': 0.0991, 'expert_load_cv': 0.0322, 'min_expert_frac': 0.2433, 'dead_experts': 0, 'peak_vram_gb': 11.913}
{'step': 3070, 'tokens': 804782080, 'lm_loss': 3.8838, 'aux_loss': 2.0024, 'z_loss': 0.0006, 'grad_norm': 0.4258, 'lr': 0.0, 'tokens_per_sec': 324553.6255, 'mfu': 0.0991, 'expert_load_cv': 0.0323, 'min_expert_frac': 0.2435, 'dead_experts': 0, 'peak_vram_gb': 11.913}
{'step': 3080, 'tokens': 807403520, 'lm_loss': 3.8899, 'aux_loss': 2.002, 'z_loss': 0.0006, 'grad_norm': 0.4844, 'lr': 0.0, 'tokens_per_sec': 324558.3773, 'mfu': 0.0991, 'expert_load_cv': 0.0329, 'min_expert_frac': 0.2435, 'dead_experts': 0, 'peak_vram_gb': 11.913}
{'step': 3090, 'tokens': 810024960, 'lm_loss': 3.8157, 'aux_loss': 2.0013, 'z_loss': 0.0006, 'grad_norm': 0.4199, 'lr': 0.0, 'tokens_per_sec': 324555.5562, 'mfu': 0.0991, 'expert_load_cv': 0.0339, 'min_expert_frac': 0.2432, 'dead_experts': 0, 'peak_vram_gb': 11.913}
{'step': 3100, 'tokens': 812646400, 'lm_loss': 3.8295, 'aux_loss': 2.0019, 'z_loss': 0.0006, 'grad_norm': 0.4219, 'lr': 0.0, 'tokens_per_sec': 324555.6282, 'mfu': 0.0991, 'expert_load_cv': 0.0332, 'min_expert_frac': 0.2433, 'dead_experts': 0, 'peak_vram_gb': 11.913}
{'step': 3110, 'tokens': 815267840, 'lm_loss': 3.891, 'aux_loss': 2.0018, 'z_loss': 0.0006, 'grad_norm': 0.4473, 'lr': 0.0, 'tokens_per_sec': 324557.237, 'mfu': 0.0991, 'expert_load_cv': 0.0322, 'min_expert_frac': 0.2438, 'dead_experts': 0, 'peak_vram_gb': 11.913}
{'step': 3120, 'tokens': 817889280, 'lm_loss': 3.8781, 'aux_loss': 2.0015, 'z_loss': 0.0005, 'grad_norm': 0.4453, 'lr': 0.0, 'tokens_per_sec': 324561.0195, 'mfu': 0.0991, 'expert_load_cv': 0.0326, 'min_expert_frac': 0.243, 'dead_experts': 0, 'peak_vram_gb': 11.913}
{'step': 3130, 'tokens': 820510720, 'lm_loss': 3.8335, 'aux_loss': 2.001, 'z_loss': 0.0006, 'grad_norm': 0.4863, 'lr': 0.0, 'tokens_per_sec': 324562.2604, 'mfu': 0.0991, 'expert_load_cv': 0.0352, 'min_expert_frac': 0.2428, 'dead_experts': 0, 'peak_vram_gb': 11.913}
{'step': 3140, 'tokens': 823132160, 'lm_loss': 3.9209, 'aux_loss': 2.0013, 'z_loss': 0.0006, 'grad_norm': 0.4102, 'lr': 0.0, 'tokens_per_sec': 324567.1668, 'mfu': 0.0991, 'expert_load_cv': 0.0328, 'min_expert_frac': 0.2431, 'dead_experts': 0, 'peak_vram_gb': 11.913}
{'step': 3150, 'tokens': 825753600, 'lm_loss': 3.8499, 'aux_loss': 2.0001, 'z_loss': 0.0006, 'grad_norm': 0.4531, 'lr': 0.0, 'tokens_per_sec': 324565.6799, 'mfu': 0.0991, 'expert_load_cv': 0.0303, 'min_expert_frac': 0.2433, 'dead_experts': 0, 'peak_vram_gb': 11.913}
{'step': 3160, 'tokens': 828375040, 'lm_loss': 3.8859, 'aux_loss': 2.001, 'z_loss': 0.0006, 'grad_norm': 0.4531, 'lr': 0.0, 'tokens_per_sec': 324564.7818, 'mfu': 0.0991, 'expert_load_cv': 0.0324, 'min_expert_frac': 0.2435, 'dead_experts': 0, 'peak_vram_gb': 11.913}
{'step': 3170, 'tokens': 830996480, 'lm_loss': 3.8839, 'aux_loss': 2.0015, 'z_loss': 0.0005, 'grad_norm': 0.4219, 'lr': 0.0, 'tokens_per_sec': 324566.8025, 'mfu': 0.0991, 'expert_load_cv': 0.0322, 'min_expert_frac': 0.2431, 'dead_experts': 0, 'peak_vram_gb': 11.913}
{'step': 3180, 'tokens': 833617920, 'lm_loss': 3.8917, 'aux_loss': 2.001, 'z_loss': 0.0005, 'grad_norm': 0.4219, 'lr': 0.0, 'tokens_per_sec': 324570.7465, 'mfu': 0.0991, 'expert_load_cv': 0.0332, 'min_expert_frac': 0.2432, 'dead_experts': 0, 'peak_vram_gb': 11.913}
{'step': 3190, 'tokens': 836239360, 'lm_loss': 3.8803, 'aux_loss': 2.0016, 'z_loss': 0.0005, 'grad_norm': 0.4512, 'lr': 0.0, 'tokens_per_sec': 324572.1294, 'mfu': 0.0991, 'expert_load_cv': 0.0327, 'min_expert_frac': 0.2434, 'dead_experts': 0, 'peak_vram_gb': 11.913}
{'step': 3200, 'tokens': 838860800, 'lm_loss': 3.833, 'aux_loss': 2.0013, 'z_loss': 0.0006, 'grad_norm': 0.4863, 'lr': 0.0, 'tokens_per_sec': 324577.9942, 'mfu': 0.0991, 'expert_load_cv': 0.0317, 'min_expert_frac': 0.2433, 'dead_experts': 0, 'peak_vram_gb': 11.913}
{'step': 3210, 'tokens': 841482240, 'lm_loss': 3.8358, 'aux_loss': 2.0009, 'z_loss': 0.0006, 'grad_norm': 0.4082, 'lr': 0.0, 'tokens_per_sec': 324582.2255, 'mfu': 0.0991, 'expert_load_cv': 0.0309, 'min_expert_frac': 0.2431, 'dead_experts': 0, 'peak_vram_gb': 11.913}
{'step': 3220, 'tokens': 844103680, 'lm_loss': 3.8769, 'aux_loss': 2.0011, 'z_loss': 0.0006, 'grad_norm': 0.4336, 'lr': 0.0, 'tokens_per_sec': 324587.0562, 'mfu': 0.0991, 'expert_load_cv': 0.032, 'min_expert_frac': 0.2432, 'dead_experts': 0, 'peak_vram_gb': 11.913}
{'step': 3230, 'tokens': 846725120, 'lm_loss': 3.8522, 'aux_loss': 2.0015, 'z_loss': 0.0006, 'grad_norm': 0.4258, 'lr': 0.0, 'tokens_per_sec': 324590.5313, 'mfu': 0.0991, 'expert_load_cv': 0.0326, 'min_expert_frac': 0.2434, 'dead_experts': 0, 'peak_vram_gb': 11.913}
{'step': 3240, 'tokens': 849346560, 'lm_loss': 3.8376, 'aux_loss': 2.0021, 'z_loss': 0.0006, 'grad_norm': 0.4492, 'lr': 0.0, 'tokens_per_sec': 324591.11, 'mfu': 0.0991, 'expert_load_cv': 0.0319, 'min_expert_frac': 0.2434, 'dead_experts': 0, 'peak_vram_gb': 11.913}
{'step': 3250, 'tokens': 851968000, 'lm_loss': 3.8777, 'aux_loss': 2.001, 'z_loss': 0.0006, 'grad_norm': 0.4316, 'lr': 0.0, 'tokens_per_sec': 324593.1097, 'mfu': 0.0991, 'expert_load_cv': 0.0336, 'min_expert_frac': 0.243, 'dead_experts': 0, 'peak_vram_gb': 11.913}
{'step': 3260, 'tokens': 854589440, 'lm_loss': 3.8511, 'aux_loss': 2.0014, 'z_loss': 0.0006, 'grad_norm': 0.4609, 'lr': 0.0, 'tokens_per_sec': 324591.3838, 'mfu': 0.0991, 'expert_load_cv': 0.032, 'min_expert_frac': 0.2432, 'dead_experts': 0, 'peak_vram_gb': 11.913}
{'step': 3270, 'tokens': 857210880, 'lm_loss': 3.8933, 'aux_loss': 2.0013, 'z_loss': 0.0005, 'grad_norm': 0.3984, 'lr': 0.0, 'tokens_per_sec': 324592.1885, 'mfu': 0.0991, 'expert_load_cv': 0.0324, 'min_expert_frac': 0.243, 'dead_experts': 0, 'peak_vram_gb': 11.913}
{'step': 3280, 'tokens': 859832320, 'lm_loss': 3.889, 'aux_loss': 2.0014, 'z_loss': 0.0005, 'grad_norm': 0.4219, 'lr': 0.0, 'tokens_per_sec': 324596.348, 'mfu': 0.0991, 'expert_load_cv': 0.0325, 'min_expert_frac': 0.243, 'dead_experts': 0, 'peak_vram_gb': 11.913}
{'step': 3290, 'tokens': 862453760, 'lm_loss': 3.8351, 'aux_loss': 2.0017, 'z_loss': 0.0006, 'grad_norm': 0.4219, 'lr': 0.0, 'tokens_per_sec': 324595.9431, 'mfu': 0.0991, 'expert_load_cv': 0.0321, 'min_expert_frac': 0.243, 'dead_experts': 0, 'peak_vram_gb': 11.913}
{'step': 3300, 'tokens': 865075200, 'lm_loss': 3.8294, 'aux_loss': 2.0013, 'z_loss': 0.0006, 'grad_norm': 0.4004, 'lr': 0.0, 'tokens_per_sec': 324593.9473, 'mfu': 0.0991, 'expert_load_cv': 0.0329, 'min_expert_frac': 0.2434, 'dead_experts': 0, 'peak_vram_gb': 11.913}
{'step': 3310, 'tokens': 867696640, 'lm_loss': 3.8583, 'aux_loss': 2.0004, 'z_loss': 0.0005, 'grad_norm': 0.4258, 'lr': 0.0, 'tokens_per_sec': 324595.2227, 'mfu': 0.0991, 'expert_load_cv': 0.0332, 'min_expert_frac': 0.2431, 'dead_experts': 0, 'peak_vram_gb': 11.913}
{'step': 3320, 'tokens': 870318080, 'lm_loss': 3.8735, 'aux_loss': 2.0007, 'z_loss': 0.0006, 'grad_norm': 0.4395, 'lr': 0.0, 'tokens_per_sec': 324595.5499, 'mfu': 0.0991, 'expert_load_cv': 0.0335, 'min_expert_frac': 0.2432, 'dead_experts': 0, 'peak_vram_gb': 11.913}
{'step': 3330, 'tokens': 872939520, 'lm_loss': 3.9092, 'aux_loss': 2.0021, 'z_loss': 0.0006, 'grad_norm': 0.4316, 'lr': 0.0, 'tokens_per_sec': 324597.4257, 'mfu': 0.0991, 'expert_load_cv': 0.0331, 'min_expert_frac': 0.2433, 'dead_experts': 0, 'peak_vram_gb': 11.913}
{'step': 3340, 'tokens': 875560960, 'lm_loss': 3.8546, 'aux_loss': 2.0019, 'z_loss': 0.0006, 'grad_norm': 0.4219, 'lr': 0.0, 'tokens_per_sec': 324598.3936, 'mfu': 0.0991, 'expert_load_cv': 0.0323, 'min_expert_frac': 0.2435, 'dead_experts': 0, 'peak_vram_gb': 11.913}
{'step': 3350, 'tokens': 878182400, 'lm_loss': 3.8608, 'aux_loss': 2.0012, 'z_loss': 0.0006, 'grad_norm': 0.4023, 'lr': 0.0, 'tokens_per_sec': 324597.0095, 'mfu': 0.0991, 'expert_load_cv': 0.0323, 'min_expert_frac': 0.2432, 'dead_experts': 0, 'peak_vram_gb': 11.913}
{'step': 3360, 'tokens': 880803840, 'lm_loss': 3.8787, 'aux_loss': 2.0016, 'z_loss': 0.0006, 'grad_norm': 0.4473, 'lr': 0.0, 'tokens_per_sec': 324596.0569, 'mfu': 0.0991, 'expert_load_cv': 0.0342, 'min_expert_frac': 0.2431, 'dead_experts': 0, 'peak_vram_gb': 11.913}
{'step': 3370, 'tokens': 883425280, 'lm_loss': 3.8793, 'aux_loss': 2.0019, 'z_loss': 0.0006, 'grad_norm': 0.4199, 'lr': 0.0, 'tokens_per_sec': 324597.6689, 'mfu': 0.0991, 'expert_load_cv': 0.0317, 'min_expert_frac': 0.2431, 'dead_experts': 0, 'peak_vram_gb': 11.913}
{'step': 3380, 'tokens': 886046720, 'lm_loss': 3.7668, 'aux_loss': 2.0021, 'z_loss': 0.0005, 'grad_norm': 0.4336, 'lr': 0.0, 'tokens_per_sec': 324604.3773, 'mfu': 0.0991, 'expert_load_cv': 0.0343, 'min_expert_frac': 0.2428, 'dead_experts': 0, 'peak_vram_gb': 11.913}
{'step': 3390, 'tokens': 888668160, 'lm_loss': 3.8274, 'aux_loss': 2.0008, 'z_loss': 0.0006, 'grad_norm': 0.3926, 'lr': 0.0, 'tokens_per_sec': 324606.2749, 'mfu': 0.0991, 'expert_load_cv': 0.0332, 'min_expert_frac': 0.2432, 'dead_experts': 0, 'peak_vram_gb': 11.913}
{'step': 3400, 'tokens': 891289600, 'lm_loss': 3.874, 'aux_loss': 2.001, 'z_loss': 0.0006, 'grad_norm': 0.3926, 'lr': 0.0, 'tokens_per_sec': 324612.5115, 'mfu': 0.0991, 'expert_load_cv': 0.0322, 'min_expert_frac': 0.2434, 'dead_experts': 0, 'peak_vram_gb': 11.913}
{'step': 3410, 'tokens': 893911040, 'lm_loss': 3.8305, 'aux_loss': 2.0001, 'z_loss': 0.0006, 'grad_norm': 0.418, 'lr': 0.0, 'tokens_per_sec': 324613.4181, 'mfu': 0.0991, 'expert_load_cv': 0.0329, 'min_expert_frac': 0.2434, 'dead_experts': 0, 'peak_vram_gb': 11.913}
{'step': 3420, 'tokens': 896532480, 'lm_loss': 3.8749, 'aux_loss': 2.001, 'z_loss': 0.0006, 'grad_norm': 0.4355, 'lr': 0.0, 'tokens_per_sec': 324611.836, 'mfu': 0.0991, 'expert_load_cv': 0.0324, 'min_expert_frac': 0.2433, 'dead_experts': 0, 'peak_vram_gb': 11.913}
{'step': 3430, 'tokens': 899153920, 'lm_loss': 3.8748, 'aux_loss': 2.001, 'z_loss': 0.0006, 'grad_norm': 0.4141, 'lr': 0.0, 'tokens_per_sec': 324614.4831, 'mfu': 0.0991, 'expert_load_cv': 0.0325, 'min_expert_frac': 0.2436, 'dead_experts': 0, 'peak_vram_gb': 11.913}
{'step': 3440, 'tokens': 901775360, 'lm_loss': 3.889, 'aux_loss': 2.0008, 'z_loss': 0.0005, 'grad_norm': 0.4043, 'lr': 0.0, 'tokens_per_sec': 324616.4322, 'mfu': 0.0991, 'expert_load_cv': 0.0325, 'min_expert_frac': 0.2432, 'dead_experts': 0, 'peak_vram_gb': 11.913}
{'step': 3450, 'tokens': 904396800, 'lm_loss': 3.8599, 'aux_loss': 2.0007, 'z_loss': 0.0006, 'grad_norm': 0.4102, 'lr': 0.0, 'tokens_per_sec': 324616.859, 'mfu': 0.0991, 'expert_load_cv': 0.0325, 'min_expert_frac': 0.2432, 'dead_experts': 0, 'peak_vram_gb': 11.913}
{'step': 3460, 'tokens': 907018240, 'lm_loss': 3.9025, 'aux_loss': 2.0016, 'z_loss': 0.0005, 'grad_norm': 0.4043, 'lr': 0.0, 'tokens_per_sec': 324619.4384, 'mfu': 0.0991, 'expert_load_cv': 0.0313, 'min_expert_frac': 0.2432, 'dead_experts': 0, 'peak_vram_gb': 11.913}
{'step': 3470, 'tokens': 909639680, 'lm_loss': 3.8255, 'aux_loss': 2.0003, 'z_loss': 0.0005, 'grad_norm': 0.3965, 'lr': 0.0, 'tokens_per_sec': 324619.9884, 'mfu': 0.0991, 'expert_load_cv': 0.0333, 'min_expert_frac': 0.2433, 'dead_experts': 0, 'peak_vram_gb': 11.913}
{'step': 3480, 'tokens': 912261120, 'lm_loss': 3.8213, 'aux_loss': 2.0006, 'z_loss': 0.0006, 'grad_norm': 0.4023, 'lr': 0.0, 'tokens_per_sec': 324618.9908, 'mfu': 0.0991, 'expert_load_cv': 0.032, 'min_expert_frac': 0.2435, 'dead_experts': 0, 'peak_vram_gb': 11.913}
{'step': 3490, 'tokens': 914882560, 'lm_loss': 3.8333, 'aux_loss': 2.0025, 'z_loss': 0.0006, 'grad_norm': 0.418, 'lr': 0.0, 'tokens_per_sec': 324621.5305, 'mfu': 0.0991, 'expert_load_cv': 0.0319, 'min_expert_frac': 0.2435, 'dead_experts': 0, 'peak_vram_gb': 11.913}
{'step': 3500, 'tokens': 917504000, 'lm_loss': 3.8786, 'aux_loss': 2.0006, 'z_loss': 0.0006, 'grad_norm': 0.416, 'lr': 0.0, 'tokens_per_sec': 324621.945, 'mfu': 0.0991, 'expert_load_cv': 0.0322, 'min_expert_frac': 0.2435, 'dead_experts': 0, 'peak_vram_gb': 11.913}
{'step': 3510, 'tokens': 920125440, 'lm_loss': 3.861, 'aux_loss': 2.0007, 'z_loss': 0.0006, 'grad_norm': 0.3965, 'lr': 0.0, 'tokens_per_sec': 324622.5911, 'mfu': 0.0991, 'expert_load_cv': 0.0336, 'min_expert_frac': 0.2431, 'dead_experts': 0, 'peak_vram_gb': 11.913}
{'step': 3520, 'tokens': 922746880, 'lm_loss': 3.8691, 'aux_loss': 2.0012, 'z_loss': 0.0006, 'grad_norm': 0.4277, 'lr': 0.0, 'tokens_per_sec': 324625.1148, 'mfu': 0.0991, 'expert_load_cv': 0.0332, 'min_expert_frac': 0.2432, 'dead_experts': 0, 'peak_vram_gb': 11.913}
{'step': 3530, 'tokens': 925368320, 'lm_loss': 3.899, 'aux_loss': 2.0011, 'z_loss': 0.0006, 'grad_norm': 0.3984, 'lr': 0.0, 'tokens_per_sec': 324625.9625, 'mfu': 0.0991, 'expert_load_cv': 0.0318, 'min_expert_frac': 0.243, 'dead_experts': 0, 'peak_vram_gb': 11.913}
{'step': 3540, 'tokens': 927989760, 'lm_loss': 3.9027, 'aux_loss': 1.9998, 'z_loss': 0.0006, 'grad_norm': 0.4023, 'lr': 0.0, 'tokens_per_sec': 324627.381, 'mfu': 0.0991, 'expert_load_cv': 0.0319, 'min_expert_frac': 0.2435, 'dead_experts': 0, 'peak_vram_gb': 11.913}
{'step': 3550, 'tokens': 930611200, 'lm_loss': 3.8143, 'aux_loss': 2.0018, 'z_loss': 0.0006, 'grad_norm': 0.418, 'lr': 0.0, 'tokens_per_sec': 324632.6474, 'mfu': 0.0991, 'expert_load_cv': 0.0313, 'min_expert_frac': 0.2435, 'dead_experts': 0, 'peak_vram_gb': 11.913}
{'step': 3560, 'tokens': 933232640, 'lm_loss': 3.8028, 'aux_loss': 2.0011, 'z_loss': 0.0006, 'grad_norm': 0.3945, 'lr': 0.0, 'tokens_per_sec': 324637.9691, 'mfu': 0.0991, 'expert_load_cv': 0.0327, 'min_expert_frac': 0.2431, 'dead_experts': 0, 'peak_vram_gb': 11.913}
{'step': 3570, 'tokens': 935854080, 'lm_loss': 3.8646, 'aux_loss': 2.0002, 'z_loss': 0.0006, 'grad_norm': 0.375, 'lr': 0.0, 'tokens_per_sec': 324643.1312, 'mfu': 0.0991, 'expert_load_cv': 0.0323, 'min_expert_frac': 0.2433, 'dead_experts': 0, 'peak_vram_gb': 11.913}
{'step': 3580, 'tokens': 938475520, 'lm_loss': 3.9342, 'aux_loss': 2.0004, 'z_loss': 0.0006, 'grad_norm': 0.3906, 'lr': 0.0, 'tokens_per_sec': 324643.4408, 'mfu': 0.0991, 'expert_load_cv': 0.0314, 'min_expert_frac': 0.2435, 'dead_experts': 0, 'peak_vram_gb': 11.913}
{'step': 3590, 'tokens': 941096960, 'lm_loss': 3.8428, 'aux_loss': 2.0015, 'z_loss': 0.0005, 'grad_norm': 0.3984, 'lr': 0.0, 'tokens_per_sec': 324647.6703, 'mfu': 0.0991, 'expert_load_cv': 0.032, 'min_expert_frac': 0.2434, 'dead_experts': 0, 'peak_vram_gb': 11.913}
{'step': 3600, 'tokens': 943718400, 'lm_loss': 3.8995, 'aux_loss': 2.0007, 'z_loss': 0.0006, 'grad_norm': 0.4082, 'lr': 0.0, 'tokens_per_sec': 324652.0939, 'mfu': 0.0991, 'expert_load_cv': 0.0323, 'min_expert_frac': 0.2434, 'dead_experts': 0, 'peak_vram_gb': 11.913}
{'step': 3610, 'tokens': 946339840, 'lm_loss': 3.8182, 'aux_loss': 2.0009, 'z_loss': 0.0006, 'grad_norm': 0.4043, 'lr': 0.0, 'tokens_per_sec': 324654.6274, 'mfu': 0.0991, 'expert_load_cv': 0.0331, 'min_expert_frac': 0.2435, 'dead_experts': 0, 'peak_vram_gb': 11.913}
{'step': 3620, 'tokens': 948961280, 'lm_loss': 3.8315, 'aux_loss': 2.0012, 'z_loss': 0.0006, 'grad_norm': 0.3887, 'lr': 0.0, 'tokens_per_sec': 324655.4381, 'mfu': 0.0991, 'expert_load_cv': 0.0312, 'min_expert_frac': 0.2432, 'dead_experts': 0, 'peak_vram_gb': 11.913}
{'step': 3630, 'tokens': 951582720, 'lm_loss': 3.9092, 'aux_loss': 2.0018, 'z_loss': 0.0005, 'grad_norm': 0.4023, 'lr': 0.0, 'tokens_per_sec': 324648.1286, 'mfu': 0.0991, 'expert_load_cv': 0.0324, 'min_expert_frac': 0.2433, 'dead_experts': 0, 'peak_vram_gb': 11.913}
{'step': 3640, 'tokens': 954204160, 'lm_loss': 3.8836, 'aux_loss': 2.002, 'z_loss': 0.0006, 'grad_norm': 0.3984, 'lr': 0.0, 'tokens_per_sec': 324647.65, 'mfu': 0.0991, 'expert_load_cv': 0.0311, 'min_expert_frac': 0.2433, 'dead_experts': 0, 'peak_vram_gb': 11.913}
{'step': 3650, 'tokens': 956825600, 'lm_loss': 3.8444, 'aux_loss': 2.0013, 'z_loss': 0.0005, 'grad_norm': 0.4023, 'lr': 0.0, 'tokens_per_sec': 324648.4037, 'mfu': 0.0991, 'expert_load_cv': 0.0318, 'min_expert_frac': 0.2436, 'dead_experts': 0, 'peak_vram_gb': 11.913}
{'step': 3660, 'tokens': 959447040, 'lm_loss': 3.9078, 'aux_loss': 2.0007, 'z_loss': 0.0006, 'grad_norm': 0.4102, 'lr': 0.0, 'tokens_per_sec': 324652.9316, 'mfu': 0.0991, 'expert_load_cv': 0.0337, 'min_expert_frac': 0.2431, 'dead_experts': 0, 'peak_vram_gb': 11.913}
{'step': 3670, 'tokens': 962068480, 'lm_loss': 3.8692, 'aux_loss': 2.0016, 'z_loss': 0.0006, 'grad_norm': 0.4141, 'lr': 0.0, 'tokens_per_sec': 324660.3823, 'mfu': 0.0991, 'expert_load_cv': 0.0323, 'min_expert_frac': 0.2433, 'dead_experts': 0, 'peak_vram_gb': 11.913}
{'step': 3680, 'tokens': 964689920, 'lm_loss': 3.8821, 'aux_loss': 2.0003, 'z_loss': 0.0006, 'grad_norm': 0.4277, 'lr': 0.0, 'tokens_per_sec': 324662.3687, 'mfu': 0.0991, 'expert_load_cv': 0.0332, 'min_expert_frac': 0.2433, 'dead_experts': 0, 'peak_vram_gb': 11.913}
{'step': 3690, 'tokens': 967311360, 'lm_loss': 3.8664, 'aux_loss': 2.0016, 'z_loss': 0.0006, 'grad_norm': 0.4355, 'lr': 0.0, 'tokens_per_sec': 324662.9871, 'mfu': 0.0991, 'expert_load_cv': 0.0323, 'min_expert_frac': 0.2435, 'dead_experts': 0, 'peak_vram_gb': 11.913}
{'step': 3700, 'tokens': 969932800, 'lm_loss': 3.849, 'aux_loss': 2.0003, 'z_loss': 0.0006, 'grad_norm': 0.4258, 'lr': 0.0, 'tokens_per_sec': 324667.8161, 'mfu': 0.0991, 'expert_load_cv': 0.0318, 'min_expert_frac': 0.2434, 'dead_experts': 0, 'peak_vram_gb': 11.913}
{'step': 3710, 'tokens': 972554240, 'lm_loss': 3.8823, 'aux_loss': 2.0004, 'z_loss': 0.0006, 'grad_norm': 0.4336, 'lr': 0.0, 'tokens_per_sec': 324670.0179, 'mfu': 0.0991, 'expert_load_cv': 0.0311, 'min_expert_frac': 0.2434, 'dead_experts': 0, 'peak_vram_gb': 11.913}
{'step': 3720, 'tokens': 975175680, 'lm_loss': 3.8893, 'aux_loss': 2.0013, 'z_loss': 0.0005, 'grad_norm': 0.4043, 'lr': 0.0, 'tokens_per_sec': 324677.2073, 'mfu': 0.0991, 'expert_load_cv': 0.034, 'min_expert_frac': 0.2429, 'dead_experts': 0, 'peak_vram_gb': 11.913}
{'step': 3730, 'tokens': 977797120, 'lm_loss': 3.8953, 'aux_loss': 2.0011, 'z_loss': 0.0006, 'grad_norm': 0.4102, 'lr': 0.0, 'tokens_per_sec': 324680.0825, 'mfu': 0.0991, 'expert_load_cv': 0.0314, 'min_expert_frac': 0.2434, 'dead_experts': 0, 'peak_vram_gb': 11.913}
{'step': 3740, 'tokens': 980418560, 'lm_loss': 3.846, 'aux_loss': 2.0019, 'z_loss': 0.0006, 'grad_norm': 0.4121, 'lr': 0.0, 'tokens_per_sec': 324682.6779, 'mfu': 0.0991, 'expert_load_cv': 0.0318, 'min_expert_frac': 0.243, 'dead_experts': 0, 'peak_vram_gb': 11.913}
{'step': 3750, 'tokens': 983040000, 'lm_loss': 3.7667, 'aux_loss': 2.0029, 'z_loss': 0.0005, 'grad_norm': 0.4297, 'lr': 0.0, 'tokens_per_sec': 324680.665, 'mfu': 0.0991, 'expert_load_cv': 0.0324, 'min_expert_frac': 0.2434, 'dead_experts': 0, 'peak_vram_gb': 11.913}
{'step': 3760, 'tokens': 985661440, 'lm_loss': 3.9058, 'aux_loss': 2.0011, 'z_loss': 0.0005, 'grad_norm': 0.4062, 'lr': 0.0, 'tokens_per_sec': 324680.1225, 'mfu': 0.0991, 'expert_load_cv': 0.0318, 'min_expert_frac': 0.2433, 'dead_experts': 0, 'peak_vram_gb': 11.913}
{'step': 3770, 'tokens': 988282880, 'lm_loss': 3.9122, 'aux_loss': 2.0021, 'z_loss': 0.0005, 'grad_norm': 0.4043, 'lr': 0.0, 'tokens_per_sec': 324683.029, 'mfu': 0.0991, 'expert_load_cv': 0.0319, 'min_expert_frac': 0.2433, 'dead_experts': 0, 'peak_vram_gb': 11.913}
{'step': 3780, 'tokens': 990904320, 'lm_loss': 3.8842, 'aux_loss': 2.0027, 'z_loss': 0.0005, 'grad_norm': 0.4023, 'lr': 0.0, 'tokens_per_sec': 324688.52, 'mfu': 0.0991, 'expert_load_cv': 0.0326, 'min_expert_frac': 0.2433, 'dead_experts': 0, 'peak_vram_gb': 11.913}
{'step': 3790, 'tokens': 993525760, 'lm_loss': 3.8959, 'aux_loss': 2.0016, 'z_loss': 0.0006, 'grad_norm': 0.3887, 'lr': 0.0, 'tokens_per_sec': 324690.7495, 'mfu': 0.0991, 'expert_load_cv': 0.0324, 'min_expert_frac': 0.2435, 'dead_experts': 0, 'peak_vram_gb': 11.913}
{'step': 3800, 'tokens': 996147200, 'lm_loss': 3.8962, 'aux_loss': 2.002, 'z_loss': 0.0005, 'grad_norm': 0.4023, 'lr': 0.0, 'tokens_per_sec': 324691.041, 'mfu': 0.0991, 'expert_load_cv': 0.0316, 'min_expert_frac': 0.2433, 'dead_experts': 0, 'peak_vram_gb': 11.913}
{'step': 3810, 'tokens': 998768640, 'lm_loss': 3.9115, 'aux_loss': 2.0018, 'z_loss': 0.0006, 'grad_norm': 0.4258, 'lr': 0.0, 'tokens_per_sec': 324684.1558, 'mfu': 0.0991, 'expert_load_cv': 0.0319, 'min_expert_frac': 0.2433, 'dead_experts': 0, 'peak_vram_gb': 11.913}
Writing model shards:   0%|          | 0/1 [00:00<?, ?it/s]Writing model shards: 100%|██████████| 1/1 [00:00<00:00, 21.60it/s]
  saved runs/seedvar_E4_s1/step3814
done -> runs/seedvar_E4_s1
[1;34mwandb[0m: 
[1;34mwandb[0m: 🚀 View run [33mseedvar_E4_s1[0m at: [34mhttps://wandb.ai/falyahya-vector/moe-sparsity-pilot/runs/8nd2nh95[0m
[1;34mwandb[0m: Find logs at: [1;35mwandb/run-20260727_100112-8nd2nh95/logs[0m
=== E=4 seed=2 ===
{
  "active_nonembed": 8396800,
  "total_nonembed": 14688256,
  "embedding": 4096000,
  "total_all": 18788608,
  "sparsity_ratio": 1.7492682926829268,
  "total_steps": 3814,
  "warmup": 76,
  "tokens_per_step": 262144
}
wandb: [wandb.login()] Loaded credentials for https://api.wandb.ai from /root/.netrc.
wandb: Currently logged in as: falyahya (falyahya-vector) to https://api.wandb.ai. Use `wandb login --relogin` to force relogin
wandb: Tracking run with wandb version 0.28.1
wandb: Run data is saved locally in /workspace/MoE-Sparsity/code/wandb/run-20260727_105341-zix3ym2c
wandb: Run `wandb offline` to turn off syncing.
wandb: Syncing run seedvar_E4_s2
wandb: ⭐️ View project at https://wandb.ai/falyahya-vector/moe-sparsity-pilot
wandb: 🚀 View run at https://wandb.ai/falyahya-vector/moe-sparsity-pilot/runs/zix3ym2c
/workspace/MoE-Sparsity/code/step07_train.py:113: UserWarning: Converting a tensor with requires_grad=True to a scalar may lead to unexpected behavior.
Consider using tensor.detach() first. (Triggered internally at /__w/pytorch/pytorch/torch/csrc/autograd/generated/python_variable_methods.cpp:822.)
  acc_z += float(zl) / a.grad_accum
{'step': 10, 'tokens': 2621440, 'lm_loss': 9.6024, 'aux_loss': 2.0158, 'z_loss': 0.0022, 'grad_norm': 1.6016, 'lr': 0.0001, 'tokens_per_sec': 290935.9263, 'mfu': 0.0888, 'expert_load_cv': 0.1022, 'min_expert_frac': 0.2198, 'dead_experts': 0, 'peak_vram_gb': 11.913}
{'step': 20, 'tokens': 5242880, 'lm_loss': 9.2899, 'aux_loss': 2.0063, 'z_loss': 0.0021, 'grad_norm': 1.1953, 'lr': 0.0001, 'tokens_per_sec': 307372.0034, 'mfu': 0.0939, 'expert_load_cv': 0.3713, 'min_expert_frac': 0.1739, 'dead_experts': 0, 'peak_vram_gb': 11.913}
{'step': 30, 'tokens': 7864320, 'lm_loss': 8.9714, 'aux_loss': 2.0224, 'z_loss': 0.0019, 'grad_norm': 1.1875, 'lr': 0.0002, 'tokens_per_sec': 312925.9856, 'mfu': 0.0955, 'expert_load_cv': 0.1041, 'min_expert_frac': 0.2229, 'dead_experts': 0, 'peak_vram_gb': 11.913}
{'step': 40, 'tokens': 10485760, 'lm_loss': 8.5454, 'aux_loss': 2.0076, 'z_loss': 0.0015, 'grad_norm': 1.1641, 'lr': 0.0002, 'tokens_per_sec': 316174.8612, 'mfu': 0.0965, 'expert_load_cv': 0.182, 'min_expert_frac': 0.2112, 'dead_experts': 0, 'peak_vram_gb': 11.913}
{'step': 50, 'tokens': 13107200, 'lm_loss': 8.0506, 'aux_loss': 2.0137, 'z_loss': 0.001, 'grad_norm': 1.1094, 'lr': 0.0003, 'tokens_per_sec': 317773.2395, 'mfu': 0.097, 'expert_load_cv': 0.0549, 'min_expert_frac': 0.2356, 'dead_experts': 0, 'peak_vram_gb': 11.913}
{'step': 60, 'tokens': 15728640, 'lm_loss': 7.7175, 'aux_loss': 2.0038, 'z_loss': 0.0007, 'grad_norm': 0.9141, 'lr': 0.0003, 'tokens_per_sec': 319047.0644, 'mfu': 0.0974, 'expert_load_cv': 0.0709, 'min_expert_frac': 0.2244, 'dead_experts': 0, 'peak_vram_gb': 11.913}
{'step': 70, 'tokens': 18350080, 'lm_loss': 7.4684, 'aux_loss': 2.0147, 'z_loss': 0.0005, 'grad_norm': 0.5781, 'lr': 0.0004, 'tokens_per_sec': 320115.143, 'mfu': 0.0977, 'expert_load_cv': 0.1103, 'min_expert_frac': 0.2117, 'dead_experts': 0, 'peak_vram_gb': 11.913}
{'step': 80, 'tokens': 20971520, 'lm_loss': 7.2849, 'aux_loss': 2.0025, 'z_loss': 0.0004, 'grad_norm': 0.5977, 'lr': 0.0004, 'tokens_per_sec': 320828.8612, 'mfu': 0.098, 'expert_load_cv': 0.0976, 'min_expert_frac': 0.2211, 'dead_experts': 0, 'peak_vram_gb': 11.913}
{'step': 90, 'tokens': 23592960, 'lm_loss': 7.1458, 'aux_loss': 1.9991, 'z_loss': 0.0006, 'grad_norm': 0.3574, 'lr': 0.0004, 'tokens_per_sec': 321402.7515, 'mfu': 0.0981, 'expert_load_cv': 0.0645, 'min_expert_frac': 0.2382, 'dead_experts': 0, 'peak_vram_gb': 11.913}
{'step': 100, 'tokens': 26214400, 'lm_loss': 7.0359, 'aux_loss': 1.9996, 'z_loss': 0.0005, 'grad_norm': 0.4316, 'lr': 0.0004, 'tokens_per_sec': 321742.0975, 'mfu': 0.0982, 'expert_load_cv': 0.0248, 'min_expert_frac': 0.2419, 'dead_experts': 0, 'peak_vram_gb': 11.913}
{'step': 110, 'tokens': 28835840, 'lm_loss': 6.8577, 'aux_loss': 1.996, 'z_loss': 0.0005, 'grad_norm': 0.6055, 'lr': 0.0004, 'tokens_per_sec': 322049.0189, 'mfu': 0.0983, 'expert_load_cv': 0.0592, 'min_expert_frac': 0.2319, 'dead_experts': 0, 'peak_vram_gb': 11.913}
{'step': 120, 'tokens': 31457280, 'lm_loss': 6.765, 'aux_loss': 1.9947, 'z_loss': 0.0005, 'grad_norm': 0.6289, 'lr': 0.0004, 'tokens_per_sec': 322360.4809, 'mfu': 0.0984, 'expert_load_cv': 0.0478, 'min_expert_frac': 0.2402, 'dead_experts': 0, 'peak_vram_gb': 11.913}
{'step': 130, 'tokens': 34078720, 'lm_loss': 6.626, 'aux_loss': 2.0009, 'z_loss': 0.0006, 'grad_norm': 0.6094, 'lr': 0.0004, 'tokens_per_sec': 322546.2929, 'mfu': 0.0985, 'expert_load_cv': 0.0424, 'min_expert_frac': 0.2362, 'dead_experts': 0, 'peak_vram_gb': 11.913}
{'step': 140, 'tokens': 36700160, 'lm_loss': 6.4771, 'aux_loss': 1.9997, 'z_loss': 0.0006, 'grad_norm': 0.7031, 'lr': 0.0004, 'tokens_per_sec': 322765.5389, 'mfu': 0.0986, 'expert_load_cv': 0.0558, 'min_expert_frac': 0.236, 'dead_experts': 0, 'peak_vram_gb': 11.913}
{'step': 150, 'tokens': 39321600, 'lm_loss': 6.3757, 'aux_loss': 1.9971, 'z_loss': 0.0006, 'grad_norm': 0.543, 'lr': 0.0004, 'tokens_per_sec': 322843.3884, 'mfu': 0.0986, 'expert_load_cv': 0.0533, 'min_expert_frac': 0.237, 'dead_experts': 0, 'peak_vram_gb': 11.913}
{'step': 160, 'tokens': 41943040, 'lm_loss': 6.3124, 'aux_loss': 1.9992, 'z_loss': 0.0006, 'grad_norm': 1.8359, 'lr': 0.0004, 'tokens_per_sec': 323001.1616, 'mfu': 0.0986, 'expert_load_cv': 0.0462, 'min_expert_frac': 0.2388, 'dead_experts': 0, 'peak_vram_gb': 11.913}
{'step': 170, 'tokens': 44564480, 'lm_loss': 6.2029, 'aux_loss': 1.999, 'z_loss': 0.0006, 'grad_norm': 0.6367, 'lr': 0.0004, 'tokens_per_sec': 322982.5191, 'mfu': 0.0986, 'expert_load_cv': 0.0502, 'min_expert_frac': 0.239, 'dead_experts': 0, 'peak_vram_gb': 11.913}
{'step': 180, 'tokens': 47185920, 'lm_loss': 6.1081, 'aux_loss': 1.9999, 'z_loss': 0.0006, 'grad_norm': 0.7695, 'lr': 0.0004, 'tokens_per_sec': 323152.7143, 'mfu': 0.0987, 'expert_load_cv': 0.049, 'min_expert_frac': 0.238, 'dead_experts': 0, 'peak_vram_gb': 11.913}
{'step': 190, 'tokens': 49807360, 'lm_loss': 6.0384, 'aux_loss': 2.0027, 'z_loss': 0.0006, 'grad_norm': 0.6758, 'lr': 0.0004, 'tokens_per_sec': 323249.1161, 'mfu': 0.0987, 'expert_load_cv': 0.0517, 'min_expert_frac': 0.2363, 'dead_experts': 0, 'peak_vram_gb': 11.913}
{'step': 200, 'tokens': 52428800, 'lm_loss': 6.0011, 'aux_loss': 2.002, 'z_loss': 0.0007, 'grad_norm': 0.6562, 'lr': 0.0004, 'tokens_per_sec': 323300.9035, 'mfu': 0.0987, 'expert_load_cv': 0.0575, 'min_expert_frac': 0.2336, 'dead_experts': 0, 'peak_vram_gb': 11.913}
{'step': 210, 'tokens': 55050240, 'lm_loss': 5.883, 'aux_loss': 2.0016, 'z_loss': 0.0007, 'grad_norm': 0.8359, 'lr': 0.0004, 'tokens_per_sec': 323384.9146, 'mfu': 0.0987, 'expert_load_cv': 0.0573, 'min_expert_frac': 0.2342, 'dead_experts': 0, 'peak_vram_gb': 11.913}
{'step': 220, 'tokens': 57671680, 'lm_loss': 5.8107, 'aux_loss': 2.0026, 'z_loss': 0.0007, 'grad_norm': 0.707, 'lr': 0.0004, 'tokens_per_sec': 323465.5582, 'mfu': 0.0988, 'expert_load_cv': 0.057, 'min_expert_frac': 0.2346, 'dead_experts': 0, 'peak_vram_gb': 11.913}
{'step': 230, 'tokens': 60293120, 'lm_loss': 5.7925, 'aux_loss': 2.003, 'z_loss': 0.0007, 'grad_norm': 0.625, 'lr': 0.0004, 'tokens_per_sec': 323553.5321, 'mfu': 0.0988, 'expert_load_cv': 0.061, 'min_expert_frac': 0.2342, 'dead_experts': 0, 'peak_vram_gb': 11.913}
{'step': 240, 'tokens': 62914560, 'lm_loss': 5.6916, 'aux_loss': 2.0009, 'z_loss': 0.0007, 'grad_norm': 0.9102, 'lr': 0.0004, 'tokens_per_sec': 323632.9463, 'mfu': 0.0988, 'expert_load_cv': 0.0602, 'min_expert_frac': 0.2343, 'dead_experts': 0, 'peak_vram_gb': 11.913}
{'step': 250, 'tokens': 65536000, 'lm_loss': 5.6166, 'aux_loss': 2.0003, 'z_loss': 0.0008, 'grad_norm': 0.9492, 'lr': 0.0004, 'tokens_per_sec': 323652.3943, 'mfu': 0.0988, 'expert_load_cv': 0.063, 'min_expert_frac': 0.2335, 'dead_experts': 0, 'peak_vram_gb': 11.913}
{'step': 260, 'tokens': 68157440, 'lm_loss': 5.5859, 'aux_loss': 2.001, 'z_loss': 0.0007, 'grad_norm': 0.8555, 'lr': 0.0004, 'tokens_per_sec': 323686.3995, 'mfu': 0.0988, 'expert_load_cv': 0.0556, 'min_expert_frac': 0.2338, 'dead_experts': 0, 'peak_vram_gb': 11.913}
{'step': 270, 'tokens': 70778880, 'lm_loss': 5.5388, 'aux_loss': 2.002, 'z_loss': 0.0008, 'grad_norm': 0.7812, 'lr': 0.0004, 'tokens_per_sec': 323757.8987, 'mfu': 0.0989, 'expert_load_cv': 0.0632, 'min_expert_frac': 0.2309, 'dead_experts': 0, 'peak_vram_gb': 11.913}
{'step': 280, 'tokens': 73400320, 'lm_loss': 5.4955, 'aux_loss': 2.0008, 'z_loss': 0.0008, 'grad_norm': 1.3359, 'lr': 0.0004, 'tokens_per_sec': 323873.4095, 'mfu': 0.0989, 'expert_load_cv': 0.0587, 'min_expert_frac': 0.2331, 'dead_experts': 0, 'peak_vram_gb': 11.913}
{'step': 290, 'tokens': 76021760, 'lm_loss': 5.4539, 'aux_loss': 2.0016, 'z_loss': 0.0008, 'grad_norm': 0.7188, 'lr': 0.0004, 'tokens_per_sec': 323938.6507, 'mfu': 0.0989, 'expert_load_cv': 0.059, 'min_expert_frac': 0.2342, 'dead_experts': 0, 'peak_vram_gb': 11.913}
{'step': 300, 'tokens': 78643200, 'lm_loss': 5.4125, 'aux_loss': 2.0002, 'z_loss': 0.0008, 'grad_norm': 0.9102, 'lr': 0.0004, 'tokens_per_sec': 323928.5841, 'mfu': 0.0989, 'expert_load_cv': 0.0523, 'min_expert_frac': 0.2345, 'dead_experts': 0, 'peak_vram_gb': 11.913}
{'step': 310, 'tokens': 81264640, 'lm_loss': 5.3481, 'aux_loss': 2.0007, 'z_loss': 0.0008, 'grad_norm': 0.9102, 'lr': 0.0004, 'tokens_per_sec': 323994.8743, 'mfu': 0.0989, 'expert_load_cv': 0.0583, 'min_expert_frac': 0.2324, 'dead_experts': 0, 'peak_vram_gb': 11.913}
{'step': 320, 'tokens': 83886080, 'lm_loss': 5.3244, 'aux_loss': 2.0, 'z_loss': 0.0008, 'grad_norm': 1.2734, 'lr': 0.0004, 'tokens_per_sec': 324003.0681, 'mfu': 0.0989, 'expert_load_cv': 0.0611, 'min_expert_frac': 0.2324, 'dead_experts': 0, 'peak_vram_gb': 11.913}
{'step': 330, 'tokens': 86507520, 'lm_loss': 5.2864, 'aux_loss': 2.0, 'z_loss': 0.0008, 'grad_norm': 0.9258, 'lr': 0.0004, 'tokens_per_sec': 324011.4433, 'mfu': 0.0989, 'expert_load_cv': 0.0576, 'min_expert_frac': 0.2329, 'dead_experts': 0, 'peak_vram_gb': 11.913}
{'step': 340, 'tokens': 89128960, 'lm_loss': 5.2712, 'aux_loss': 2.001, 'z_loss': 0.0008, 'grad_norm': 0.8789, 'lr': 0.0004, 'tokens_per_sec': 324063.9937, 'mfu': 0.0989, 'expert_load_cv': 0.0602, 'min_expert_frac': 0.233, 'dead_experts': 0, 'peak_vram_gb': 11.913}
{'step': 350, 'tokens': 91750400, 'lm_loss': 5.2088, 'aux_loss': 1.9998, 'z_loss': 0.0009, 'grad_norm': 0.8086, 'lr': 0.0004, 'tokens_per_sec': 324066.1825, 'mfu': 0.0989, 'expert_load_cv': 0.0575, 'min_expert_frac': 0.2336, 'dead_experts': 0, 'peak_vram_gb': 11.913}
{'step': 360, 'tokens': 94371840, 'lm_loss': 5.1689, 'aux_loss': 2.0037, 'z_loss': 0.0009, 'grad_norm': 1.0234, 'lr': 0.0004, 'tokens_per_sec': 324054.6606, 'mfu': 0.0989, 'expert_load_cv': 0.0606, 'min_expert_frac': 0.2332, 'dead_experts': 0, 'peak_vram_gb': 11.913}
{'step': 370, 'tokens': 96993280, 'lm_loss': 5.154, 'aux_loss': 2.0001, 'z_loss': 0.0009, 'grad_norm': 0.8984, 'lr': 0.0004, 'tokens_per_sec': 324072.365, 'mfu': 0.099, 'expert_load_cv': 0.0569, 'min_expert_frac': 0.2341, 'dead_experts': 0, 'peak_vram_gb': 11.913}
{'step': 380, 'tokens': 99614720, 'lm_loss': 5.0897, 'aux_loss': 2.0016, 'z_loss': 0.0009, 'grad_norm': 0.957, 'lr': 0.0004, 'tokens_per_sec': 324091.3456, 'mfu': 0.099, 'expert_load_cv': 0.0566, 'min_expert_frac': 0.2342, 'dead_experts': 0, 'peak_vram_gb': 11.913}
{'step': 390, 'tokens': 102236160, 'lm_loss': 5.1313, 'aux_loss': 2.0006, 'z_loss': 0.0009, 'grad_norm': 0.9062, 'lr': 0.0004, 'tokens_per_sec': 324116.5276, 'mfu': 0.099, 'expert_load_cv': 0.0592, 'min_expert_frac': 0.2334, 'dead_experts': 0, 'peak_vram_gb': 11.913}
{'step': 400, 'tokens': 104857600, 'lm_loss': 5.081, 'aux_loss': 2.0006, 'z_loss': 0.0009, 'grad_norm': 0.9219, 'lr': 0.0004, 'tokens_per_sec': 324140.3991, 'mfu': 0.099, 'expert_load_cv': 0.0608, 'min_expert_frac': 0.2335, 'dead_experts': 0, 'peak_vram_gb': 11.913}
{'step': 410, 'tokens': 107479040, 'lm_loss': 5.0085, 'aux_loss': 1.9987, 'z_loss': 0.0009, 'grad_norm': 0.8945, 'lr': 0.0004, 'tokens_per_sec': 324146.6068, 'mfu': 0.099, 'expert_load_cv': 0.0556, 'min_expert_frac': 0.234, 'dead_experts': 0, 'peak_vram_gb': 11.913}
{'step': 420, 'tokens': 110100480, 'lm_loss': 5.0377, 'aux_loss': 2.0019, 'z_loss': 0.0009, 'grad_norm': 1.1406, 'lr': 0.0004, 'tokens_per_sec': 324147.3858, 'mfu': 0.099, 'expert_load_cv': 0.0577, 'min_expert_frac': 0.2347, 'dead_experts': 0, 'peak_vram_gb': 11.913}
{'step': 430, 'tokens': 112721920, 'lm_loss': 5.0337, 'aux_loss': 2.001, 'z_loss': 0.0009, 'grad_norm': 1.2109, 'lr': 0.0004, 'tokens_per_sec': 324167.9682, 'mfu': 0.099, 'expert_load_cv': 0.055, 'min_expert_frac': 0.2352, 'dead_experts': 0, 'peak_vram_gb': 11.913}
{'step': 440, 'tokens': 115343360, 'lm_loss': 4.9168, 'aux_loss': 2.0007, 'z_loss': 0.0009, 'grad_norm': 1.0781, 'lr': 0.0004, 'tokens_per_sec': 324147.2987, 'mfu': 0.099, 'expert_load_cv': 0.0581, 'min_expert_frac': 0.234, 'dead_experts': 0, 'peak_vram_gb': 11.913}
{'step': 450, 'tokens': 117964800, 'lm_loss': 4.9497, 'aux_loss': 2.0012, 'z_loss': 0.0009, 'grad_norm': 0.875, 'lr': 0.0004, 'tokens_per_sec': 324188.0867, 'mfu': 0.099, 'expert_load_cv': 0.0586, 'min_expert_frac': 0.2338, 'dead_experts': 0, 'peak_vram_gb': 11.913}
{'step': 460, 'tokens': 120586240, 'lm_loss': 4.8916, 'aux_loss': 1.9993, 'z_loss': 0.0009, 'grad_norm': 0.9219, 'lr': 0.0004, 'tokens_per_sec': 324198.3578, 'mfu': 0.099, 'expert_load_cv': 0.0572, 'min_expert_frac': 0.2354, 'dead_experts': 0, 'peak_vram_gb': 11.913}
{'step': 470, 'tokens': 123207680, 'lm_loss': 4.8973, 'aux_loss': 2.0016, 'z_loss': 0.0009, 'grad_norm': 1.0078, 'lr': 0.0004, 'tokens_per_sec': 324214.9018, 'mfu': 0.099, 'expert_load_cv': 0.0576, 'min_expert_frac': 0.235, 'dead_experts': 0, 'peak_vram_gb': 11.913}
{'step': 480, 'tokens': 125829120, 'lm_loss': 4.8794, 'aux_loss': 2.0008, 'z_loss': 0.001, 'grad_norm': 0.9922, 'lr': 0.0004, 'tokens_per_sec': 324254.093, 'mfu': 0.099, 'expert_load_cv': 0.06, 'min_expert_frac': 0.2344, 'dead_experts': 0, 'peak_vram_gb': 11.913}
{'step': 490, 'tokens': 128450560, 'lm_loss': 4.8752, 'aux_loss': 2.0016, 'z_loss': 0.0009, 'grad_norm': 1.1172, 'lr': 0.0004, 'tokens_per_sec': 324260.8511, 'mfu': 0.099, 'expert_load_cv': 0.0572, 'min_expert_frac': 0.2357, 'dead_experts': 0, 'peak_vram_gb': 11.913}
{'step': 500, 'tokens': 131072000, 'lm_loss': 4.8713, 'aux_loss': 2.0025, 'z_loss': 0.001, 'grad_norm': 1.0078, 'lr': 0.0004, 'tokens_per_sec': 324260.9008, 'mfu': 0.099, 'expert_load_cv': 0.0549, 'min_expert_frac': 0.2369, 'dead_experts': 0, 'peak_vram_gb': 11.913}
{'step': 510, 'tokens': 133693440, 'lm_loss': 4.8251, 'aux_loss': 2.0017, 'z_loss': 0.001, 'grad_norm': 1.1562, 'lr': 0.0004, 'tokens_per_sec': 324257.3533, 'mfu': 0.099, 'expert_load_cv': 0.0592, 'min_expert_frac': 0.2354, 'dead_experts': 0, 'peak_vram_gb': 11.913}
{'step': 520, 'tokens': 136314880, 'lm_loss': 4.8079, 'aux_loss': 2.0007, 'z_loss': 0.0009, 'grad_norm': 0.9766, 'lr': 0.0004, 'tokens_per_sec': 324261.2331, 'mfu': 0.099, 'expert_load_cv': 0.0573, 'min_expert_frac': 0.2355, 'dead_experts': 0, 'peak_vram_gb': 11.913}
{'step': 530, 'tokens': 138936320, 'lm_loss': 4.7537, 'aux_loss': 2.0002, 'z_loss': 0.0009, 'grad_norm': 0.8477, 'lr': 0.0004, 'tokens_per_sec': 324278.7209, 'mfu': 0.099, 'expert_load_cv': 0.0555, 'min_expert_frac': 0.2361, 'dead_experts': 0, 'peak_vram_gb': 11.913}
{'step': 540, 'tokens': 141557760, 'lm_loss': 4.7577, 'aux_loss': 2.0017, 'z_loss': 0.001, 'grad_norm': 1.0938, 'lr': 0.0004, 'tokens_per_sec': 324294.2512, 'mfu': 0.099, 'expert_load_cv': 0.0543, 'min_expert_frac': 0.2366, 'dead_experts': 0, 'peak_vram_gb': 11.913}
{'step': 550, 'tokens': 144179200, 'lm_loss': 4.7603, 'aux_loss': 2.0011, 'z_loss': 0.001, 'grad_norm': 1.0703, 'lr': 0.0004, 'tokens_per_sec': 324289.4789, 'mfu': 0.099, 'expert_load_cv': 0.0569, 'min_expert_frac': 0.2368, 'dead_experts': 0, 'peak_vram_gb': 11.913}
{'step': 560, 'tokens': 146800640, 'lm_loss': 4.7477, 'aux_loss': 2.0005, 'z_loss': 0.001, 'grad_norm': 0.9414, 'lr': 0.0004, 'tokens_per_sec': 324276.756, 'mfu': 0.099, 'expert_load_cv': 0.0545, 'min_expert_frac': 0.2382, 'dead_experts': 0, 'peak_vram_gb': 11.913}
{'step': 570, 'tokens': 149422080, 'lm_loss': 4.6777, 'aux_loss': 2.0013, 'z_loss': 0.001, 'grad_norm': 0.7188, 'lr': 0.0004, 'tokens_per_sec': 324295.5252, 'mfu': 0.099, 'expert_load_cv': 0.0574, 'min_expert_frac': 0.237, 'dead_experts': 0, 'peak_vram_gb': 11.913}
{'step': 580, 'tokens': 152043520, 'lm_loss': 4.7577, 'aux_loss': 2.0022, 'z_loss': 0.001, 'grad_norm': 0.7617, 'lr': 0.0004, 'tokens_per_sec': 324283.8708, 'mfu': 0.099, 'expert_load_cv': 0.0555, 'min_expert_frac': 0.2378, 'dead_experts': 0, 'peak_vram_gb': 11.913}
{'step': 590, 'tokens': 154664960, 'lm_loss': 4.6916, 'aux_loss': 2.0013, 'z_loss': 0.001, 'grad_norm': 0.9297, 'lr': 0.0004, 'tokens_per_sec': 324294.4441, 'mfu': 0.099, 'expert_load_cv': 0.0601, 'min_expert_frac': 0.2371, 'dead_experts': 0, 'peak_vram_gb': 11.913}
{'step': 600, 'tokens': 157286400, 'lm_loss': 4.7041, 'aux_loss': 2.0024, 'z_loss': 0.001, 'grad_norm': 0.6523, 'lr': 0.0004, 'tokens_per_sec': 324294.096, 'mfu': 0.099, 'expert_load_cv': 0.0567, 'min_expert_frac': 0.2372, 'dead_experts': 0, 'peak_vram_gb': 11.913}
{'step': 610, 'tokens': 159907840, 'lm_loss': 4.7059, 'aux_loss': 2.0015, 'z_loss': 0.001, 'grad_norm': 0.9727, 'lr': 0.0004, 'tokens_per_sec': 324290.5098, 'mfu': 0.099, 'expert_load_cv': 0.0574, 'min_expert_frac': 0.2372, 'dead_experts': 0, 'peak_vram_gb': 11.913}
{'step': 620, 'tokens': 162529280, 'lm_loss': 4.7206, 'aux_loss': 2.0016, 'z_loss': 0.001, 'grad_norm': 1.0547, 'lr': 0.0004, 'tokens_per_sec': 324286.5435, 'mfu': 0.099, 'expert_load_cv': 0.0556, 'min_expert_frac': 0.2375, 'dead_experts': 0, 'peak_vram_gb': 11.913}
{'step': 630, 'tokens': 165150720, 'lm_loss': 4.6208, 'aux_loss': 2.0012, 'z_loss': 0.001, 'grad_norm': 0.9492, 'lr': 0.0004, 'tokens_per_sec': 324309.9903, 'mfu': 0.099, 'expert_load_cv': 0.0555, 'min_expert_frac': 0.2374, 'dead_experts': 0, 'peak_vram_gb': 11.913}
{'step': 640, 'tokens': 167772160, 'lm_loss': 4.6305, 'aux_loss': 2.0027, 'z_loss': 0.0009, 'grad_norm': 0.9336, 'lr': 0.0004, 'tokens_per_sec': 324314.3126, 'mfu': 0.099, 'expert_load_cv': 0.0561, 'min_expert_frac': 0.2381, 'dead_experts': 0, 'peak_vram_gb': 11.913}
{'step': 650, 'tokens': 170393600, 'lm_loss': 4.6338, 'aux_loss': 2.0002, 'z_loss': 0.001, 'grad_norm': 0.7891, 'lr': 0.0004, 'tokens_per_sec': 324314.8619, 'mfu': 0.099, 'expert_load_cv': 0.0527, 'min_expert_frac': 0.2383, 'dead_experts': 0, 'peak_vram_gb': 11.913}
{'step': 660, 'tokens': 173015040, 'lm_loss': 4.6649, 'aux_loss': 1.9997, 'z_loss': 0.001, 'grad_norm': 0.9961, 'lr': 0.0004, 'tokens_per_sec': 324322.5328, 'mfu': 0.099, 'expert_load_cv': 0.056, 'min_expert_frac': 0.2379, 'dead_experts': 0, 'peak_vram_gb': 11.913}
{'step': 670, 'tokens': 175636480, 'lm_loss': 4.5677, 'aux_loss': 2.0002, 'z_loss': 0.001, 'grad_norm': 0.8438, 'lr': 0.0004, 'tokens_per_sec': 324347.1524, 'mfu': 0.099, 'expert_load_cv': 0.0548, 'min_expert_frac': 0.238, 'dead_experts': 0, 'peak_vram_gb': 11.913}
{'step': 680, 'tokens': 178257920, 'lm_loss': 4.6233, 'aux_loss': 2.0018, 'z_loss': 0.001, 'grad_norm': 0.7734, 'lr': 0.0004, 'tokens_per_sec': 324354.6353, 'mfu': 0.099, 'expert_load_cv': 0.0544, 'min_expert_frac': 0.2383, 'dead_experts': 0, 'peak_vram_gb': 11.913}
{'step': 690, 'tokens': 180879360, 'lm_loss': 4.6439, 'aux_loss': 2.0009, 'z_loss': 0.001, 'grad_norm': 0.8672, 'lr': 0.0004, 'tokens_per_sec': 324359.8479, 'mfu': 0.099, 'expert_load_cv': 0.0564, 'min_expert_frac': 0.2377, 'dead_experts': 0, 'peak_vram_gb': 11.913}
{'step': 700, 'tokens': 183500800, 'lm_loss': 4.5659, 'aux_loss': 2.002, 'z_loss': 0.001, 'grad_norm': 0.7734, 'lr': 0.0004, 'tokens_per_sec': 324368.3739, 'mfu': 0.099, 'expert_load_cv': 0.0567, 'min_expert_frac': 0.2369, 'dead_experts': 0, 'peak_vram_gb': 11.913}
{'step': 710, 'tokens': 186122240, 'lm_loss': 4.6012, 'aux_loss': 2.0008, 'z_loss': 0.0009, 'grad_norm': 0.9609, 'lr': 0.0004, 'tokens_per_sec': 324398.1143, 'mfu': 0.0991, 'expert_load_cv': 0.0575, 'min_expert_frac': 0.2375, 'dead_experts': 0, 'peak_vram_gb': 11.913}
{'step': 720, 'tokens': 188743680, 'lm_loss': 4.5424, 'aux_loss': 2.0022, 'z_loss': 0.001, 'grad_norm': 0.7344, 'lr': 0.0004, 'tokens_per_sec': 324404.4833, 'mfu': 0.0991, 'expert_load_cv': 0.055, 'min_expert_frac': 0.2375, 'dead_experts': 0, 'peak_vram_gb': 11.913}
{'step': 730, 'tokens': 191365120, 'lm_loss': 4.554, 'aux_loss': 2.0005, 'z_loss': 0.001, 'grad_norm': 0.7773, 'lr': 0.0004, 'tokens_per_sec': 324416.2603, 'mfu': 0.0991, 'expert_load_cv': 0.0568, 'min_expert_frac': 0.2367, 'dead_experts': 0, 'peak_vram_gb': 11.913}
{'step': 740, 'tokens': 193986560, 'lm_loss': 4.5611, 'aux_loss': 2.0023, 'z_loss': 0.0009, 'grad_norm': 1.1406, 'lr': 0.0004, 'tokens_per_sec': 324430.146, 'mfu': 0.0991, 'expert_load_cv': 0.0583, 'min_expert_frac': 0.2371, 'dead_experts': 0, 'peak_vram_gb': 11.913}
{'step': 750, 'tokens': 196608000, 'lm_loss': 4.5307, 'aux_loss': 2.0025, 'z_loss': 0.0009, 'grad_norm': 0.8203, 'lr': 0.0004, 'tokens_per_sec': 324443.0946, 'mfu': 0.0991, 'expert_load_cv': 0.0598, 'min_expert_frac': 0.2366, 'dead_experts': 0, 'peak_vram_gb': 11.913}
{'step': 760, 'tokens': 199229440, 'lm_loss': 4.5004, 'aux_loss': 2.0009, 'z_loss': 0.0009, 'grad_norm': 0.793, 'lr': 0.0004, 'tokens_per_sec': 324445.0508, 'mfu': 0.0991, 'expert_load_cv': 0.0553, 'min_expert_frac': 0.2367, 'dead_experts': 0, 'peak_vram_gb': 11.913}
{'step': 770, 'tokens': 201850880, 'lm_loss': 4.5582, 'aux_loss': 2.0029, 'z_loss': 0.001, 'grad_norm': 0.8984, 'lr': 0.0004, 'tokens_per_sec': 324451.3474, 'mfu': 0.0991, 'expert_load_cv': 0.0565, 'min_expert_frac': 0.2354, 'dead_experts': 0, 'peak_vram_gb': 11.913}
{'step': 780, 'tokens': 204472320, 'lm_loss': 4.5194, 'aux_loss': 2.0021, 'z_loss': 0.0009, 'grad_norm': 0.9648, 'lr': 0.0004, 'tokens_per_sec': 324456.9242, 'mfu': 0.0991, 'expert_load_cv': 0.0565, 'min_expert_frac': 0.2367, 'dead_experts': 0, 'peak_vram_gb': 11.913}
{'step': 790, 'tokens': 207093760, 'lm_loss': 4.5677, 'aux_loss': 2.0013, 'z_loss': 0.0009, 'grad_norm': 1.0156, 'lr': 0.0004, 'tokens_per_sec': 324451.5263, 'mfu': 0.0991, 'expert_load_cv': 0.0606, 'min_expert_frac': 0.237, 'dead_experts': 0, 'peak_vram_gb': 11.913}
{'step': 800, 'tokens': 209715200, 'lm_loss': 4.5344, 'aux_loss': 2.0015, 'z_loss': 0.0009, 'grad_norm': 0.625, 'lr': 0.0004, 'tokens_per_sec': 324424.4943, 'mfu': 0.0991, 'expert_load_cv': 0.0583, 'min_expert_frac': 0.2353, 'dead_experts': 0, 'peak_vram_gb': 11.913}
{'step': 810, 'tokens': 212336640, 'lm_loss': 4.4636, 'aux_loss': 2.0007, 'z_loss': 0.001, 'grad_norm': 0.7383, 'lr': 0.0004, 'tokens_per_sec': 324435.4784, 'mfu': 0.0991, 'expert_load_cv': 0.056, 'min_expert_frac': 0.2361, 'dead_experts': 0, 'peak_vram_gb': 11.913}
{'step': 820, 'tokens': 214958080, 'lm_loss': 4.5141, 'aux_loss': 2.0008, 'z_loss': 0.0009, 'grad_norm': 1.1094, 'lr': 0.0004, 'tokens_per_sec': 324449.3984, 'mfu': 0.0991, 'expert_load_cv': 0.0575, 'min_expert_frac': 0.2372, 'dead_experts': 0, 'peak_vram_gb': 11.913}
{'step': 830, 'tokens': 217579520, 'lm_loss': 4.5621, 'aux_loss': 2.0007, 'z_loss': 0.001, 'grad_norm': 0.9219, 'lr': 0.0004, 'tokens_per_sec': 324438.5782, 'mfu': 0.0991, 'expert_load_cv': 0.0589, 'min_expert_frac': 0.2353, 'dead_experts': 0, 'peak_vram_gb': 11.913}
{'step': 840, 'tokens': 220200960, 'lm_loss': 4.4558, 'aux_loss': 2.0013, 'z_loss': 0.0009, 'grad_norm': 0.9336, 'lr': 0.0004, 'tokens_per_sec': 324424.0857, 'mfu': 0.0991, 'expert_load_cv': 0.0596, 'min_expert_frac': 0.2349, 'dead_experts': 0, 'peak_vram_gb': 11.913}
{'step': 850, 'tokens': 222822400, 'lm_loss': 4.424, 'aux_loss': 2.0045, 'z_loss': 0.0009, 'grad_norm': 0.7461, 'lr': 0.0004, 'tokens_per_sec': 324413.8126, 'mfu': 0.0991, 'expert_load_cv': 0.0573, 'min_expert_frac': 0.2354, 'dead_experts': 0, 'peak_vram_gb': 11.913}
{'step': 860, 'tokens': 225443840, 'lm_loss': 4.4874, 'aux_loss': 2.0026, 'z_loss': 0.0009, 'grad_norm': 0.7383, 'lr': 0.0004, 'tokens_per_sec': 324400.6178, 'mfu': 0.0991, 'expert_load_cv': 0.0597, 'min_expert_frac': 0.2346, 'dead_experts': 0, 'peak_vram_gb': 11.913}
{'step': 870, 'tokens': 228065280, 'lm_loss': 4.4295, 'aux_loss': 2.0027, 'z_loss': 0.0009, 'grad_norm': 0.7812, 'lr': 0.0004, 'tokens_per_sec': 324398.6041, 'mfu': 0.0991, 'expert_load_cv': 0.0602, 'min_expert_frac': 0.2334, 'dead_experts': 0, 'peak_vram_gb': 11.913}
{'step': 880, 'tokens': 230686720, 'lm_loss': 4.4209, 'aux_loss': 2.0034, 'z_loss': 0.0009, 'grad_norm': 0.7422, 'lr': 0.0004, 'tokens_per_sec': 324403.0547, 'mfu': 0.0991, 'expert_load_cv': 0.0609, 'min_expert_frac': 0.2343, 'dead_experts': 0, 'peak_vram_gb': 11.913}
{'step': 890, 'tokens': 233308160, 'lm_loss': 4.4093, 'aux_loss': 2.0019, 'z_loss': 0.0009, 'grad_norm': 0.8945, 'lr': 0.0004, 'tokens_per_sec': 324411.2405, 'mfu': 0.0991, 'expert_load_cv': 0.0615, 'min_expert_frac': 0.2351, 'dead_experts': 0, 'peak_vram_gb': 11.913}
{'step': 900, 'tokens': 235929600, 'lm_loss': 4.3844, 'aux_loss': 2.0025, 'z_loss': 0.0009, 'grad_norm': 0.8125, 'lr': 0.0004, 'tokens_per_sec': 324409.081, 'mfu': 0.0991, 'expert_load_cv': 0.0614, 'min_expert_frac': 0.2334, 'dead_experts': 0, 'peak_vram_gb': 11.913}
{'step': 910, 'tokens': 238551040, 'lm_loss': 4.4661, 'aux_loss': 2.0038, 'z_loss': 0.0009, 'grad_norm': 0.8984, 'lr': 0.0004, 'tokens_per_sec': 324401.2125, 'mfu': 0.0991, 'expert_load_cv': 0.0623, 'min_expert_frac': 0.2337, 'dead_experts': 0, 'peak_vram_gb': 11.913}
{'step': 920, 'tokens': 241172480, 'lm_loss': 4.3889, 'aux_loss': 2.0032, 'z_loss': 0.0009, 'grad_norm': 0.6484, 'lr': 0.0004, 'tokens_per_sec': 324387.6494, 'mfu': 0.099, 'expert_load_cv': 0.0646, 'min_expert_frac': 0.2323, 'dead_experts': 0, 'peak_vram_gb': 11.913}
{'step': 930, 'tokens': 243793920, 'lm_loss': 4.3739, 'aux_loss': 2.0028, 'z_loss': 0.0009, 'grad_norm': 0.6562, 'lr': 0.0004, 'tokens_per_sec': 324381.0127, 'mfu': 0.099, 'expert_load_cv': 0.0653, 'min_expert_frac': 0.2321, 'dead_experts': 0, 'peak_vram_gb': 11.913}
{'step': 940, 'tokens': 246415360, 'lm_loss': 4.4245, 'aux_loss': 2.0036, 'z_loss': 0.0009, 'grad_norm': 0.75, 'lr': 0.0003, 'tokens_per_sec': 324375.5521, 'mfu': 0.099, 'expert_load_cv': 0.0604, 'min_expert_frac': 0.234, 'dead_experts': 0, 'peak_vram_gb': 11.913}
{'step': 950, 'tokens': 249036800, 'lm_loss': 4.3624, 'aux_loss': 2.0014, 'z_loss': 0.0009, 'grad_norm': 0.7539, 'lr': 0.0003, 'tokens_per_sec': 324393.7932, 'mfu': 0.099, 'expert_load_cv': 0.0628, 'min_expert_frac': 0.233, 'dead_experts': 0, 'peak_vram_gb': 11.913}
Writing model shards:   0%|          | 0/1 [00:00<?, ?it/s]Writing model shards: 100%|██████████| 1/1 [00:00<00:00, 18.38it/s]
  saved runs/seedvar_E4_s2/step953
{'step': 960, 'tokens': 251658240, 'lm_loss': 4.3789, 'aux_loss': 2.002, 'z_loss': 0.0009, 'grad_norm': 0.8516, 'lr': 0.0003, 'tokens_per_sec': 324354.5549, 'mfu': 0.099, 'expert_load_cv': 0.062, 'min_expert_frac': 0.2329, 'dead_experts': 0, 'peak_vram_gb': 11.913}
{'step': 970, 'tokens': 254279680, 'lm_loss': 4.3968, 'aux_loss': 2.0034, 'z_loss': 0.0009, 'grad_norm': 0.8086, 'lr': 0.0003, 'tokens_per_sec': 324358.6995, 'mfu': 0.099, 'expert_load_cv': 0.0616, 'min_expert_frac': 0.2324, 'dead_experts': 0, 'peak_vram_gb': 11.913}
{'step': 980, 'tokens': 256901120, 'lm_loss': 4.3273, 'aux_loss': 2.0028, 'z_loss': 0.0009, 'grad_norm': 0.6719, 'lr': 0.0003, 'tokens_per_sec': 324358.1766, 'mfu': 0.099, 'expert_load_cv': 0.065, 'min_expert_frac': 0.232, 'dead_experts': 0, 'peak_vram_gb': 11.913}
{'step': 990, 'tokens': 259522560, 'lm_loss': 4.4341, 'aux_loss': 2.0034, 'z_loss': 0.0009, 'grad_norm': 1.0, 'lr': 0.0003, 'tokens_per_sec': 324364.5451, 'mfu': 0.099, 'expert_load_cv': 0.0631, 'min_expert_frac': 0.2333, 'dead_experts': 0, 'peak_vram_gb': 11.913}
{'step': 1000, 'tokens': 262144000, 'lm_loss': 4.3607, 'aux_loss': 2.0037, 'z_loss': 0.0009, 'grad_norm': 0.7852, 'lr': 0.0003, 'tokens_per_sec': 324359.6212, 'mfu': 0.099, 'expert_load_cv': 0.0646, 'min_expert_frac': 0.2324, 'dead_experts': 0, 'peak_vram_gb': 11.913}
{'step': 1010, 'tokens': 264765440, 'lm_loss': 4.3245, 'aux_loss': 2.003, 'z_loss': 0.0009, 'grad_norm': 0.8828, 'lr': 0.0003, 'tokens_per_sec': 324356.508, 'mfu': 0.099, 'expert_load_cv': 0.0626, 'min_expert_frac': 0.2328, 'dead_experts': 0, 'peak_vram_gb': 11.913}
{'step': 1020, 'tokens': 267386880, 'lm_loss': 4.3725, 'aux_loss': 2.0014, 'z_loss': 0.0009, 'grad_norm': 0.8555, 'lr': 0.0003, 'tokens_per_sec': 324363.6751, 'mfu': 0.099, 'expert_load_cv': 0.0644, 'min_expert_frac': 0.2331, 'dead_experts': 0, 'peak_vram_gb': 11.913}
{'step': 1030, 'tokens': 270008320, 'lm_loss': 4.3575, 'aux_loss': 2.003, 'z_loss': 0.0009, 'grad_norm': 0.7266, 'lr': 0.0003, 'tokens_per_sec': 324367.8695, 'mfu': 0.099, 'expert_load_cv': 0.0636, 'min_expert_frac': 0.2329, 'dead_experts': 0, 'peak_vram_gb': 11.913}
{'step': 1040, 'tokens': 272629760, 'lm_loss': 4.3171, 'aux_loss': 2.0009, 'z_loss': 0.0009, 'grad_norm': 0.7734, 'lr': 0.0003, 'tokens_per_sec': 324382.6993, 'mfu': 0.099, 'expert_load_cv': 0.0646, 'min_expert_frac': 0.2323, 'dead_experts': 0, 'peak_vram_gb': 11.913}
{'step': 1050, 'tokens': 275251200, 'lm_loss': 4.356, 'aux_loss': 2.0026, 'z_loss': 0.0009, 'grad_norm': 0.9492, 'lr': 0.0003, 'tokens_per_sec': 324402.18, 'mfu': 0.0991, 'expert_load_cv': 0.0666, 'min_expert_frac': 0.2315, 'dead_experts': 0, 'peak_vram_gb': 11.913}
{'step': 1060, 'tokens': 277872640, 'lm_loss': 4.2681, 'aux_loss': 2.0011, 'z_loss': 0.0009, 'grad_norm': 0.6914, 'lr': 0.0003, 'tokens_per_sec': 324404.0665, 'mfu': 0.0991, 'expert_load_cv': 0.064, 'min_expert_frac': 0.2335, 'dead_experts': 0, 'peak_vram_gb': 11.913}
{'step': 1070, 'tokens': 280494080, 'lm_loss': 4.3031, 'aux_loss': 2.0024, 'z_loss': 0.0009, 'grad_norm': 0.7266, 'lr': 0.0003, 'tokens_per_sec': 324395.897, 'mfu': 0.0991, 'expert_load_cv': 0.0618, 'min_expert_frac': 0.2334, 'dead_experts': 0, 'peak_vram_gb': 11.913}
{'step': 1080, 'tokens': 283115520, 'lm_loss': 4.305, 'aux_loss': 2.0029, 'z_loss': 0.0009, 'grad_norm': 0.7227, 'lr': 0.0003, 'tokens_per_sec': 324401.6758, 'mfu': 0.0991, 'expert_load_cv': 0.0645, 'min_expert_frac': 0.2316, 'dead_experts': 0, 'peak_vram_gb': 11.913}
{'step': 1090, 'tokens': 285736960, 'lm_loss': 4.2733, 'aux_loss': 2.0024, 'z_loss': 0.0009, 'grad_norm': 0.9648, 'lr': 0.0003, 'tokens_per_sec': 324412.4744, 'mfu': 0.0991, 'expert_load_cv': 0.0597, 'min_expert_frac': 0.2335, 'dead_experts': 0, 'peak_vram_gb': 11.913}
{'step': 1100, 'tokens': 288358400, 'lm_loss': 4.3152, 'aux_loss': 2.0029, 'z_loss': 0.0009, 'grad_norm': 0.6914, 'lr': 0.0003, 'tokens_per_sec': 324410.83, 'mfu': 0.0991, 'expert_load_cv': 0.0629, 'min_expert_frac': 0.2325, 'dead_experts': 0, 'peak_vram_gb': 11.913}
{'step': 1110, 'tokens': 290979840, 'lm_loss': 4.2783, 'aux_loss': 2.0015, 'z_loss': 0.0008, 'grad_norm': 0.6172, 'lr': 0.0003, 'tokens_per_sec': 324408.9851, 'mfu': 0.0991, 'expert_load_cv': 0.0649, 'min_expert_frac': 0.2322, 'dead_experts': 0, 'peak_vram_gb': 11.913}
{'step': 1120, 'tokens': 293601280, 'lm_loss': 4.2856, 'aux_loss': 2.0038, 'z_loss': 0.0008, 'grad_norm': 0.8203, 'lr': 0.0003, 'tokens_per_sec': 324420.2477, 'mfu': 0.0991, 'expert_load_cv': 0.0636, 'min_expert_frac': 0.2326, 'dead_experts': 0, 'peak_vram_gb': 11.913}
{'step': 1130, 'tokens': 296222720, 'lm_loss': 4.2674, 'aux_loss': 2.0031, 'z_loss': 0.0008, 'grad_norm': 0.8164, 'lr': 0.0003, 'tokens_per_sec': 324430.6571, 'mfu': 0.0991, 'expert_load_cv': 0.0645, 'min_expert_frac': 0.2315, 'dead_experts': 0, 'peak_vram_gb': 11.913}
{'step': 1140, 'tokens': 298844160, 'lm_loss': 4.2769, 'aux_loss': 2.0035, 'z_loss': 0.0008, 'grad_norm': 0.7422, 'lr': 0.0003, 'tokens_per_sec': 324425.3666, 'mfu': 0.0991, 'expert_load_cv': 0.0657, 'min_expert_frac': 0.2314, 'dead_experts': 0, 'peak_vram_gb': 11.913}
{'step': 1150, 'tokens': 301465600, 'lm_loss': 4.2532, 'aux_loss': 2.0032, 'z_loss': 0.0008, 'grad_norm': 0.6875, 'lr': 0.0003, 'tokens_per_sec': 324428.7152, 'mfu': 0.0991, 'expert_load_cv': 0.0666, 'min_expert_frac': 0.2309, 'dead_experts': 0, 'peak_vram_gb': 11.913}
{'step': 1160, 'tokens': 304087040, 'lm_loss': 4.2694, 'aux_loss': 2.001, 'z_loss': 0.0008, 'grad_norm': 1.1094, 'lr': 0.0003, 'tokens_per_sec': 324424.6117, 'mfu': 0.0991, 'expert_load_cv': 0.0677, 'min_expert_frac': 0.2312, 'dead_experts': 0, 'peak_vram_gb': 11.913}
{'step': 1170, 'tokens': 306708480, 'lm_loss': 4.2659, 'aux_loss': 2.0027, 'z_loss': 0.0008, 'grad_norm': 0.8359, 'lr': 0.0003, 'tokens_per_sec': 324425.9878, 'mfu': 0.0991, 'expert_load_cv': 0.0642, 'min_expert_frac': 0.232, 'dead_experts': 0, 'peak_vram_gb': 11.913}
{'step': 1180, 'tokens': 309329920, 'lm_loss': 4.1787, 'aux_loss': 2.0022, 'z_loss': 0.0008, 'grad_norm': 0.8086, 'lr': 0.0003, 'tokens_per_sec': 324429.8591, 'mfu': 0.0991, 'expert_load_cv': 0.0681, 'min_expert_frac': 0.2308, 'dead_experts': 0, 'peak_vram_gb': 11.913}
{'step': 1190, 'tokens': 311951360, 'lm_loss': 4.2106, 'aux_loss': 2.0031, 'z_loss': 0.0008, 'grad_norm': 0.7539, 'lr': 0.0003, 'tokens_per_sec': 324419.9569, 'mfu': 0.0991, 'expert_load_cv': 0.0684, 'min_expert_frac': 0.2307, 'dead_experts': 0, 'peak_vram_gb': 11.913}
{'step': 1200, 'tokens': 314572800, 'lm_loss': 4.1978, 'aux_loss': 2.0025, 'z_loss': 0.0008, 'grad_norm': 0.8086, 'lr': 0.0003, 'tokens_per_sec': 324419.1459, 'mfu': 0.0991, 'expert_load_cv': 0.0643, 'min_expert_frac': 0.2326, 'dead_experts': 0, 'peak_vram_gb': 11.913}
{'step': 1210, 'tokens': 317194240, 'lm_loss': 4.2836, 'aux_loss': 2.0029, 'z_loss': 0.0008, 'grad_norm': 0.7344, 'lr': 0.0003, 'tokens_per_sec': 324417.5933, 'mfu': 0.0991, 'expert_load_cv': 0.0655, 'min_expert_frac': 0.2311, 'dead_experts': 0, 'peak_vram_gb': 11.913}
{'step': 1220, 'tokens': 319815680, 'lm_loss': 4.2059, 'aux_loss': 2.0042, 'z_loss': 0.0008, 'grad_norm': 0.6914, 'lr': 0.0003, 'tokens_per_sec': 324410.4242, 'mfu': 0.0991, 'expert_load_cv': 0.0662, 'min_expert_frac': 0.2309, 'dead_experts': 0, 'peak_vram_gb': 11.913}
{'step': 1230, 'tokens': 322437120, 'lm_loss': 4.1547, 'aux_loss': 2.0025, 'z_loss': 0.0008, 'grad_norm': 0.8438, 'lr': 0.0003, 'tokens_per_sec': 324409.1071, 'mfu': 0.0991, 'expert_load_cv': 0.0636, 'min_expert_frac': 0.2316, 'dead_experts': 0, 'peak_vram_gb': 11.913}
{'step': 1240, 'tokens': 325058560, 'lm_loss': 4.2415, 'aux_loss': 2.0022, 'z_loss': 0.0008, 'grad_norm': 0.7422, 'lr': 0.0003, 'tokens_per_sec': 324407.0121, 'mfu': 0.0991, 'expert_load_cv': 0.0655, 'min_expert_frac': 0.2312, 'dead_experts': 0, 'peak_vram_gb': 11.913}
{'step': 1250, 'tokens': 327680000, 'lm_loss': 4.2094, 'aux_loss': 2.0025, 'z_loss': 0.0008, 'grad_norm': 0.7383, 'lr': 0.0003, 'tokens_per_sec': 324406.1954, 'mfu': 0.0991, 'expert_load_cv': 0.0672, 'min_expert_frac': 0.2315, 'dead_experts': 0, 'peak_vram_gb': 11.913}
{'step': 1260, 'tokens': 330301440, 'lm_loss': 4.1848, 'aux_loss': 2.0026, 'z_loss': 0.0008, 'grad_norm': 0.707, 'lr': 0.0003, 'tokens_per_sec': 324412.6346, 'mfu': 0.0991, 'expert_load_cv': 0.0667, 'min_expert_frac': 0.2309, 'dead_experts': 0, 'peak_vram_gb': 11.913}
{'step': 1270, 'tokens': 332922880, 'lm_loss': 4.1641, 'aux_loss': 2.0036, 'z_loss': 0.0008, 'grad_norm': 0.8242, 'lr': 0.0003, 'tokens_per_sec': 324425.0171, 'mfu': 0.0991, 'expert_load_cv': 0.0657, 'min_expert_frac': 0.2311, 'dead_experts': 0, 'peak_vram_gb': 11.913}
{'step': 1280, 'tokens': 335544320, 'lm_loss': 4.1761, 'aux_loss': 2.0038, 'z_loss': 0.0008, 'grad_norm': 0.7422, 'lr': 0.0003, 'tokens_per_sec': 324423.4485, 'mfu': 0.0991, 'expert_load_cv': 0.0658, 'min_expert_frac': 0.2309, 'dead_experts': 0, 'peak_vram_gb': 11.913}
{'step': 1290, 'tokens': 338165760, 'lm_loss': 4.2097, 'aux_loss': 2.0027, 'z_loss': 0.0007, 'grad_norm': 0.7227, 'lr': 0.0003, 'tokens_per_sec': 324424.227, 'mfu': 0.0991, 'expert_load_cv': 0.0669, 'min_expert_frac': 0.2306, 'dead_experts': 0, 'peak_vram_gb': 11.913}
{'step': 1300, 'tokens': 340787200, 'lm_loss': 4.1577, 'aux_loss': 2.0044, 'z_loss': 0.0008, 'grad_norm': 0.6211, 'lr': 0.0003, 'tokens_per_sec': 324429.4404, 'mfu': 0.0991, 'expert_load_cv': 0.0634, 'min_expert_frac': 0.2318, 'dead_experts': 0, 'peak_vram_gb': 11.913}
{'step': 1310, 'tokens': 343408640, 'lm_loss': 4.1982, 'aux_loss': 2.0022, 'z_loss': 0.0008, 'grad_norm': 0.7188, 'lr': 0.0003, 'tokens_per_sec': 324439.5783, 'mfu': 0.0991, 'expert_load_cv': 0.0648, 'min_expert_frac': 0.232, 'dead_experts': 0, 'peak_vram_gb': 11.913}
{'step': 1320, 'tokens': 346030080, 'lm_loss': 4.165, 'aux_loss': 2.0029, 'z_loss': 0.0008, 'grad_norm': 0.6992, 'lr': 0.0003, 'tokens_per_sec': 324432.9656, 'mfu': 0.0991, 'expert_load_cv': 0.0637, 'min_expert_frac': 0.2317, 'dead_experts': 0, 'peak_vram_gb': 11.913}
{'step': 1330, 'tokens': 348651520, 'lm_loss': 4.149, 'aux_loss': 2.0026, 'z_loss': 0.0008, 'grad_norm': 0.668, 'lr': 0.0003, 'tokens_per_sec': 324426.9058, 'mfu': 0.0991, 'expert_load_cv': 0.0668, 'min_expert_frac': 0.2301, 'dead_experts': 0, 'peak_vram_gb': 11.913}
{'step': 1340, 'tokens': 351272960, 'lm_loss': 4.1952, 'aux_loss': 2.0044, 'z_loss': 0.0007, 'grad_norm': 0.7305, 'lr': 0.0003, 'tokens_per_sec': 324435.0349, 'mfu': 0.0991, 'expert_load_cv': 0.0659, 'min_expert_frac': 0.2311, 'dead_experts': 0, 'peak_vram_gb': 11.913}
{'step': 1350, 'tokens': 353894400, 'lm_loss': 4.1484, 'aux_loss': 2.005, 'z_loss': 0.0007, 'grad_norm': 0.8008, 'lr': 0.0003, 'tokens_per_sec': 324437.5643, 'mfu': 0.0991, 'expert_load_cv': 0.0662, 'min_expert_frac': 0.2307, 'dead_experts': 0, 'peak_vram_gb': 11.913}
{'step': 1360, 'tokens': 356515840, 'lm_loss': 4.1481, 'aux_loss': 2.004, 'z_loss': 0.0007, 'grad_norm': 0.7422, 'lr': 0.0003, 'tokens_per_sec': 324434.6599, 'mfu': 0.0991, 'expert_load_cv': 0.0671, 'min_expert_frac': 0.2306, 'dead_experts': 0, 'peak_vram_gb': 11.913}
{'step': 1370, 'tokens': 359137280, 'lm_loss': 4.1055, 'aux_loss': 2.0045, 'z_loss': 0.0007, 'grad_norm': 0.7227, 'lr': 0.0003, 'tokens_per_sec': 324433.7319, 'mfu': 0.0991, 'expert_load_cv': 0.0655, 'min_expert_frac': 0.2309, 'dead_experts': 0, 'peak_vram_gb': 11.913}
{'step': 1380, 'tokens': 361758720, 'lm_loss': 4.0984, 'aux_loss': 2.0037, 'z_loss': 0.0007, 'grad_norm': 0.918, 'lr': 0.0003, 'tokens_per_sec': 324443.6468, 'mfu': 0.0991, 'expert_load_cv': 0.0655, 'min_expert_frac': 0.2313, 'dead_experts': 0, 'peak_vram_gb': 11.913}
{'step': 1390, 'tokens': 364380160, 'lm_loss': 4.108, 'aux_loss': 2.0027, 'z_loss': 0.0007, 'grad_norm': 0.707, 'lr': 0.0003, 'tokens_per_sec': 324444.4549, 'mfu': 0.0991, 'expert_load_cv': 0.0657, 'min_expert_frac': 0.231, 'dead_experts': 0, 'peak_vram_gb': 11.913}
{'step': 1400, 'tokens': 367001600, 'lm_loss': 4.1112, 'aux_loss': 2.0027, 'z_loss': 0.0007, 'grad_norm': 0.6797, 'lr': 0.0003, 'tokens_per_sec': 324454.2785, 'mfu': 0.0991, 'expert_load_cv': 0.0669, 'min_expert_frac': 0.2304, 'dead_experts': 0, 'peak_vram_gb': 11.913}
{'step': 1410, 'tokens': 369623040, 'lm_loss': 4.1669, 'aux_loss': 2.0026, 'z_loss': 0.0007, 'grad_norm': 0.7188, 'lr': 0.0003, 'tokens_per_sec': 324454.4363, 'mfu': 0.0991, 'expert_load_cv': 0.0665, 'min_expert_frac': 0.2309, 'dead_experts': 0, 'peak_vram_gb': 11.913}
{'step': 1420, 'tokens': 372244480, 'lm_loss': 4.1185, 'aux_loss': 2.0026, 'z_loss': 0.0007, 'grad_norm': 0.7969, 'lr': 0.0003, 'tokens_per_sec': 324465.4722, 'mfu': 0.0991, 'expert_load_cv': 0.0662, 'min_expert_frac': 0.2311, 'dead_experts': 0, 'peak_vram_gb': 11.913}
{'step': 1430, 'tokens': 374865920, 'lm_loss': 4.1311, 'aux_loss': 2.0033, 'z_loss': 0.0007, 'grad_norm': 0.7695, 'lr': 0.0003, 'tokens_per_sec': 324476.4568, 'mfu': 0.0991, 'expert_load_cv': 0.0673, 'min_expert_frac': 0.2314, 'dead_experts': 0, 'peak_vram_gb': 11.913}
{'step': 1440, 'tokens': 377487360, 'lm_loss': 4.1187, 'aux_loss': 2.0016, 'z_loss': 0.0007, 'grad_norm': 0.8086, 'lr': 0.0003, 'tokens_per_sec': 324482.6368, 'mfu': 0.0991, 'expert_load_cv': 0.068, 'min_expert_frac': 0.2303, 'dead_experts': 0, 'peak_vram_gb': 11.913}
{'step': 1450, 'tokens': 380108800, 'lm_loss': 4.1048, 'aux_loss': 2.0037, 'z_loss': 0.0007, 'grad_norm': 0.7852, 'lr': 0.0003, 'tokens_per_sec': 324475.4008, 'mfu': 0.0991, 'expert_load_cv': 0.0687, 'min_expert_frac': 0.2301, 'dead_experts': 0, 'peak_vram_gb': 11.913}
{'step': 1460, 'tokens': 382730240, 'lm_loss': 4.1473, 'aux_loss': 2.0031, 'z_loss': 0.0007, 'grad_norm': 0.8164, 'lr': 0.0003, 'tokens_per_sec': 324482.5325, 'mfu': 0.0991, 'expert_load_cv': 0.0664, 'min_expert_frac': 0.2307, 'dead_experts': 0, 'peak_vram_gb': 11.913}
{'step': 1470, 'tokens': 385351680, 'lm_loss': 4.1097, 'aux_loss': 2.0029, 'z_loss': 0.0007, 'grad_norm': 0.7031, 'lr': 0.0003, 'tokens_per_sec': 324493.2504, 'mfu': 0.0991, 'expert_load_cv': 0.0674, 'min_expert_frac': 0.2308, 'dead_experts': 0, 'peak_vram_gb': 11.913}
{'step': 1480, 'tokens': 387973120, 'lm_loss': 4.0722, 'aux_loss': 2.004, 'z_loss': 0.0007, 'grad_norm': 0.8984, 'lr': 0.0003, 'tokens_per_sec': 324502.7065, 'mfu': 0.0991, 'expert_load_cv': 0.0671, 'min_expert_frac': 0.231, 'dead_experts': 0, 'peak_vram_gb': 11.913}
{'step': 1490, 'tokens': 390594560, 'lm_loss': 4.0658, 'aux_loss': 2.0043, 'z_loss': 0.0007, 'grad_norm': 0.7031, 'lr': 0.0003, 'tokens_per_sec': 324515.8497, 'mfu': 0.0991, 'expert_load_cv': 0.0677, 'min_expert_frac': 0.2302, 'dead_experts': 0, 'peak_vram_gb': 11.913}
{'step': 1500, 'tokens': 393216000, 'lm_loss': 4.1483, 'aux_loss': 2.0033, 'z_loss': 0.0007, 'grad_norm': 0.6445, 'lr': 0.0003, 'tokens_per_sec': 324508.7652, 'mfu': 0.0991, 'expert_load_cv': 0.0667, 'min_expert_frac': 0.2306, 'dead_experts': 0, 'peak_vram_gb': 11.913}
{'step': 1510, 'tokens': 395837440, 'lm_loss': 4.0478, 'aux_loss': 2.0033, 'z_loss': 0.0007, 'grad_norm': 0.7344, 'lr': 0.0003, 'tokens_per_sec': 324512.0393, 'mfu': 0.0991, 'expert_load_cv': 0.0667, 'min_expert_frac': 0.2307, 'dead_experts': 0, 'peak_vram_gb': 11.913}
{'step': 1520, 'tokens': 398458880, 'lm_loss': 4.1232, 'aux_loss': 2.0039, 'z_loss': 0.0007, 'grad_norm': 0.668, 'lr': 0.0003, 'tokens_per_sec': 324511.4243, 'mfu': 0.0991, 'expert_load_cv': 0.0675, 'min_expert_frac': 0.2308, 'dead_experts': 0, 'peak_vram_gb': 11.913}
{'step': 1530, 'tokens': 401080320, 'lm_loss': 4.0668, 'aux_loss': 2.0044, 'z_loss': 0.0007, 'grad_norm': 0.7148, 'lr': 0.0003, 'tokens_per_sec': 324508.3305, 'mfu': 0.0991, 'expert_load_cv': 0.0663, 'min_expert_frac': 0.2313, 'dead_experts': 0, 'peak_vram_gb': 11.913}
{'step': 1540, 'tokens': 403701760, 'lm_loss': 4.0573, 'aux_loss': 2.005, 'z_loss': 0.0007, 'grad_norm': 0.7617, 'lr': 0.0003, 'tokens_per_sec': 324506.624, 'mfu': 0.0991, 'expert_load_cv': 0.0667, 'min_expert_frac': 0.231, 'dead_experts': 0, 'peak_vram_gb': 11.913}
{'step': 1550, 'tokens': 406323200, 'lm_loss': 4.0682, 'aux_loss': 2.0024, 'z_loss': 0.0007, 'grad_norm': 0.6211, 'lr': 0.0003, 'tokens_per_sec': 324499.6388, 'mfu': 0.0991, 'expert_load_cv': 0.0672, 'min_expert_frac': 0.2303, 'dead_experts': 0, 'peak_vram_gb': 11.913}
{'step': 1560, 'tokens': 408944640, 'lm_loss': 4.1114, 'aux_loss': 2.0035, 'z_loss': 0.0007, 'grad_norm': 0.6758, 'lr': 0.0003, 'tokens_per_sec': 324494.6887, 'mfu': 0.0991, 'expert_load_cv': 0.0646, 'min_expert_frac': 0.2322, 'dead_experts': 0, 'peak_vram_gb': 11.913}
{'step': 1570, 'tokens': 411566080, 'lm_loss': 4.1147, 'aux_loss': 2.0049, 'z_loss': 0.0007, 'grad_norm': 0.6562, 'lr': 0.0003, 'tokens_per_sec': 324498.5152, 'mfu': 0.0991, 'expert_load_cv': 0.0671, 'min_expert_frac': 0.2304, 'dead_experts': 0, 'peak_vram_gb': 11.913}
{'step': 1580, 'tokens': 414187520, 'lm_loss': 4.0498, 'aux_loss': 2.0045, 'z_loss': 0.0007, 'grad_norm': 0.7852, 'lr': 0.0003, 'tokens_per_sec': 324490.6124, 'mfu': 0.0991, 'expert_load_cv': 0.0692, 'min_expert_frac': 0.2298, 'dead_experts': 0, 'peak_vram_gb': 11.913}
{'step': 1590, 'tokens': 416808960, 'lm_loss': 4.0448, 'aux_loss': 2.0032, 'z_loss': 0.0007, 'grad_norm': 0.7031, 'lr': 0.0003, 'tokens_per_sec': 324490.0605, 'mfu': 0.0991, 'expert_load_cv': 0.0672, 'min_expert_frac': 0.2302, 'dead_experts': 0, 'peak_vram_gb': 11.913}
{'step': 1600, 'tokens': 419430400, 'lm_loss': 4.0803, 'aux_loss': 2.0033, 'z_loss': 0.0007, 'grad_norm': 0.625, 'lr': 0.0003, 'tokens_per_sec': 324504.0212, 'mfu': 0.0991, 'expert_load_cv': 0.0665, 'min_expert_frac': 0.2307, 'dead_experts': 0, 'peak_vram_gb': 11.913}
{'step': 1610, 'tokens': 422051840, 'lm_loss': 4.0231, 'aux_loss': 2.0049, 'z_loss': 0.0007, 'grad_norm': 0.6719, 'lr': 0.0003, 'tokens_per_sec': 324509.4863, 'mfu': 0.0991, 'expert_load_cv': 0.067, 'min_expert_frac': 0.2312, 'dead_experts': 0, 'peak_vram_gb': 11.913}
{'step': 1620, 'tokens': 424673280, 'lm_loss': 4.0, 'aux_loss': 2.0033, 'z_loss': 0.0007, 'grad_norm': 0.6758, 'lr': 0.0003, 'tokens_per_sec': 324511.26, 'mfu': 0.0991, 'expert_load_cv': 0.0668, 'min_expert_frac': 0.2308, 'dead_experts': 0, 'peak_vram_gb': 11.913}
{'step': 1630, 'tokens': 427294720, 'lm_loss': 4.0143, 'aux_loss': 2.0038, 'z_loss': 0.0007, 'grad_norm': 0.6758, 'lr': 0.0003, 'tokens_per_sec': 324508.6905, 'mfu': 0.0991, 'expert_load_cv': 0.0674, 'min_expert_frac': 0.2306, 'dead_experts': 0, 'peak_vram_gb': 11.913}
{'step': 1640, 'tokens': 429916160, 'lm_loss': 4.0586, 'aux_loss': 2.0033, 'z_loss': 0.0007, 'grad_norm': 0.6328, 'lr': 0.0003, 'tokens_per_sec': 324509.2306, 'mfu': 0.0991, 'expert_load_cv': 0.0674, 'min_expert_frac': 0.2302, 'dead_experts': 0, 'peak_vram_gb': 11.913}
{'step': 1650, 'tokens': 432537600, 'lm_loss': 4.0853, 'aux_loss': 2.0045, 'z_loss': 0.0006, 'grad_norm': 0.7109, 'lr': 0.0002, 'tokens_per_sec': 324508.3564, 'mfu': 0.0991, 'expert_load_cv': 0.068, 'min_expert_frac': 0.2299, 'dead_experts': 0, 'peak_vram_gb': 11.913}
{'step': 1660, 'tokens': 435159040, 'lm_loss': 4.0395, 'aux_loss': 2.0033, 'z_loss': 0.0007, 'grad_norm': 0.6094, 'lr': 0.0002, 'tokens_per_sec': 324509.5452, 'mfu': 0.0991, 'expert_load_cv': 0.0648, 'min_expert_frac': 0.2311, 'dead_experts': 0, 'peak_vram_gb': 11.913}
{'step': 1670, 'tokens': 437780480, 'lm_loss': 4.0364, 'aux_loss': 2.0037, 'z_loss': 0.0007, 'grad_norm': 0.6211, 'lr': 0.0002, 'tokens_per_sec': 324511.8518, 'mfu': 0.0991, 'expert_load_cv': 0.0663, 'min_expert_frac': 0.2307, 'dead_experts': 0, 'peak_vram_gb': 11.913}
{'step': 1680, 'tokens': 440401920, 'lm_loss': 4.0026, 'aux_loss': 2.0029, 'z_loss': 0.0007, 'grad_norm': 0.9766, 'lr': 0.0002, 'tokens_per_sec': 324514.8923, 'mfu': 0.0991, 'expert_load_cv': 0.0655, 'min_expert_frac': 0.2311, 'dead_experts': 0, 'peak_vram_gb': 11.913}
{'step': 1690, 'tokens': 443023360, 'lm_loss': 4.0343, 'aux_loss': 2.0042, 'z_loss': 0.0006, 'grad_norm': 0.6211, 'lr': 0.0002, 'tokens_per_sec': 324518.8905, 'mfu': 0.0991, 'expert_load_cv': 0.0656, 'min_expert_frac': 0.2312, 'dead_experts': 0, 'peak_vram_gb': 11.913}
{'step': 1700, 'tokens': 445644800, 'lm_loss': 4.0191, 'aux_loss': 2.0043, 'z_loss': 0.0006, 'grad_norm': 0.7305, 'lr': 0.0002, 'tokens_per_sec': 324517.1, 'mfu': 0.0991, 'expert_load_cv': 0.0667, 'min_expert_frac': 0.2302, 'dead_experts': 0, 'peak_vram_gb': 11.913}
{'step': 1710, 'tokens': 448266240, 'lm_loss': 4.0708, 'aux_loss': 2.0023, 'z_loss': 0.0006, 'grad_norm': 0.6445, 'lr': 0.0002, 'tokens_per_sec': 324518.0202, 'mfu': 0.0991, 'expert_load_cv': 0.0664, 'min_expert_frac': 0.2306, 'dead_experts': 0, 'peak_vram_gb': 11.913}
{'step': 1720, 'tokens': 450887680, 'lm_loss': 4.0076, 'aux_loss': 2.0043, 'z_loss': 0.0006, 'grad_norm': 0.7109, 'lr': 0.0002, 'tokens_per_sec': 324523.6459, 'mfu': 0.0991, 'expert_load_cv': 0.0673, 'min_expert_frac': 0.2302, 'dead_experts': 0, 'peak_vram_gb': 11.913}
{'step': 1730, 'tokens': 453509120, 'lm_loss': 3.9839, 'aux_loss': 2.0038, 'z_loss': 0.0006, 'grad_norm': 0.8047, 'lr': 0.0002, 'tokens_per_sec': 324532.7692, 'mfu': 0.0991, 'expert_load_cv': 0.0669, 'min_expert_frac': 0.2308, 'dead_experts': 0, 'peak_vram_gb': 11.913}
{'step': 1740, 'tokens': 456130560, 'lm_loss': 3.9968, 'aux_loss': 2.0036, 'z_loss': 0.0006, 'grad_norm': 0.6836, 'lr': 0.0002, 'tokens_per_sec': 324533.7772, 'mfu': 0.0991, 'expert_load_cv': 0.0663, 'min_expert_frac': 0.231, 'dead_experts': 0, 'peak_vram_gb': 11.913}
{'step': 1750, 'tokens': 458752000, 'lm_loss': 3.9921, 'aux_loss': 2.004, 'z_loss': 0.0006, 'grad_norm': 0.6523, 'lr': 0.0002, 'tokens_per_sec': 324530.4556, 'mfu': 0.0991, 'expert_load_cv': 0.0677, 'min_expert_frac': 0.23, 'dead_experts': 0, 'peak_vram_gb': 11.913}
{'step': 1760, 'tokens': 461373440, 'lm_loss': 3.9874, 'aux_loss': 2.0038, 'z_loss': 0.0006, 'grad_norm': 0.6641, 'lr': 0.0002, 'tokens_per_sec': 324537.2576, 'mfu': 0.0991, 'expert_load_cv': 0.0668, 'min_expert_frac': 0.2304, 'dead_experts': 0, 'peak_vram_gb': 11.913}
{'step': 1770, 'tokens': 463994880, 'lm_loss': 4.0263, 'aux_loss': 2.0019, 'z_loss': 0.0006, 'grad_norm': 0.6523, 'lr': 0.0002, 'tokens_per_sec': 324540.1082, 'mfu': 0.0991, 'expert_load_cv': 0.0667, 'min_expert_frac': 0.2302, 'dead_experts': 0, 'peak_vram_gb': 11.913}
{'step': 1780, 'tokens': 466616320, 'lm_loss': 3.9999, 'aux_loss': 2.0043, 'z_loss': 0.0006, 'grad_norm': 0.7539, 'lr': 0.0002, 'tokens_per_sec': 324545.1924, 'mfu': 0.0991, 'expert_load_cv': 0.0678, 'min_expert_frac': 0.2303, 'dead_experts': 0, 'peak_vram_gb': 11.913}
{'step': 1790, 'tokens': 469237760, 'lm_loss': 4.0078, 'aux_loss': 2.0034, 'z_loss': 0.0006, 'grad_norm': 0.6367, 'lr': 0.0002, 'tokens_per_sec': 324539.9973, 'mfu': 0.0991, 'expert_load_cv': 0.0697, 'min_expert_frac': 0.2292, 'dead_experts': 0, 'peak_vram_gb': 11.913}
{'step': 1800, 'tokens': 471859200, 'lm_loss': 3.9576, 'aux_loss': 2.004, 'z_loss': 0.0006, 'grad_norm': 0.6875, 'lr': 0.0002, 'tokens_per_sec': 324536.1194, 'mfu': 0.0991, 'expert_load_cv': 0.067, 'min_expert_frac': 0.2303, 'dead_experts': 0, 'peak_vram_gb': 11.913}
{'step': 1810, 'tokens': 474480640, 'lm_loss': 4.0032, 'aux_loss': 2.0035, 'z_loss': 0.0006, 'grad_norm': 0.7188, 'lr': 0.0002, 'tokens_per_sec': 324531.9212, 'mfu': 0.0991, 'expert_load_cv': 0.0686, 'min_expert_frac': 0.2295, 'dead_experts': 0, 'peak_vram_gb': 11.913}
{'step': 1820, 'tokens': 477102080, 'lm_loss': 3.976, 'aux_loss': 2.0031, 'z_loss': 0.0006, 'grad_norm': 0.7031, 'lr': 0.0002, 'tokens_per_sec': 324537.4348, 'mfu': 0.0991, 'expert_load_cv': 0.0691, 'min_expert_frac': 0.2296, 'dead_experts': 0, 'peak_vram_gb': 11.913}
{'step': 1830, 'tokens': 479723520, 'lm_loss': 3.9743, 'aux_loss': 2.0049, 'z_loss': 0.0006, 'grad_norm': 0.7305, 'lr': 0.0002, 'tokens_per_sec': 324537.047, 'mfu': 0.0991, 'expert_load_cv': 0.0715, 'min_expert_frac': 0.2287, 'dead_experts': 0, 'peak_vram_gb': 11.913}
{'step': 1840, 'tokens': 482344960, 'lm_loss': 4.0316, 'aux_loss': 2.0031, 'z_loss': 0.0006, 'grad_norm': 0.6523, 'lr': 0.0002, 'tokens_per_sec': 324539.9702, 'mfu': 0.0991, 'expert_load_cv': 0.0665, 'min_expert_frac': 0.2309, 'dead_experts': 0, 'peak_vram_gb': 11.913}
{'step': 1850, 'tokens': 484966400, 'lm_loss': 4.0023, 'aux_loss': 2.0023, 'z_loss': 0.0006, 'grad_norm': 0.6328, 'lr': 0.0002, 'tokens_per_sec': 324539.3988, 'mfu': 0.0991, 'expert_load_cv': 0.0671, 'min_expert_frac': 0.2303, 'dead_experts': 0, 'peak_vram_gb': 11.913}
{'step': 1860, 'tokens': 487587840, 'lm_loss': 3.981, 'aux_loss': 2.0029, 'z_loss': 0.0006, 'grad_norm': 0.5508, 'lr': 0.0002, 'tokens_per_sec': 324540.8898, 'mfu': 0.0991, 'expert_load_cv': 0.0683, 'min_expert_frac': 0.2306, 'dead_experts': 0, 'peak_vram_gb': 11.913}
{'step': 1870, 'tokens': 490209280, 'lm_loss': 3.9859, 'aux_loss': 2.0045, 'z_loss': 0.0006, 'grad_norm': 0.7852, 'lr': 0.0002, 'tokens_per_sec': 324546.6332, 'mfu': 0.0991, 'expert_load_cv': 0.0692, 'min_expert_frac': 0.2297, 'dead_experts': 0, 'peak_vram_gb': 11.913}
{'step': 1880, 'tokens': 492830720, 'lm_loss': 3.9928, 'aux_loss': 2.0046, 'z_loss': 0.0006, 'grad_norm': 0.625, 'lr': 0.0002, 'tokens_per_sec': 324548.7979, 'mfu': 0.0991, 'expert_load_cv': 0.0658, 'min_expert_frac': 0.2305, 'dead_experts': 0, 'peak_vram_gb': 11.913}
{'step': 1890, 'tokens': 495452160, 'lm_loss': 4.0015, 'aux_loss': 2.0017, 'z_loss': 0.0006, 'grad_norm': 0.6484, 'lr': 0.0002, 'tokens_per_sec': 324537.6619, 'mfu': 0.0991, 'expert_load_cv': 0.0675, 'min_expert_frac': 0.2303, 'dead_experts': 0, 'peak_vram_gb': 11.913}
{'step': 1900, 'tokens': 498073600, 'lm_loss': 3.9694, 'aux_loss': 2.0039, 'z_loss': 0.0006, 'grad_norm': 0.6875, 'lr': 0.0002, 'tokens_per_sec': 324535.0469, 'mfu': 0.0991, 'expert_load_cv': 0.068, 'min_expert_frac': 0.2303, 'dead_experts': 0, 'peak_vram_gb': 11.913}
Writing model shards:   0%|          | 0/1 [00:00<?, ?it/s]Writing model shards: 100%|██████████| 1/1 [00:00<00:00, 20.82it/s]
  saved runs/seedvar_E4_s2/step1907
{'step': 1910, 'tokens': 500695040, 'lm_loss': 3.9916, 'aux_loss': 2.0037, 'z_loss': 0.0006, 'grad_norm': 0.6289, 'lr': 0.0002, 'tokens_per_sec': 324518.031, 'mfu': 0.0991, 'expert_load_cv': 0.0666, 'min_expert_frac': 0.2307, 'dead_experts': 0, 'peak_vram_gb': 11.913}
{'step': 1920, 'tokens': 503316480, 'lm_loss': 3.9885, 'aux_loss': 2.0047, 'z_loss': 0.0006, 'grad_norm': 0.7266, 'lr': 0.0002, 'tokens_per_sec': 324514.8934, 'mfu': 0.0991, 'expert_load_cv': 0.0684, 'min_expert_frac': 0.2299, 'dead_experts': 0, 'peak_vram_gb': 11.913}
{'step': 1930, 'tokens': 505937920, 'lm_loss': 4.0264, 'aux_loss': 2.0047, 'z_loss': 0.0006, 'grad_norm': 0.6719, 'lr': 0.0002, 'tokens_per_sec': 324521.6769, 'mfu': 0.0991, 'expert_load_cv': 0.0681, 'min_expert_frac': 0.2296, 'dead_experts': 0, 'peak_vram_gb': 11.913}
{'step': 1940, 'tokens': 508559360, 'lm_loss': 4.0115, 'aux_loss': 2.0031, 'z_loss': 0.0006, 'grad_norm': 0.6992, 'lr': 0.0002, 'tokens_per_sec': 324525.5178, 'mfu': 0.0991, 'expert_load_cv': 0.0693, 'min_expert_frac': 0.2294, 'dead_experts': 0, 'peak_vram_gb': 11.913}
{'step': 1950, 'tokens': 511180800, 'lm_loss': 3.9427, 'aux_loss': 2.0027, 'z_loss': 0.0006, 'grad_norm': 0.6445, 'lr': 0.0002, 'tokens_per_sec': 324530.3417, 'mfu': 0.0991, 'expert_load_cv': 0.0687, 'min_expert_frac': 0.2291, 'dead_experts': 0, 'peak_vram_gb': 11.913}
{'step': 1960, 'tokens': 513802240, 'lm_loss': 3.9918, 'aux_loss': 2.0022, 'z_loss': 0.0006, 'grad_norm': 0.6875, 'lr': 0.0002, 'tokens_per_sec': 324532.6612, 'mfu': 0.0991, 'expert_load_cv': 0.0695, 'min_expert_frac': 0.2293, 'dead_experts': 0, 'peak_vram_gb': 11.913}
{'step': 1970, 'tokens': 516423680, 'lm_loss': 4.0202, 'aux_loss': 2.0045, 'z_loss': 0.0006, 'grad_norm': 0.6836, 'lr': 0.0002, 'tokens_per_sec': 324533.0136, 'mfu': 0.0991, 'expert_load_cv': 0.0691, 'min_expert_frac': 0.2291, 'dead_experts': 0, 'peak_vram_gb': 11.913}
{'step': 1980, 'tokens': 519045120, 'lm_loss': 3.9208, 'aux_loss': 2.0046, 'z_loss': 0.0006, 'grad_norm': 0.7695, 'lr': 0.0002, 'tokens_per_sec': 324538.0742, 'mfu': 0.0991, 'expert_load_cv': 0.0667, 'min_expert_frac': 0.2304, 'dead_experts': 0, 'peak_vram_gb': 11.913}
{'step': 1990, 'tokens': 521666560, 'lm_loss': 3.9168, 'aux_loss': 2.0036, 'z_loss': 0.0006, 'grad_norm': 0.6289, 'lr': 0.0002, 'tokens_per_sec': 324538.801, 'mfu': 0.0991, 'expert_load_cv': 0.067, 'min_expert_frac': 0.23, 'dead_experts': 0, 'peak_vram_gb': 11.913}
{'step': 2000, 'tokens': 524288000, 'lm_loss': 4.003, 'aux_loss': 2.0027, 'z_loss': 0.0006, 'grad_norm': 0.582, 'lr': 0.0002, 'tokens_per_sec': 324539.6062, 'mfu': 0.0991, 'expert_load_cv': 0.065, 'min_expert_frac': 0.2315, 'dead_experts': 0, 'peak_vram_gb': 11.913}
{'step': 2010, 'tokens': 526909440, 'lm_loss': 3.9354, 'aux_loss': 2.0056, 'z_loss': 0.0006, 'grad_norm': 0.6602, 'lr': 0.0002, 'tokens_per_sec': 324531.6756, 'mfu': 0.0991, 'expert_load_cv': 0.0685, 'min_expert_frac': 0.2294, 'dead_experts': 0, 'peak_vram_gb': 11.913}
{'step': 2020, 'tokens': 529530880, 'lm_loss': 3.8973, 'aux_loss': 2.0046, 'z_loss': 0.0006, 'grad_norm': 0.6992, 'lr': 0.0002, 'tokens_per_sec': 324521.4253, 'mfu': 0.0991, 'expert_load_cv': 0.0683, 'min_expert_frac': 0.23, 'dead_experts': 0, 'peak_vram_gb': 11.913}
{'step': 2030, 'tokens': 532152320, 'lm_loss': 3.9416, 'aux_loss': 2.0032, 'z_loss': 0.0006, 'grad_norm': 0.6641, 'lr': 0.0002, 'tokens_per_sec': 324526.0521, 'mfu': 0.0991, 'expert_load_cv': 0.0682, 'min_expert_frac': 0.2301, 'dead_experts': 0, 'peak_vram_gb': 11.913}
{'step': 2040, 'tokens': 534773760, 'lm_loss': 3.9778, 'aux_loss': 2.0035, 'z_loss': 0.0006, 'grad_norm': 0.6406, 'lr': 0.0002, 'tokens_per_sec': 324529.7457, 'mfu': 0.0991, 'expert_load_cv': 0.069, 'min_expert_frac': 0.2299, 'dead_experts': 0, 'peak_vram_gb': 11.913}
{'step': 2050, 'tokens': 537395200, 'lm_loss': 3.9564, 'aux_loss': 2.0035, 'z_loss': 0.0006, 'grad_norm': 0.6602, 'lr': 0.0002, 'tokens_per_sec': 324536.2467, 'mfu': 0.0991, 'expert_load_cv': 0.0657, 'min_expert_frac': 0.2304, 'dead_experts': 0, 'peak_vram_gb': 11.913}
{'step': 2060, 'tokens': 540016640, 'lm_loss': 3.9652, 'aux_loss': 2.0021, 'z_loss': 0.0006, 'grad_norm': 0.5703, 'lr': 0.0002, 'tokens_per_sec': 324538.0511, 'mfu': 0.0991, 'expert_load_cv': 0.066, 'min_expert_frac': 0.2305, 'dead_experts': 0, 'peak_vram_gb': 11.913}
{'step': 2070, 'tokens': 542638080, 'lm_loss': 3.8782, 'aux_loss': 2.0043, 'z_loss': 0.0006, 'grad_norm': 0.5547, 'lr': 0.0002, 'tokens_per_sec': 324541.2546, 'mfu': 0.0991, 'expert_load_cv': 0.0662, 'min_expert_frac': 0.2305, 'dead_experts': 0, 'peak_vram_gb': 11.913}
{'step': 2080, 'tokens': 545259520, 'lm_loss': 3.9448, 'aux_loss': 2.0037, 'z_loss': 0.0006, 'grad_norm': 0.5859, 'lr': 0.0002, 'tokens_per_sec': 324543.1548, 'mfu': 0.0991, 'expert_load_cv': 0.0661, 'min_expert_frac': 0.2303, 'dead_experts': 0, 'peak_vram_gb': 11.913}
{'step': 2090, 'tokens': 547880960, 'lm_loss': 3.9461, 'aux_loss': 2.0024, 'z_loss': 0.0006, 'grad_norm': 0.6172, 'lr': 0.0002, 'tokens_per_sec': 324538.7664, 'mfu': 0.0991, 'expert_load_cv': 0.0657, 'min_expert_frac': 0.2308, 'dead_experts': 0, 'peak_vram_gb': 11.913}
{'step': 2100, 'tokens': 550502400, 'lm_loss': 3.9341, 'aux_loss': 2.0049, 'z_loss': 0.0006, 'grad_norm': 0.6523, 'lr': 0.0002, 'tokens_per_sec': 324539.0638, 'mfu': 0.0991, 'expert_load_cv': 0.0678, 'min_expert_frac': 0.2298, 'dead_experts': 0, 'peak_vram_gb': 11.913}
{'step': 2110, 'tokens': 553123840, 'lm_loss': 4.0022, 'aux_loss': 2.004, 'z_loss': 0.0006, 'grad_norm': 0.6836, 'lr': 0.0002, 'tokens_per_sec': 324535.1526, 'mfu': 0.0991, 'expert_load_cv': 0.0662, 'min_expert_frac': 0.2308, 'dead_experts': 0, 'peak_vram_gb': 11.913}
{'step': 2120, 'tokens': 555745280, 'lm_loss': 3.9532, 'aux_loss': 2.0051, 'z_loss': 0.0006, 'grad_norm': 0.6289, 'lr': 0.0002, 'tokens_per_sec': 324536.1144, 'mfu': 0.0991, 'expert_load_cv': 0.0657, 'min_expert_frac': 0.2305, 'dead_experts': 0, 'peak_vram_gb': 11.913}
{'step': 2130, 'tokens': 558366720, 'lm_loss': 3.9119, 'aux_loss': 2.0049, 'z_loss': 0.0005, 'grad_norm': 0.9805, 'lr': 0.0002, 'tokens_per_sec': 324537.7428, 'mfu': 0.0991, 'expert_load_cv': 0.0692, 'min_expert_frac': 0.229, 'dead_experts': 0, 'peak_vram_gb': 11.913}
{'step': 2140, 'tokens': 560988160, 'lm_loss': 3.9637, 'aux_loss': 2.0058, 'z_loss': 0.0006, 'grad_norm': 0.6367, 'lr': 0.0002, 'tokens_per_sec': 324535.4916, 'mfu': 0.0991, 'expert_load_cv': 0.067, 'min_expert_frac': 0.2306, 'dead_experts': 0, 'peak_vram_gb': 11.913}
{'step': 2150, 'tokens': 563609600, 'lm_loss': 3.9391, 'aux_loss': 2.0045, 'z_loss': 0.0006, 'grad_norm': 0.5703, 'lr': 0.0002, 'tokens_per_sec': 324531.4656, 'mfu': 0.0991, 'expert_load_cv': 0.0691, 'min_expert_frac': 0.2297, 'dead_experts': 0, 'peak_vram_gb': 11.913}
{'step': 2160, 'tokens': 566231040, 'lm_loss': 3.979, 'aux_loss': 2.003, 'z_loss': 0.0006, 'grad_norm': 0.543, 'lr': 0.0002, 'tokens_per_sec': 324525.1415, 'mfu': 0.0991, 'expert_load_cv': 0.0658, 'min_expert_frac': 0.2303, 'dead_experts': 0, 'peak_vram_gb': 11.913}
{'step': 2170, 'tokens': 568852480, 'lm_loss': 3.9923, 'aux_loss': 2.0046, 'z_loss': 0.0006, 'grad_norm': 0.7578, 'lr': 0.0002, 'tokens_per_sec': 324520.8446, 'mfu': 0.0991, 'expert_load_cv': 0.0656, 'min_expert_frac': 0.2311, 'dead_experts': 0, 'peak_vram_gb': 11.913}
{'step': 2180, 'tokens': 571473920, 'lm_loss': 3.8839, 'aux_loss': 2.0037, 'z_loss': 0.0006, 'grad_norm': 0.5703, 'lr': 0.0002, 'tokens_per_sec': 324524.2646, 'mfu': 0.0991, 'expert_load_cv': 0.0667, 'min_expert_frac': 0.23, 'dead_experts': 0, 'peak_vram_gb': 11.913}
{'step': 2190, 'tokens': 574095360, 'lm_loss': 3.9235, 'aux_loss': 2.0028, 'z_loss': 0.0005, 'grad_norm': 0.6016, 'lr': 0.0002, 'tokens_per_sec': 324528.2711, 'mfu': 0.0991, 'expert_load_cv': 0.0667, 'min_expert_frac': 0.2301, 'dead_experts': 0, 'peak_vram_gb': 11.913}
{'step': 2200, 'tokens': 576716800, 'lm_loss': 3.9923, 'aux_loss': 2.0044, 'z_loss': 0.0005, 'grad_norm': 0.6172, 'lr': 0.0002, 'tokens_per_sec': 324534.3638, 'mfu': 0.0991, 'expert_load_cv': 0.0685, 'min_expert_frac': 0.2294, 'dead_experts': 0, 'peak_vram_gb': 11.913}
{'step': 2210, 'tokens': 579338240, 'lm_loss': 3.9399, 'aux_loss': 2.0022, 'z_loss': 0.0006, 'grad_norm': 0.5898, 'lr': 0.0002, 'tokens_per_sec': 324539.6484, 'mfu': 0.0991, 'expert_load_cv': 0.0636, 'min_expert_frac': 0.2312, 'dead_experts': 0, 'peak_vram_gb': 11.913}
{'step': 2220, 'tokens': 581959680, 'lm_loss': 3.9697, 'aux_loss': 2.0044, 'z_loss': 0.0006, 'grad_norm': 0.6602, 'lr': 0.0002, 'tokens_per_sec': 324544.8714, 'mfu': 0.0991, 'expert_load_cv': 0.0662, 'min_expert_frac': 0.2303, 'dead_experts': 0, 'peak_vram_gb': 11.913}
{'step': 2230, 'tokens': 584581120, 'lm_loss': 3.95, 'aux_loss': 2.0033, 'z_loss': 0.0005, 'grad_norm': 0.6055, 'lr': 0.0002, 'tokens_per_sec': 324539.583, 'mfu': 0.0991, 'expert_load_cv': 0.0658, 'min_expert_frac': 0.2305, 'dead_experts': 0, 'peak_vram_gb': 11.913}
{'step': 2240, 'tokens': 587202560, 'lm_loss': 3.9532, 'aux_loss': 2.0029, 'z_loss': 0.0006, 'grad_norm': 0.6055, 'lr': 0.0002, 'tokens_per_sec': 324545.3429, 'mfu': 0.0991, 'expert_load_cv': 0.0676, 'min_expert_frac': 0.23, 'dead_experts': 0, 'peak_vram_gb': 11.913}
{'step': 2250, 'tokens': 589824000, 'lm_loss': 3.9082, 'aux_loss': 2.0032, 'z_loss': 0.0006, 'grad_norm': 0.5781, 'lr': 0.0001, 'tokens_per_sec': 324552.1163, 'mfu': 0.0991, 'expert_load_cv': 0.0665, 'min_expert_frac': 0.2301, 'dead_experts': 0, 'peak_vram_gb': 11.913}
{'step': 2260, 'tokens': 592445440, 'lm_loss': 3.9637, 'aux_loss': 2.0045, 'z_loss': 0.0006, 'grad_norm': 0.6562, 'lr': 0.0001, 'tokens_per_sec': 324552.3939, 'mfu': 0.0991, 'expert_load_cv': 0.0676, 'min_expert_frac': 0.2297, 'dead_experts': 0, 'peak_vram_gb': 11.913}
{'step': 2270, 'tokens': 595066880, 'lm_loss': 3.9386, 'aux_loss': 2.0045, 'z_loss': 0.0005, 'grad_norm': 0.6406, 'lr': 0.0001, 'tokens_per_sec': 324557.1376, 'mfu': 0.0991, 'expert_load_cv': 0.0669, 'min_expert_frac': 0.2305, 'dead_experts': 0, 'peak_vram_gb': 11.913}
{'step': 2280, 'tokens': 597688320, 'lm_loss': 3.9263, 'aux_loss': 2.0039, 'z_loss': 0.0006, 'grad_norm': 0.5742, 'lr': 0.0001, 'tokens_per_sec': 324555.7317, 'mfu': 0.0991, 'expert_load_cv': 0.0677, 'min_expert_frac': 0.2293, 'dead_experts': 0, 'peak_vram_gb': 11.913}
{'step': 2290, 'tokens': 600309760, 'lm_loss': 3.9156, 'aux_loss': 2.0043, 'z_loss': 0.0005, 'grad_norm': 0.5703, 'lr': 0.0001, 'tokens_per_sec': 324556.9762, 'mfu': 0.0991, 'expert_load_cv': 0.0663, 'min_expert_frac': 0.2304, 'dead_experts': 0, 'peak_vram_gb': 11.913}
{'step': 2300, 'tokens': 602931200, 'lm_loss': 3.9492, 'aux_loss': 2.0028, 'z_loss': 0.0005, 'grad_norm': 0.6758, 'lr': 0.0001, 'tokens_per_sec': 324554.4586, 'mfu': 0.0991, 'expert_load_cv': 0.065, 'min_expert_frac': 0.2307, 'dead_experts': 0, 'peak_vram_gb': 11.913}
{'step': 2310, 'tokens': 605552640, 'lm_loss': 3.9321, 'aux_loss': 2.0041, 'z_loss': 0.0005, 'grad_norm': 0.6016, 'lr': 0.0001, 'tokens_per_sec': 324545.9186, 'mfu': 0.0991, 'expert_load_cv': 0.0684, 'min_expert_frac': 0.2293, 'dead_experts': 0, 'peak_vram_gb': 11.913}
{'step': 2320, 'tokens': 608174080, 'lm_loss': 3.902, 'aux_loss': 2.0018, 'z_loss': 0.0005, 'grad_norm': 0.5977, 'lr': 0.0001, 'tokens_per_sec': 324548.3644, 'mfu': 0.0991, 'expert_load_cv': 0.0645, 'min_expert_frac': 0.2313, 'dead_experts': 0, 'peak_vram_gb': 11.913}
{'step': 2330, 'tokens': 610795520, 'lm_loss': 3.8789, 'aux_loss': 2.0046, 'z_loss': 0.0005, 'grad_norm': 0.6602, 'lr': 0.0001, 'tokens_per_sec': 324551.2431, 'mfu': 0.0991, 'expert_load_cv': 0.0655, 'min_expert_frac': 0.2306, 'dead_experts': 0, 'peak_vram_gb': 11.913}
{'step': 2340, 'tokens': 613416960, 'lm_loss': 3.9077, 'aux_loss': 2.0051, 'z_loss': 0.0005, 'grad_norm': 0.6016, 'lr': 0.0001, 'tokens_per_sec': 324554.7306, 'mfu': 0.0991, 'expert_load_cv': 0.065, 'min_expert_frac': 0.2305, 'dead_experts': 0, 'peak_vram_gb': 11.913}
{'step': 2350, 'tokens': 616038400, 'lm_loss': 3.9125, 'aux_loss': 2.0031, 'z_loss': 0.0005, 'grad_norm': 0.6328, 'lr': 0.0001, 'tokens_per_sec': 324560.9495, 'mfu': 0.0991, 'expert_load_cv': 0.0682, 'min_expert_frac': 0.2299, 'dead_experts': 0, 'peak_vram_gb': 11.913}
{'step': 2360, 'tokens': 618659840, 'lm_loss': 3.9331, 'aux_loss': 2.0028, 'z_loss': 0.0005, 'grad_norm': 0.5898, 'lr': 0.0001, 'tokens_per_sec': 324558.9481, 'mfu': 0.0991, 'expert_load_cv': 0.0665, 'min_expert_frac': 0.2303, 'dead_experts': 0, 'peak_vram_gb': 11.913}
{'step': 2370, 'tokens': 621281280, 'lm_loss': 3.9382, 'aux_loss': 2.0035, 'z_loss': 0.0005, 'grad_norm': 0.6289, 'lr': 0.0001, 'tokens_per_sec': 324567.5211, 'mfu': 0.0991, 'expert_load_cv': 0.0668, 'min_expert_frac': 0.2304, 'dead_experts': 0, 'peak_vram_gb': 11.913}
{'step': 2380, 'tokens': 623902720, 'lm_loss': 3.9328, 'aux_loss': 2.0038, 'z_loss': 0.0005, 'grad_norm': 0.6523, 'lr': 0.0001, 'tokens_per_sec': 324570.4124, 'mfu': 0.0991, 'expert_load_cv': 0.0664, 'min_expert_frac': 0.2306, 'dead_experts': 0, 'peak_vram_gb': 11.913}
{'step': 2390, 'tokens': 626524160, 'lm_loss': 3.9478, 'aux_loss': 2.0031, 'z_loss': 0.0005, 'grad_norm': 0.582, 'lr': 0.0001, 'tokens_per_sec': 324573.5529, 'mfu': 0.0991, 'expert_load_cv': 0.0672, 'min_expert_frac': 0.23, 'dead_experts': 0, 'peak_vram_gb': 11.913}
{'step': 2400, 'tokens': 629145600, 'lm_loss': 3.9626, 'aux_loss': 2.005, 'z_loss': 0.0005, 'grad_norm': 0.6445, 'lr': 0.0001, 'tokens_per_sec': 324578.2938, 'mfu': 0.0991, 'expert_load_cv': 0.0665, 'min_expert_frac': 0.23, 'dead_experts': 0, 'peak_vram_gb': 11.913}
{'step': 2410, 'tokens': 631767040, 'lm_loss': 3.9323, 'aux_loss': 2.0033, 'z_loss': 0.0005, 'grad_norm': 0.5898, 'lr': 0.0001, 'tokens_per_sec': 324569.0451, 'mfu': 0.0991, 'expert_load_cv': 0.067, 'min_expert_frac': 0.2298, 'dead_experts': 0, 'peak_vram_gb': 11.913}
{'step': 2420, 'tokens': 634388480, 'lm_loss': 3.898, 'aux_loss': 2.0034, 'z_loss': 0.0005, 'grad_norm': 0.5586, 'lr': 0.0001, 'tokens_per_sec': 324569.5612, 'mfu': 0.0991, 'expert_load_cv': 0.0666, 'min_expert_frac': 0.2307, 'dead_experts': 0, 'peak_vram_gb': 11.913}
{'step': 2430, 'tokens': 637009920, 'lm_loss': 3.9297, 'aux_loss': 2.0046, 'z_loss': 0.0005, 'grad_norm': 0.5039, 'lr': 0.0001, 'tokens_per_sec': 324578.3838, 'mfu': 0.0991, 'expert_load_cv': 0.0656, 'min_expert_frac': 0.231, 'dead_experts': 0, 'peak_vram_gb': 11.913}
{'step': 2440, 'tokens': 639631360, 'lm_loss': 3.9861, 'aux_loss': 2.0038, 'z_loss': 0.0005, 'grad_norm': 0.5703, 'lr': 0.0001, 'tokens_per_sec': 324575.2068, 'mfu': 0.0991, 'expert_load_cv': 0.0659, 'min_expert_frac': 0.2304, 'dead_experts': 0, 'peak_vram_gb': 11.913}
{'step': 2450, 'tokens': 642252800, 'lm_loss': 3.9497, 'aux_loss': 2.0032, 'z_loss': 0.0005, 'grad_norm': 0.5977, 'lr': 0.0001, 'tokens_per_sec': 324574.2754, 'mfu': 0.0991, 'expert_load_cv': 0.0657, 'min_expert_frac': 0.2307, 'dead_experts': 0, 'peak_vram_gb': 11.913}
{'step': 2460, 'tokens': 644874240, 'lm_loss': 3.8871, 'aux_loss': 2.004, 'z_loss': 0.0005, 'grad_norm': 0.6562, 'lr': 0.0001, 'tokens_per_sec': 324566.4917, 'mfu': 0.0991, 'expert_load_cv': 0.0669, 'min_expert_frac': 0.2302, 'dead_experts': 0, 'peak_vram_gb': 11.913}
{'step': 2470, 'tokens': 647495680, 'lm_loss': 3.9018, 'aux_loss': 2.0044, 'z_loss': 0.0005, 'grad_norm': 0.5586, 'lr': 0.0001, 'tokens_per_sec': 324565.4835, 'mfu': 0.0991, 'expert_load_cv': 0.0655, 'min_expert_frac': 0.2306, 'dead_experts': 0, 'peak_vram_gb': 11.913}
{'step': 2480, 'tokens': 650117120, 'lm_loss': 3.8746, 'aux_loss': 2.0043, 'z_loss': 0.0005, 'grad_norm': 0.6016, 'lr': 0.0001, 'tokens_per_sec': 324542.3185, 'mfu': 0.0991, 'expert_load_cv': 0.0662, 'min_expert_frac': 0.2301, 'dead_experts': 0, 'peak_vram_gb': 11.913}
{'step': 2490, 'tokens': 652738560, 'lm_loss': 3.9324, 'aux_loss': 2.0039, 'z_loss': 0.0005, 'grad_norm': 0.5586, 'lr': 0.0001, 'tokens_per_sec': 324542.2622, 'mfu': 0.0991, 'expert_load_cv': 0.0666, 'min_expert_frac': 0.2296, 'dead_experts': 0, 'peak_vram_gb': 11.913}
{'step': 2500, 'tokens': 655360000, 'lm_loss': 3.8712, 'aux_loss': 2.0039, 'z_loss': 0.0005, 'grad_norm': 0.5938, 'lr': 0.0001, 'tokens_per_sec': 324542.9859, 'mfu': 0.0991, 'expert_load_cv': 0.0646, 'min_expert_frac': 0.2308, 'dead_experts': 0, 'peak_vram_gb': 11.913}
{'step': 2510, 'tokens': 657981440, 'lm_loss': 3.9068, 'aux_loss': 2.0042, 'z_loss': 0.0005, 'grad_norm': 0.5391, 'lr': 0.0001, 'tokens_per_sec': 324548.4203, 'mfu': 0.0991, 'expert_load_cv': 0.0645, 'min_expert_frac': 0.2306, 'dead_experts': 0, 'peak_vram_gb': 11.913}
{'step': 2520, 'tokens': 660602880, 'lm_loss': 3.9167, 'aux_loss': 2.0038, 'z_loss': 0.0005, 'grad_norm': 0.5586, 'lr': 0.0001, 'tokens_per_sec': 324544.6464, 'mfu': 0.0991, 'expert_load_cv': 0.0678, 'min_expert_frac': 0.2297, 'dead_experts': 0, 'peak_vram_gb': 11.913}
{'step': 2530, 'tokens': 663224320, 'lm_loss': 3.9059, 'aux_loss': 2.0049, 'z_loss': 0.0005, 'grad_norm': 0.6055, 'lr': 0.0001, 'tokens_per_sec': 324545.7519, 'mfu': 0.0991, 'expert_load_cv': 0.0655, 'min_expert_frac': 0.2307, 'dead_experts': 0, 'peak_vram_gb': 11.913}
{'step': 2540, 'tokens': 665845760, 'lm_loss': 3.926, 'aux_loss': 2.0034, 'z_loss': 0.0005, 'grad_norm': 0.498, 'lr': 0.0001, 'tokens_per_sec': 324547.8874, 'mfu': 0.0991, 'expert_load_cv': 0.0659, 'min_expert_frac': 0.2301, 'dead_experts': 0, 'peak_vram_gb': 11.913}
{'step': 2550, 'tokens': 668467200, 'lm_loss': 3.9649, 'aux_loss': 2.0025, 'z_loss': 0.0005, 'grad_norm': 0.6094, 'lr': 0.0001, 'tokens_per_sec': 324548.9404, 'mfu': 0.0991, 'expert_load_cv': 0.0678, 'min_expert_frac': 0.2293, 'dead_experts': 0, 'peak_vram_gb': 11.913}
{'step': 2560, 'tokens': 671088640, 'lm_loss': 3.9588, 'aux_loss': 2.0038, 'z_loss': 0.0005, 'grad_norm': 0.4668, 'lr': 0.0001, 'tokens_per_sec': 324546.1529, 'mfu': 0.0991, 'expert_load_cv': 0.0666, 'min_expert_frac': 0.2301, 'dead_experts': 0, 'peak_vram_gb': 11.913}
{'step': 2570, 'tokens': 673710080, 'lm_loss': 3.887, 'aux_loss': 2.0045, 'z_loss': 0.0005, 'grad_norm': 0.5156, 'lr': 0.0001, 'tokens_per_sec': 324539.9709, 'mfu': 0.0991, 'expert_load_cv': 0.0644, 'min_expert_frac': 0.2312, 'dead_experts': 0, 'peak_vram_gb': 11.913}
{'step': 2580, 'tokens': 676331520, 'lm_loss': 3.8775, 'aux_loss': 2.0046, 'z_loss': 0.0005, 'grad_norm': 0.5312, 'lr': 0.0001, 'tokens_per_sec': 324545.557, 'mfu': 0.0991, 'expert_load_cv': 0.0668, 'min_expert_frac': 0.2299, 'dead_experts': 0, 'peak_vram_gb': 11.913}
{'step': 2590, 'tokens': 678952960, 'lm_loss': 3.9126, 'aux_loss': 2.004, 'z_loss': 0.0005, 'grad_norm': 0.5195, 'lr': 0.0001, 'tokens_per_sec': 324544.9543, 'mfu': 0.0991, 'expert_load_cv': 0.0646, 'min_expert_frac': 0.2307, 'dead_experts': 0, 'peak_vram_gb': 11.913}
{'step': 2600, 'tokens': 681574400, 'lm_loss': 3.9254, 'aux_loss': 2.0039, 'z_loss': 0.0005, 'grad_norm': 0.5312, 'lr': 0.0001, 'tokens_per_sec': 324545.0371, 'mfu': 0.0991, 'expert_load_cv': 0.0657, 'min_expert_frac': 0.2301, 'dead_experts': 0, 'peak_vram_gb': 11.913}
{'step': 2610, 'tokens': 684195840, 'lm_loss': 3.9095, 'aux_loss': 2.0059, 'z_loss': 0.0005, 'grad_norm': 0.5625, 'lr': 0.0001, 'tokens_per_sec': 324551.4824, 'mfu': 0.0991, 'expert_load_cv': 0.0665, 'min_expert_frac': 0.2304, 'dead_experts': 0, 'peak_vram_gb': 11.913}
{'step': 2620, 'tokens': 686817280, 'lm_loss': 3.9543, 'aux_loss': 2.0043, 'z_loss': 0.0005, 'grad_norm': 0.4805, 'lr': 0.0001, 'tokens_per_sec': 324556.5326, 'mfu': 0.0991, 'expert_load_cv': 0.0674, 'min_expert_frac': 0.2298, 'dead_experts': 0, 'peak_vram_gb': 11.913}
{'step': 2630, 'tokens': 689438720, 'lm_loss': 3.9456, 'aux_loss': 2.0044, 'z_loss': 0.0005, 'grad_norm': 0.4941, 'lr': 0.0001, 'tokens_per_sec': 324560.83, 'mfu': 0.0991, 'expert_load_cv': 0.0662, 'min_expert_frac': 0.2305, 'dead_experts': 0, 'peak_vram_gb': 11.913}
{'step': 2640, 'tokens': 692060160, 'lm_loss': 3.8824, 'aux_loss': 2.0025, 'z_loss': 0.0005, 'grad_norm': 0.543, 'lr': 0.0001, 'tokens_per_sec': 324557.4439, 'mfu': 0.0991, 'expert_load_cv': 0.0656, 'min_expert_frac': 0.2305, 'dead_experts': 0, 'peak_vram_gb': 11.913}
{'step': 2650, 'tokens': 694681600, 'lm_loss': 3.8994, 'aux_loss': 2.004, 'z_loss': 0.0005, 'grad_norm': 0.5469, 'lr': 0.0001, 'tokens_per_sec': 324560.1583, 'mfu': 0.0991, 'expert_load_cv': 0.0655, 'min_expert_frac': 0.2309, 'dead_experts': 0, 'peak_vram_gb': 11.913}
{'step': 2660, 'tokens': 697303040, 'lm_loss': 3.8726, 'aux_loss': 2.0042, 'z_loss': 0.0005, 'grad_norm': 0.4863, 'lr': 0.0001, 'tokens_per_sec': 324551.501, 'mfu': 0.0991, 'expert_load_cv': 0.0676, 'min_expert_frac': 0.2297, 'dead_experts': 0, 'peak_vram_gb': 11.913}
{'step': 2670, 'tokens': 699924480, 'lm_loss': 3.9057, 'aux_loss': 2.0028, 'z_loss': 0.0005, 'grad_norm': 0.4766, 'lr': 0.0001, 'tokens_per_sec': 324553.7, 'mfu': 0.0991, 'expert_load_cv': 0.0653, 'min_expert_frac': 0.2307, 'dead_experts': 0, 'peak_vram_gb': 11.913}
{'step': 2680, 'tokens': 702545920, 'lm_loss': 3.8764, 'aux_loss': 2.0035, 'z_loss': 0.0005, 'grad_norm': 0.4805, 'lr': 0.0001, 'tokens_per_sec': 324550.9042, 'mfu': 0.0991, 'expert_load_cv': 0.0655, 'min_expert_frac': 0.2308, 'dead_experts': 0, 'peak_vram_gb': 11.913}
{'step': 2690, 'tokens': 705167360, 'lm_loss': 3.8797, 'aux_loss': 2.0036, 'z_loss': 0.0005, 'grad_norm': 0.5742, 'lr': 0.0001, 'tokens_per_sec': 324556.5856, 'mfu': 0.0991, 'expert_load_cv': 0.0669, 'min_expert_frac': 0.23, 'dead_experts': 0, 'peak_vram_gb': 11.913}
{'step': 2700, 'tokens': 707788800, 'lm_loss': 3.9369, 'aux_loss': 2.004, 'z_loss': 0.0005, 'grad_norm': 0.5156, 'lr': 0.0001, 'tokens_per_sec': 324559.695, 'mfu': 0.0991, 'expert_load_cv': 0.0659, 'min_expert_frac': 0.2302, 'dead_experts': 0, 'peak_vram_gb': 11.913}
{'step': 2710, 'tokens': 710410240, 'lm_loss': 3.8927, 'aux_loss': 2.0043, 'z_loss': 0.0005, 'grad_norm': 0.5312, 'lr': 0.0001, 'tokens_per_sec': 324559.0935, 'mfu': 0.0991, 'expert_load_cv': 0.0653, 'min_expert_frac': 0.2302, 'dead_experts': 0, 'peak_vram_gb': 11.913}
{'step': 2720, 'tokens': 713031680, 'lm_loss': 3.9057, 'aux_loss': 2.0041, 'z_loss': 0.0005, 'grad_norm': 0.5117, 'lr': 0.0001, 'tokens_per_sec': 324564.2528, 'mfu': 0.0991, 'expert_load_cv': 0.0664, 'min_expert_frac': 0.2303, 'dead_experts': 0, 'peak_vram_gb': 11.913}
{'step': 2730, 'tokens': 715653120, 'lm_loss': 3.9246, 'aux_loss': 2.0034, 'z_loss': 0.0005, 'grad_norm': 0.6562, 'lr': 0.0001, 'tokens_per_sec': 324563.8579, 'mfu': 0.0991, 'expert_load_cv': 0.0655, 'min_expert_frac': 0.2305, 'dead_experts': 0, 'peak_vram_gb': 11.913}
{'step': 2740, 'tokens': 718274560, 'lm_loss': 3.9221, 'aux_loss': 2.0031, 'z_loss': 0.0005, 'grad_norm': 0.4746, 'lr': 0.0001, 'tokens_per_sec': 324562.436, 'mfu': 0.0991, 'expert_load_cv': 0.0659, 'min_expert_frac': 0.2301, 'dead_experts': 0, 'peak_vram_gb': 11.913}
{'step': 2750, 'tokens': 720896000, 'lm_loss': 3.8552, 'aux_loss': 2.0028, 'z_loss': 0.0005, 'grad_norm': 0.4746, 'lr': 0.0001, 'tokens_per_sec': 324551.5981, 'mfu': 0.0991, 'expert_load_cv': 0.0673, 'min_expert_frac': 0.2298, 'dead_experts': 0, 'peak_vram_gb': 11.913}
{'step': 2760, 'tokens': 723517440, 'lm_loss': 3.9132, 'aux_loss': 2.0032, 'z_loss': 0.0005, 'grad_norm': 0.5, 'lr': 0.0001, 'tokens_per_sec': 324550.901, 'mfu': 0.0991, 'expert_load_cv': 0.066, 'min_expert_frac': 0.2305, 'dead_experts': 0, 'peak_vram_gb': 11.913}
{'step': 2770, 'tokens': 726138880, 'lm_loss': 3.9004, 'aux_loss': 2.0038, 'z_loss': 0.0005, 'grad_norm': 0.5508, 'lr': 0.0001, 'tokens_per_sec': 324552.4411, 'mfu': 0.0991, 'expert_load_cv': 0.0647, 'min_expert_frac': 0.2306, 'dead_experts': 0, 'peak_vram_gb': 11.913}
{'step': 2780, 'tokens': 728760320, 'lm_loss': 3.9207, 'aux_loss': 2.0029, 'z_loss': 0.0005, 'grad_norm': 0.5039, 'lr': 0.0001, 'tokens_per_sec': 324556.3066, 'mfu': 0.0991, 'expert_load_cv': 0.0662, 'min_expert_frac': 0.2302, 'dead_experts': 0, 'peak_vram_gb': 11.913}
{'step': 2790, 'tokens': 731381760, 'lm_loss': 3.9146, 'aux_loss': 2.0039, 'z_loss': 0.0005, 'grad_norm': 0.4863, 'lr': 0.0001, 'tokens_per_sec': 324552.2927, 'mfu': 0.0991, 'expert_load_cv': 0.0676, 'min_expert_frac': 0.2297, 'dead_experts': 0, 'peak_vram_gb': 11.913}
{'step': 2800, 'tokens': 734003200, 'lm_loss': 3.9177, 'aux_loss': 2.0037, 'z_loss': 0.0005, 'grad_norm': 0.4863, 'lr': 0.0001, 'tokens_per_sec': 324552.1585, 'mfu': 0.0991, 'expert_load_cv': 0.0659, 'min_expert_frac': 0.2301, 'dead_experts': 0, 'peak_vram_gb': 11.913}
{'step': 2810, 'tokens': 736624640, 'lm_loss': 3.9402, 'aux_loss': 2.0034, 'z_loss': 0.0005, 'grad_norm': 0.5547, 'lr': 0.0001, 'tokens_per_sec': 324547.0529, 'mfu': 0.0991, 'expert_load_cv': 0.0637, 'min_expert_frac': 0.2311, 'dead_experts': 0, 'peak_vram_gb': 11.913}
{'step': 2820, 'tokens': 739246080, 'lm_loss': 3.8669, 'aux_loss': 2.0044, 'z_loss': 0.0005, 'grad_norm': 0.5273, 'lr': 0.0001, 'tokens_per_sec': 324552.8404, 'mfu': 0.0991, 'expert_load_cv': 0.0653, 'min_expert_frac': 0.2305, 'dead_experts': 0, 'peak_vram_gb': 11.913}
{'step': 2830, 'tokens': 741867520, 'lm_loss': 3.8674, 'aux_loss': 2.0037, 'z_loss': 0.0005, 'grad_norm': 0.4805, 'lr': 0.0001, 'tokens_per_sec': 324549.0956, 'mfu': 0.0991, 'expert_load_cv': 0.0628, 'min_expert_frac': 0.2313, 'dead_experts': 0, 'peak_vram_gb': 11.913}
{'step': 2840, 'tokens': 744488960, 'lm_loss': 3.8772, 'aux_loss': 2.0036, 'z_loss': 0.0005, 'grad_norm': 0.4727, 'lr': 0.0001, 'tokens_per_sec': 324546.3706, 'mfu': 0.0991, 'expert_load_cv': 0.0643, 'min_expert_frac': 0.2307, 'dead_experts': 0, 'peak_vram_gb': 11.913}
{'step': 2850, 'tokens': 747110400, 'lm_loss': 3.9467, 'aux_loss': 2.0046, 'z_loss': 0.0005, 'grad_norm': 0.4668, 'lr': 0.0001, 'tokens_per_sec': 324545.6619, 'mfu': 0.0991, 'expert_load_cv': 0.0653, 'min_expert_frac': 0.2301, 'dead_experts': 0, 'peak_vram_gb': 11.913}
{'step': 2860, 'tokens': 749731840, 'lm_loss': 3.9315, 'aux_loss': 2.0042, 'z_loss': 0.0005, 'grad_norm': 0.5117, 'lr': 0.0001, 'tokens_per_sec': 324548.2256, 'mfu': 0.0991, 'expert_load_cv': 0.0657, 'min_expert_frac': 0.2305, 'dead_experts': 0, 'peak_vram_gb': 11.913}
Writing model shards:   0%|          | 0/1 [00:00<?, ?it/s]Writing model shards: 100%|██████████| 1/1 [00:00<00:00, 20.66it/s]
  saved runs/seedvar_E4_s2/step2860
{'step': 2870, 'tokens': 752353280, 'lm_loss': 3.9458, 'aux_loss': 2.004, 'z_loss': 0.0005, 'grad_norm': 0.543, 'lr': 0.0001, 'tokens_per_sec': 324534.7031, 'mfu': 0.0991, 'expert_load_cv': 0.0647, 'min_expert_frac': 0.231, 'dead_experts': 0, 'peak_vram_gb': 11.913}
{'step': 2880, 'tokens': 754974720, 'lm_loss': 3.9539, 'aux_loss': 2.0022, 'z_loss': 0.0005, 'grad_norm': 0.5234, 'lr': 0.0001, 'tokens_per_sec': 324537.3809, 'mfu': 0.0991, 'expert_load_cv': 0.0634, 'min_expert_frac': 0.2313, 'dead_experts': 0, 'peak_vram_gb': 11.913}
{'step': 2890, 'tokens': 757596160, 'lm_loss': 3.8482, 'aux_loss': 2.0042, 'z_loss': 0.0005, 'grad_norm': 0.4785, 'lr': 0.0001, 'tokens_per_sec': 324540.3613, 'mfu': 0.0991, 'expert_load_cv': 0.0651, 'min_expert_frac': 0.2303, 'dead_experts': 0, 'peak_vram_gb': 11.913}
{'step': 2900, 'tokens': 760217600, 'lm_loss': 3.8635, 'aux_loss': 2.0051, 'z_loss': 0.0005, 'grad_norm': 0.5195, 'lr': 0.0001, 'tokens_per_sec': 324541.0202, 'mfu': 0.0991, 'expert_load_cv': 0.0644, 'min_expert_frac': 0.231, 'dead_experts': 0, 'peak_vram_gb': 11.913}
{'step': 2910, 'tokens': 762839040, 'lm_loss': 3.8598, 'aux_loss': 2.0029, 'z_loss': 0.0005, 'grad_norm': 0.4863, 'lr': 0.0001, 'tokens_per_sec': 324544.3746, 'mfu': 0.0991, 'expert_load_cv': 0.0655, 'min_expert_frac': 0.2302, 'dead_experts': 0, 'peak_vram_gb': 11.913}
{'step': 2920, 'tokens': 765460480, 'lm_loss': 3.8662, 'aux_loss': 2.0054, 'z_loss': 0.0005, 'grad_norm': 0.4414, 'lr': 0.0001, 'tokens_per_sec': 324544.7582, 'mfu': 0.0991, 'expert_load_cv': 0.0657, 'min_expert_frac': 0.23, 'dead_experts': 0, 'peak_vram_gb': 11.913}
{'step': 2930, 'tokens': 768081920, 'lm_loss': 3.9231, 'aux_loss': 2.0041, 'z_loss': 0.0005, 'grad_norm': 0.4922, 'lr': 0.0001, 'tokens_per_sec': 324548.2908, 'mfu': 0.0991, 'expert_load_cv': 0.0666, 'min_expert_frac': 0.2299, 'dead_experts': 0, 'peak_vram_gb': 11.913}
{'step': 2940, 'tokens': 770703360, 'lm_loss': 3.9592, 'aux_loss': 2.0042, 'z_loss': 0.0005, 'grad_norm': 0.5703, 'lr': 0.0001, 'tokens_per_sec': 324553.4198, 'mfu': 0.0991, 'expert_load_cv': 0.0654, 'min_expert_frac': 0.2302, 'dead_experts': 0, 'peak_vram_gb': 11.913}
{'step': 2950, 'tokens': 773324800, 'lm_loss': 3.9274, 'aux_loss': 2.0029, 'z_loss': 0.0005, 'grad_norm': 0.4961, 'lr': 0.0001, 'tokens_per_sec': 324559.925, 'mfu': 0.0991, 'expert_load_cv': 0.0643, 'min_expert_frac': 0.2309, 'dead_experts': 0, 'peak_vram_gb': 11.913}
{'step': 2960, 'tokens': 775946240, 'lm_loss': 3.8788, 'aux_loss': 2.0039, 'z_loss': 0.0005, 'grad_norm': 0.5312, 'lr': 0.0, 'tokens_per_sec': 324567.7876, 'mfu': 0.0991, 'expert_load_cv': 0.065, 'min_expert_frac': 0.2305, 'dead_experts': 0, 'peak_vram_gb': 11.913}
{'step': 2970, 'tokens': 778567680, 'lm_loss': 3.8962, 'aux_loss': 2.0035, 'z_loss': 0.0005, 'grad_norm': 0.4883, 'lr': 0.0, 'tokens_per_sec': 324566.3702, 'mfu': 0.0991, 'expert_load_cv': 0.0659, 'min_expert_frac': 0.2299, 'dead_experts': 0, 'peak_vram_gb': 11.913}
{'step': 2980, 'tokens': 781189120, 'lm_loss': 3.9181, 'aux_loss': 2.0029, 'z_loss': 0.0005, 'grad_norm': 0.4727, 'lr': 0.0, 'tokens_per_sec': 324562.6524, 'mfu': 0.0991, 'expert_load_cv': 0.0662, 'min_expert_frac': 0.23, 'dead_experts': 0, 'peak_vram_gb': 11.913}
{'step': 2990, 'tokens': 783810560, 'lm_loss': 3.8676, 'aux_loss': 2.0033, 'z_loss': 0.0005, 'grad_norm': 0.4551, 'lr': 0.0, 'tokens_per_sec': 324561.8325, 'mfu': 0.0991, 'expert_load_cv': 0.0652, 'min_expert_frac': 0.2303, 'dead_experts': 0, 'peak_vram_gb': 11.913}
{'step': 3000, 'tokens': 786432000, 'lm_loss': 3.9025, 'aux_loss': 2.0023, 'z_loss': 0.0005, 'grad_norm': 0.4453, 'lr': 0.0, 'tokens_per_sec': 324564.448, 'mfu': 0.0991, 'expert_load_cv': 0.0654, 'min_expert_frac': 0.2306, 'dead_experts': 0, 'peak_vram_gb': 11.913}
{'step': 3010, 'tokens': 789053440, 'lm_loss': 3.8526, 'aux_loss': 2.0033, 'z_loss': 0.0005, 'grad_norm': 0.4355, 'lr': 0.0, 'tokens_per_sec': 324568.0068, 'mfu': 0.0991, 'expert_load_cv': 0.0663, 'min_expert_frac': 0.2299, 'dead_experts': 0, 'peak_vram_gb': 11.913}
{'step': 3020, 'tokens': 791674880, 'lm_loss': 3.8738, 'aux_loss': 2.0047, 'z_loss': 0.0005, 'grad_norm': 0.4785, 'lr': 0.0, 'tokens_per_sec': 324569.451, 'mfu': 0.0991, 'expert_load_cv': 0.0638, 'min_expert_frac': 0.2312, 'dead_experts': 0, 'peak_vram_gb': 11.913}
{'step': 3030, 'tokens': 794296320, 'lm_loss': 3.8763, 'aux_loss': 2.004, 'z_loss': 0.0005, 'grad_norm': 0.4023, 'lr': 0.0, 'tokens_per_sec': 324570.6418, 'mfu': 0.0991, 'expert_load_cv': 0.0654, 'min_expert_frac': 0.2302, 'dead_experts': 0, 'peak_vram_gb': 11.913}
{'step': 3040, 'tokens': 796917760, 'lm_loss': 3.9082, 'aux_loss': 2.0048, 'z_loss': 0.0005, 'grad_norm': 0.4707, 'lr': 0.0, 'tokens_per_sec': 324572.9369, 'mfu': 0.0991, 'expert_load_cv': 0.0677, 'min_expert_frac': 0.2294, 'dead_experts': 0, 'peak_vram_gb': 11.913}
{'step': 3050, 'tokens': 799539200, 'lm_loss': 3.865, 'aux_loss': 2.0041, 'z_loss': 0.0005, 'grad_norm': 0.4492, 'lr': 0.0, 'tokens_per_sec': 324580.6562, 'mfu': 0.0991, 'expert_load_cv': 0.0648, 'min_expert_frac': 0.2308, 'dead_experts': 0, 'peak_vram_gb': 11.913}
{'step': 3060, 'tokens': 802160640, 'lm_loss': 3.9131, 'aux_loss': 2.0027, 'z_loss': 0.0005, 'grad_norm': 0.4609, 'lr': 0.0, 'tokens_per_sec': 324577.9151, 'mfu': 0.0991, 'expert_load_cv': 0.0644, 'min_expert_frac': 0.2307, 'dead_experts': 0, 'peak_vram_gb': 11.913}
{'step': 3070, 'tokens': 804782080, 'lm_loss': 3.8348, 'aux_loss': 2.0042, 'z_loss': 0.0005, 'grad_norm': 0.4219, 'lr': 0.0, 'tokens_per_sec': 324578.4099, 'mfu': 0.0991, 'expert_load_cv': 0.0636, 'min_expert_frac': 0.231, 'dead_experts': 0, 'peak_vram_gb': 11.913}
{'step': 3080, 'tokens': 807403520, 'lm_loss': 3.9432, 'aux_loss': 2.0046, 'z_loss': 0.0005, 'grad_norm': 0.4277, 'lr': 0.0, 'tokens_per_sec': 324575.3735, 'mfu': 0.0991, 'expert_load_cv': 0.0637, 'min_expert_frac': 0.231, 'dead_experts': 0, 'peak_vram_gb': 11.913}
{'step': 3090, 'tokens': 810024960, 'lm_loss': 3.8769, 'aux_loss': 2.0054, 'z_loss': 0.0005, 'grad_norm': 0.4355, 'lr': 0.0, 'tokens_per_sec': 324570.7885, 'mfu': 0.0991, 'expert_load_cv': 0.0651, 'min_expert_frac': 0.2304, 'dead_experts': 0, 'peak_vram_gb': 11.913}
{'step': 3100, 'tokens': 812646400, 'lm_loss': 3.903, 'aux_loss': 2.0021, 'z_loss': 0.0005, 'grad_norm': 0.4238, 'lr': 0.0, 'tokens_per_sec': 324567.249, 'mfu': 0.0991, 'expert_load_cv': 0.0645, 'min_expert_frac': 0.2309, 'dead_experts': 0, 'peak_vram_gb': 11.913}
{'step': 3110, 'tokens': 815267840, 'lm_loss': 3.8799, 'aux_loss': 2.0023, 'z_loss': 0.0005, 'grad_norm': 0.4434, 'lr': 0.0, 'tokens_per_sec': 324570.3387, 'mfu': 0.0991, 'expert_load_cv': 0.0651, 'min_expert_frac': 0.2304, 'dead_experts': 0, 'peak_vram_gb': 11.913}
{'step': 3120, 'tokens': 817889280, 'lm_loss': 3.8593, 'aux_loss': 2.0029, 'z_loss': 0.0005, 'grad_norm': 0.4297, 'lr': 0.0, 'tokens_per_sec': 324571.9129, 'mfu': 0.0991, 'expert_load_cv': 0.0655, 'min_expert_frac': 0.2302, 'dead_experts': 0, 'peak_vram_gb': 11.913}
{'step': 3130, 'tokens': 820510720, 'lm_loss': 3.8865, 'aux_loss': 2.0043, 'z_loss': 0.0005, 'grad_norm': 0.4277, 'lr': 0.0, 'tokens_per_sec': 324574.8897, 'mfu': 0.0991, 'expert_load_cv': 0.0657, 'min_expert_frac': 0.2303, 'dead_experts': 0, 'peak_vram_gb': 11.913}
{'step': 3140, 'tokens': 823132160, 'lm_loss': 3.8756, 'aux_loss': 2.0039, 'z_loss': 0.0005, 'grad_norm': 0.4258, 'lr': 0.0, 'tokens_per_sec': 324577.9588, 'mfu': 0.0991, 'expert_load_cv': 0.0652, 'min_expert_frac': 0.2305, 'dead_experts': 0, 'peak_vram_gb': 11.913}
{'step': 3150, 'tokens': 825753600, 'lm_loss': 3.8996, 'aux_loss': 2.0024, 'z_loss': 0.0005, 'grad_norm': 0.4258, 'lr': 0.0, 'tokens_per_sec': 324577.3669, 'mfu': 0.0991, 'expert_load_cv': 0.0649, 'min_expert_frac': 0.2307, 'dead_experts': 0, 'peak_vram_gb': 11.913}
{'step': 3160, 'tokens': 828375040, 'lm_loss': 3.8602, 'aux_loss': 2.0029, 'z_loss': 0.0005, 'grad_norm': 0.4023, 'lr': 0.0, 'tokens_per_sec': 324577.0434, 'mfu': 0.0991, 'expert_load_cv': 0.0661, 'min_expert_frac': 0.23, 'dead_experts': 0, 'peak_vram_gb': 11.913}
{'step': 3170, 'tokens': 830996480, 'lm_loss': 3.8579, 'aux_loss': 2.0052, 'z_loss': 0.0005, 'grad_norm': 0.4414, 'lr': 0.0, 'tokens_per_sec': 324573.6866, 'mfu': 0.0991, 'expert_load_cv': 0.0657, 'min_expert_frac': 0.2302, 'dead_experts': 0, 'peak_vram_gb': 11.913}
{'step': 3180, 'tokens': 833617920, 'lm_loss': 3.9275, 'aux_loss': 2.0015, 'z_loss': 0.0005, 'grad_norm': 0.4199, 'lr': 0.0, 'tokens_per_sec': 324574.189, 'mfu': 0.0991, 'expert_load_cv': 0.0651, 'min_expert_frac': 0.2303, 'dead_experts': 0, 'peak_vram_gb': 11.913}
{'step': 3190, 'tokens': 836239360, 'lm_loss': 3.861, 'aux_loss': 2.0046, 'z_loss': 0.0005, 'grad_norm': 0.4199, 'lr': 0.0, 'tokens_per_sec': 324579.6275, 'mfu': 0.0991, 'expert_load_cv': 0.0662, 'min_expert_frac': 0.23, 'dead_experts': 0, 'peak_vram_gb': 11.913}
{'step': 3200, 'tokens': 838860800, 'lm_loss': 3.872, 'aux_loss': 2.0043, 'z_loss': 0.0005, 'grad_norm': 0.4004, 'lr': 0.0, 'tokens_per_sec': 324579.3603, 'mfu': 0.0991, 'expert_load_cv': 0.068, 'min_expert_frac': 0.2293, 'dead_experts': 0, 'peak_vram_gb': 11.913}
{'step': 3210, 'tokens': 841482240, 'lm_loss': 3.9596, 'aux_loss': 2.0041, 'z_loss': 0.0005, 'grad_norm': 0.459, 'lr': 0.0, 'tokens_per_sec': 324578.0337, 'mfu': 0.0991, 'expert_load_cv': 0.0645, 'min_expert_frac': 0.2306, 'dead_experts': 0, 'peak_vram_gb': 11.913}
{'step': 3220, 'tokens': 844103680, 'lm_loss': 3.8815, 'aux_loss': 2.0028, 'z_loss': 0.0005, 'grad_norm': 0.4023, 'lr': 0.0, 'tokens_per_sec': 324579.4097, 'mfu': 0.0991, 'expert_load_cv': 0.0646, 'min_expert_frac': 0.2308, 'dead_experts': 0, 'peak_vram_gb': 11.913}
{'step': 3230, 'tokens': 846725120, 'lm_loss': 3.8855, 'aux_loss': 2.004, 'z_loss': 0.0005, 'grad_norm': 0.4551, 'lr': 0.0, 'tokens_per_sec': 324577.8763, 'mfu': 0.0991, 'expert_load_cv': 0.0651, 'min_expert_frac': 0.2304, 'dead_experts': 0, 'peak_vram_gb': 11.913}
{'step': 3240, 'tokens': 849346560, 'lm_loss': 3.8626, 'aux_loss': 2.0027, 'z_loss': 0.0005, 'grad_norm': 0.4082, 'lr': 0.0, 'tokens_per_sec': 324576.9223, 'mfu': 0.0991, 'expert_load_cv': 0.0649, 'min_expert_frac': 0.2305, 'dead_experts': 0, 'peak_vram_gb': 11.913}
{'step': 3250, 'tokens': 851968000, 'lm_loss': 3.8533, 'aux_loss': 2.0042, 'z_loss': 0.0005, 'grad_norm': 0.3984, 'lr': 0.0, 'tokens_per_sec': 324582.6337, 'mfu': 0.0991, 'expert_load_cv': 0.0649, 'min_expert_frac': 0.2304, 'dead_experts': 0, 'peak_vram_gb': 11.913}
{'step': 3260, 'tokens': 854589440, 'lm_loss': 3.882, 'aux_loss': 2.0037, 'z_loss': 0.0005, 'grad_norm': 0.418, 'lr': 0.0, 'tokens_per_sec': 324584.977, 'mfu': 0.0991, 'expert_load_cv': 0.0656, 'min_expert_frac': 0.23, 'dead_experts': 0, 'peak_vram_gb': 11.913}
{'step': 3270, 'tokens': 857210880, 'lm_loss': 3.8679, 'aux_loss': 2.0038, 'z_loss': 0.0005, 'grad_norm': 0.3867, 'lr': 0.0, 'tokens_per_sec': 324583.9096, 'mfu': 0.0991, 'expert_load_cv': 0.0657, 'min_expert_frac': 0.2301, 'dead_experts': 0, 'peak_vram_gb': 11.913}
{'step': 3280, 'tokens': 859832320, 'lm_loss': 3.9026, 'aux_loss': 2.0047, 'z_loss': 0.0005, 'grad_norm': 0.4121, 'lr': 0.0, 'tokens_per_sec': 324582.6528, 'mfu': 0.0991, 'expert_load_cv': 0.0655, 'min_expert_frac': 0.2304, 'dead_experts': 0, 'peak_vram_gb': 11.913}
{'step': 3290, 'tokens': 862453760, 'lm_loss': 3.9155, 'aux_loss': 2.0024, 'z_loss': 0.0005, 'grad_norm': 0.4199, 'lr': 0.0, 'tokens_per_sec': 324586.3822, 'mfu': 0.0991, 'expert_load_cv': 0.0649, 'min_expert_frac': 0.2306, 'dead_experts': 0, 'peak_vram_gb': 11.913}
{'step': 3300, 'tokens': 865075200, 'lm_loss': 3.8956, 'aux_loss': 2.0035, 'z_loss': 0.0005, 'grad_norm': 0.4141, 'lr': 0.0, 'tokens_per_sec': 324584.3751, 'mfu': 0.0991, 'expert_load_cv': 0.0657, 'min_expert_frac': 0.2302, 'dead_experts': 0, 'peak_vram_gb': 11.913}
{'step': 3310, 'tokens': 867696640, 'lm_loss': 3.8939, 'aux_loss': 2.0028, 'z_loss': 0.0005, 'grad_norm': 0.418, 'lr': 0.0, 'tokens_per_sec': 324582.8202, 'mfu': 0.0991, 'expert_load_cv': 0.0647, 'min_expert_frac': 0.2307, 'dead_experts': 0, 'peak_vram_gb': 11.913}
{'step': 3320, 'tokens': 870318080, 'lm_loss': 3.8833, 'aux_loss': 2.0043, 'z_loss': 0.0005, 'grad_norm': 0.4375, 'lr': 0.0, 'tokens_per_sec': 324583.4904, 'mfu': 0.0991, 'expert_load_cv': 0.0642, 'min_expert_frac': 0.231, 'dead_experts': 0, 'peak_vram_gb': 11.913}
{'step': 3330, 'tokens': 872939520, 'lm_loss': 3.8697, 'aux_loss': 2.0029, 'z_loss': 0.0005, 'grad_norm': 0.418, 'lr': 0.0, 'tokens_per_sec': 324580.7223, 'mfu': 0.0991, 'expert_load_cv': 0.0646, 'min_expert_frac': 0.2305, 'dead_experts': 0, 'peak_vram_gb': 11.913}
{'step': 3340, 'tokens': 875560960, 'lm_loss': 3.7988, 'aux_loss': 2.0034, 'z_loss': 0.0005, 'grad_norm': 0.4023, 'lr': 0.0, 'tokens_per_sec': 324578.5819, 'mfu': 0.0991, 'expert_load_cv': 0.0666, 'min_expert_frac': 0.2299, 'dead_experts': 0, 'peak_vram_gb': 11.913}
{'step': 3350, 'tokens': 878182400, 'lm_loss': 3.8922, 'aux_loss': 2.0043, 'z_loss': 0.0005, 'grad_norm': 0.4258, 'lr': 0.0, 'tokens_per_sec': 324576.6811, 'mfu': 0.0991, 'expert_load_cv': 0.065, 'min_expert_frac': 0.2308, 'dead_experts': 0, 'peak_vram_gb': 11.913}
{'step': 3360, 'tokens': 880803840, 'lm_loss': 3.8794, 'aux_loss': 2.0026, 'z_loss': 0.0005, 'grad_norm': 0.3848, 'lr': 0.0, 'tokens_per_sec': 324576.5083, 'mfu': 0.0991, 'expert_load_cv': 0.0658, 'min_expert_frac': 0.2302, 'dead_experts': 0, 'peak_vram_gb': 11.913}
{'step': 3370, 'tokens': 883425280, 'lm_loss': 3.8933, 'aux_loss': 2.0033, 'z_loss': 0.0005, 'grad_norm': 0.3945, 'lr': 0.0, 'tokens_per_sec': 324571.2968, 'mfu': 0.0991, 'expert_load_cv': 0.0662, 'min_expert_frac': 0.2298, 'dead_experts': 0, 'peak_vram_gb': 11.913}
{'step': 3380, 'tokens': 886046720, 'lm_loss': 3.852, 'aux_loss': 2.0037, 'z_loss': 0.0005, 'grad_norm': 0.3945, 'lr': 0.0, 'tokens_per_sec': 324569.8692, 'mfu': 0.0991, 'expert_load_cv': 0.065, 'min_expert_frac': 0.2306, 'dead_experts': 0, 'peak_vram_gb': 11.913}
{'step': 3390, 'tokens': 888668160, 'lm_loss': 3.8937, 'aux_loss': 2.0016, 'z_loss': 0.0005, 'grad_norm': 0.4062, 'lr': 0.0, 'tokens_per_sec': 324571.3047, 'mfu': 0.0991, 'expert_load_cv': 0.0646, 'min_expert_frac': 0.2308, 'dead_experts': 0, 'peak_vram_gb': 11.913}
{'step': 3400, 'tokens': 891289600, 'lm_loss': 3.8124, 'aux_loss': 2.0051, 'z_loss': 0.0005, 'grad_norm': 0.4512, 'lr': 0.0, 'tokens_per_sec': 324569.1456, 'mfu': 0.0991, 'expert_load_cv': 0.0663, 'min_expert_frac': 0.2298, 'dead_experts': 0, 'peak_vram_gb': 11.913}
{'step': 3410, 'tokens': 893911040, 'lm_loss': 3.8618, 'aux_loss': 2.0042, 'z_loss': 0.0005, 'grad_norm': 0.4121, 'lr': 0.0, 'tokens_per_sec': 324563.5357, 'mfu': 0.0991, 'expert_load_cv': 0.0664, 'min_expert_frac': 0.2299, 'dead_experts': 0, 'peak_vram_gb': 11.913}
{'step': 3420, 'tokens': 896532480, 'lm_loss': 3.9063, 'aux_loss': 2.0033, 'z_loss': 0.0005, 'grad_norm': 0.4102, 'lr': 0.0, 'tokens_per_sec': 324561.3162, 'mfu': 0.0991, 'expert_load_cv': 0.0662, 'min_expert_frac': 0.2301, 'dead_experts': 0, 'peak_vram_gb': 11.913}
{'step': 3430, 'tokens': 899153920, 'lm_loss': 3.8798, 'aux_loss': 2.0052, 'z_loss': 0.0005, 'grad_norm': 0.3828, 'lr': 0.0, 'tokens_per_sec': 324560.8426, 'mfu': 0.0991, 'expert_load_cv': 0.0668, 'min_expert_frac': 0.2299, 'dead_experts': 0, 'peak_vram_gb': 11.913}
{'step': 3440, 'tokens': 901775360, 'lm_loss': 3.819, 'aux_loss': 2.0053, 'z_loss': 0.0005, 'grad_norm': 0.3945, 'lr': 0.0, 'tokens_per_sec': 324564.4206, 'mfu': 0.0991, 'expert_load_cv': 0.0661, 'min_expert_frac': 0.23, 'dead_experts': 0, 'peak_vram_gb': 11.913}
{'step': 3450, 'tokens': 904396800, 'lm_loss': 3.8661, 'aux_loss': 2.0028, 'z_loss': 0.0005, 'grad_norm': 0.3984, 'lr': 0.0, 'tokens_per_sec': 324562.3254, 'mfu': 0.0991, 'expert_load_cv': 0.0658, 'min_expert_frac': 0.2302, 'dead_experts': 0, 'peak_vram_gb': 11.913}
{'step': 3460, 'tokens': 907018240, 'lm_loss': 3.9553, 'aux_loss': 2.0027, 'z_loss': 0.0005, 'grad_norm': 0.4082, 'lr': 0.0, 'tokens_per_sec': 324564.209, 'mfu': 0.0991, 'expert_load_cv': 0.0674, 'min_expert_frac': 0.2295, 'dead_experts': 0, 'peak_vram_gb': 11.913}
{'step': 3470, 'tokens': 909639680, 'lm_loss': 3.9491, 'aux_loss': 2.0042, 'z_loss': 0.0005, 'grad_norm': 0.4453, 'lr': 0.0, 'tokens_per_sec': 324568.201, 'mfu': 0.0991, 'expert_load_cv': 0.066, 'min_expert_frac': 0.2302, 'dead_experts': 0, 'peak_vram_gb': 11.913}
{'step': 3480, 'tokens': 912261120, 'lm_loss': 3.9179, 'aux_loss': 2.0036, 'z_loss': 0.0005, 'grad_norm': 0.4238, 'lr': 0.0, 'tokens_per_sec': 324571.9262, 'mfu': 0.0991, 'expert_load_cv': 0.066, 'min_expert_frac': 0.2301, 'dead_experts': 0, 'peak_vram_gb': 11.913}
{'step': 3490, 'tokens': 914882560, 'lm_loss': 3.8971, 'aux_loss': 2.0018, 'z_loss': 0.0005, 'grad_norm': 0.4238, 'lr': 0.0, 'tokens_per_sec': 324575.4265, 'mfu': 0.0991, 'expert_load_cv': 0.0647, 'min_expert_frac': 0.2308, 'dead_experts': 0, 'peak_vram_gb': 11.913}
{'step': 3500, 'tokens': 917504000, 'lm_loss': 3.885, 'aux_loss': 2.0039, 'z_loss': 0.0005, 'grad_norm': 0.4082, 'lr': 0.0, 'tokens_per_sec': 324576.4729, 'mfu': 0.0991, 'expert_load_cv': 0.0657, 'min_expert_frac': 0.2305, 'dead_experts': 0, 'peak_vram_gb': 11.913}
{'step': 3510, 'tokens': 920125440, 'lm_loss': 3.8584, 'aux_loss': 2.0043, 'z_loss': 0.0005, 'grad_norm': 0.4023, 'lr': 0.0, 'tokens_per_sec': 324574.8822, 'mfu': 0.0991, 'expert_load_cv': 0.065, 'min_expert_frac': 0.2306, 'dead_experts': 0, 'peak_vram_gb': 11.913}
{'step': 3520, 'tokens': 922746880, 'lm_loss': 3.8455, 'aux_loss': 2.0031, 'z_loss': 0.0005, 'grad_norm': 0.4219, 'lr': 0.0, 'tokens_per_sec': 324575.7855, 'mfu': 0.0991, 'expert_load_cv': 0.0658, 'min_expert_frac': 0.2303, 'dead_experts': 0, 'peak_vram_gb': 11.913}
{'step': 3530, 'tokens': 925368320, 'lm_loss': 3.8729, 'aux_loss': 2.0051, 'z_loss': 0.0005, 'grad_norm': 0.4199, 'lr': 0.0, 'tokens_per_sec': 324576.8587, 'mfu': 0.0991, 'expert_load_cv': 0.0666, 'min_expert_frac': 0.2296, 'dead_experts': 0, 'peak_vram_gb': 11.913}
{'step': 3540, 'tokens': 927989760, 'lm_loss': 3.8808, 'aux_loss': 2.0036, 'z_loss': 0.0005, 'grad_norm': 0.418, 'lr': 0.0, 'tokens_per_sec': 324579.2055, 'mfu': 0.0991, 'expert_load_cv': 0.0648, 'min_expert_frac': 0.2306, 'dead_experts': 0, 'peak_vram_gb': 11.913}
{'step': 3550, 'tokens': 930611200, 'lm_loss': 3.9254, 'aux_loss': 2.0009, 'z_loss': 0.0005, 'grad_norm': 0.373, 'lr': 0.0, 'tokens_per_sec': 324582.1273, 'mfu': 0.0991, 'expert_load_cv': 0.0641, 'min_expert_frac': 0.2311, 'dead_experts': 0, 'peak_vram_gb': 11.913}
{'step': 3560, 'tokens': 933232640, 'lm_loss': 3.9013, 'aux_loss': 2.0041, 'z_loss': 0.0005, 'grad_norm': 0.3906, 'lr': 0.0, 'tokens_per_sec': 324588.4305, 'mfu': 0.0991, 'expert_load_cv': 0.0659, 'min_expert_frac': 0.2304, 'dead_experts': 0, 'peak_vram_gb': 11.913}
{'step': 3570, 'tokens': 935854080, 'lm_loss': 3.8436, 'aux_loss': 2.004, 'z_loss': 0.0005, 'grad_norm': 0.4004, 'lr': 0.0, 'tokens_per_sec': 324591.5117, 'mfu': 0.0991, 'expert_load_cv': 0.0647, 'min_expert_frac': 0.2306, 'dead_experts': 0, 'peak_vram_gb': 11.913}
{'step': 3580, 'tokens': 938475520, 'lm_loss': 3.886, 'aux_loss': 2.0031, 'z_loss': 0.0005, 'grad_norm': 0.4023, 'lr': 0.0, 'tokens_per_sec': 324588.6724, 'mfu': 0.0991, 'expert_load_cv': 0.065, 'min_expert_frac': 0.2306, 'dead_experts': 0, 'peak_vram_gb': 11.913}
{'step': 3590, 'tokens': 941096960, 'lm_loss': 3.8716, 'aux_loss': 2.0047, 'z_loss': 0.0005, 'grad_norm': 0.3965, 'lr': 0.0, 'tokens_per_sec': 324588.7457, 'mfu': 0.0991, 'expert_load_cv': 0.0644, 'min_expert_frac': 0.231, 'dead_experts': 0, 'peak_vram_gb': 11.913}
{'step': 3600, 'tokens': 943718400, 'lm_loss': 3.8983, 'aux_loss': 2.0037, 'z_loss': 0.0005, 'grad_norm': 0.3789, 'lr': 0.0, 'tokens_per_sec': 324587.9488, 'mfu': 0.0991, 'expert_load_cv': 0.0657, 'min_expert_frac': 0.2304, 'dead_experts': 0, 'peak_vram_gb': 11.913}
{'step': 3610, 'tokens': 946339840, 'lm_loss': 3.9171, 'aux_loss': 2.0047, 'z_loss': 0.0005, 'grad_norm': 0.4141, 'lr': 0.0, 'tokens_per_sec': 324586.2756, 'mfu': 0.0991, 'expert_load_cv': 0.0642, 'min_expert_frac': 0.2309, 'dead_experts': 0, 'peak_vram_gb': 11.913}
{'step': 3620, 'tokens': 948961280, 'lm_loss': 3.8984, 'aux_loss': 2.0038, 'z_loss': 0.0005, 'grad_norm': 0.4102, 'lr': 0.0, 'tokens_per_sec': 324586.0605, 'mfu': 0.0991, 'expert_load_cv': 0.065, 'min_expert_frac': 0.2306, 'dead_experts': 0, 'peak_vram_gb': 11.913}
{'step': 3630, 'tokens': 951582720, 'lm_loss': 3.9105, 'aux_loss': 2.0037, 'z_loss': 0.0005, 'grad_norm': 0.3887, 'lr': 0.0, 'tokens_per_sec': 324584.2652, 'mfu': 0.0991, 'expert_load_cv': 0.0649, 'min_expert_frac': 0.2305, 'dead_experts': 0, 'peak_vram_gb': 11.913}
{'step': 3640, 'tokens': 954204160, 'lm_loss': 3.8987, 'aux_loss': 2.0043, 'z_loss': 0.0005, 'grad_norm': 0.4023, 'lr': 0.0, 'tokens_per_sec': 324583.6029, 'mfu': 0.0991, 'expert_load_cv': 0.0649, 'min_expert_frac': 0.2306, 'dead_experts': 0, 'peak_vram_gb': 11.913}
{'step': 3650, 'tokens': 956825600, 'lm_loss': 3.8816, 'aux_loss': 2.0032, 'z_loss': 0.0005, 'grad_norm': 0.4082, 'lr': 0.0, 'tokens_per_sec': 324582.5975, 'mfu': 0.0991, 'expert_load_cv': 0.0653, 'min_expert_frac': 0.2303, 'dead_experts': 0, 'peak_vram_gb': 11.913}
{'step': 3660, 'tokens': 959447040, 'lm_loss': 3.9134, 'aux_loss': 2.0039, 'z_loss': 0.0005, 'grad_norm': 0.3984, 'lr': 0.0, 'tokens_per_sec': 324584.25, 'mfu': 0.0991, 'expert_load_cv': 0.0642, 'min_expert_frac': 0.2308, 'dead_experts': 0, 'peak_vram_gb': 11.913}
{'step': 3670, 'tokens': 962068480, 'lm_loss': 3.8853, 'aux_loss': 2.0041, 'z_loss': 0.0005, 'grad_norm': 0.3945, 'lr': 0.0, 'tokens_per_sec': 324584.3926, 'mfu': 0.0991, 'expert_load_cv': 0.0651, 'min_expert_frac': 0.2304, 'dead_experts': 0, 'peak_vram_gb': 11.913}
{'step': 3680, 'tokens': 964689920, 'lm_loss': 3.8736, 'aux_loss': 2.0027, 'z_loss': 0.0005, 'grad_norm': 0.3926, 'lr': 0.0, 'tokens_per_sec': 324585.6195, 'mfu': 0.0991, 'expert_load_cv': 0.0644, 'min_expert_frac': 0.2308, 'dead_experts': 0, 'peak_vram_gb': 11.913}
{'step': 3690, 'tokens': 967311360, 'lm_loss': 3.9241, 'aux_loss': 2.0039, 'z_loss': 0.0005, 'grad_norm': 0.4004, 'lr': 0.0, 'tokens_per_sec': 324585.9601, 'mfu': 0.0991, 'expert_load_cv': 0.0653, 'min_expert_frac': 0.2301, 'dead_experts': 0, 'peak_vram_gb': 11.913}
{'step': 3700, 'tokens': 969932800, 'lm_loss': 3.8653, 'aux_loss': 2.0049, 'z_loss': 0.0005, 'grad_norm': 0.3926, 'lr': 0.0, 'tokens_per_sec': 324585.1598, 'mfu': 0.0991, 'expert_load_cv': 0.0647, 'min_expert_frac': 0.2306, 'dead_experts': 0, 'peak_vram_gb': 11.913}
{'step': 3710, 'tokens': 972554240, 'lm_loss': 3.8669, 'aux_loss': 2.0034, 'z_loss': 0.0005, 'grad_norm': 0.4297, 'lr': 0.0, 'tokens_per_sec': 324588.1623, 'mfu': 0.0991, 'expert_load_cv': 0.0663, 'min_expert_frac': 0.2298, 'dead_experts': 0, 'peak_vram_gb': 11.913}
{'step': 3720, 'tokens': 975175680, 'lm_loss': 3.9345, 'aux_loss': 2.0033, 'z_loss': 0.0005, 'grad_norm': 0.3848, 'lr': 0.0, 'tokens_per_sec': 324589.3976, 'mfu': 0.0991, 'expert_load_cv': 0.063, 'min_expert_frac': 0.2313, 'dead_experts': 0, 'peak_vram_gb': 11.913}
{'step': 3730, 'tokens': 977797120, 'lm_loss': 3.9164, 'aux_loss': 2.0039, 'z_loss': 0.0005, 'grad_norm': 0.3965, 'lr': 0.0, 'tokens_per_sec': 324592.3695, 'mfu': 0.0991, 'expert_load_cv': 0.0656, 'min_expert_frac': 0.2304, 'dead_experts': 0, 'peak_vram_gb': 11.913}
{'step': 3740, 'tokens': 980418560, 'lm_loss': 3.8617, 'aux_loss': 2.0035, 'z_loss': 0.0005, 'grad_norm': 0.4414, 'lr': 0.0, 'tokens_per_sec': 324594.2098, 'mfu': 0.0991, 'expert_load_cv': 0.0659, 'min_expert_frac': 0.2299, 'dead_experts': 0, 'peak_vram_gb': 11.913}
{'step': 3750, 'tokens': 983040000, 'lm_loss': 3.9527, 'aux_loss': 2.0028, 'z_loss': 0.0005, 'grad_norm': 0.4043, 'lr': 0.0, 'tokens_per_sec': 324595.0374, 'mfu': 0.0991, 'expert_load_cv': 0.0653, 'min_expert_frac': 0.23, 'dead_experts': 0, 'peak_vram_gb': 11.913}
{'step': 3760, 'tokens': 985661440, 'lm_loss': 3.9517, 'aux_loss': 2.0025, 'z_loss': 0.0005, 'grad_norm': 0.373, 'lr': 0.0, 'tokens_per_sec': 324596.5448, 'mfu': 0.0991, 'expert_load_cv': 0.0641, 'min_expert_frac': 0.2308, 'dead_experts': 0, 'peak_vram_gb': 11.913}
{'step': 3770, 'tokens': 988282880, 'lm_loss': 3.8323, 'aux_loss': 2.0037, 'z_loss': 0.0005, 'grad_norm': 0.377, 'lr': 0.0, 'tokens_per_sec': 324597.5343, 'mfu': 0.0991, 'expert_load_cv': 0.0643, 'min_expert_frac': 0.2308, 'dead_experts': 0, 'peak_vram_gb': 11.913}
{'step': 3780, 'tokens': 990904320, 'lm_loss': 3.8808, 'aux_loss': 2.0054, 'z_loss': 0.0005, 'grad_norm': 0.3789, 'lr': 0.0, 'tokens_per_sec': 324594.858, 'mfu': 0.0991, 'expert_load_cv': 0.0649, 'min_expert_frac': 0.231, 'dead_experts': 0, 'peak_vram_gb': 11.913}
{'step': 3790, 'tokens': 993525760, 'lm_loss': 3.9102, 'aux_loss': 2.0034, 'z_loss': 0.0005, 'grad_norm': 0.3887, 'lr': 0.0, 'tokens_per_sec': 324591.824, 'mfu': 0.0991, 'expert_load_cv': 0.0637, 'min_expert_frac': 0.2311, 'dead_experts': 0, 'peak_vram_gb': 11.913}
{'step': 3800, 'tokens': 996147200, 'lm_loss': 3.9129, 'aux_loss': 2.0038, 'z_loss': 0.0005, 'grad_norm': 0.4375, 'lr': 0.0, 'tokens_per_sec': 324592.3601, 'mfu': 0.0991, 'expert_load_cv': 0.0639, 'min_expert_frac': 0.231, 'dead_experts': 0, 'peak_vram_gb': 11.913}
{'step': 3810, 'tokens': 998768640, 'lm_loss': 3.8289, 'aux_loss': 2.0027, 'z_loss': 0.0005, 'grad_norm': 0.4082, 'lr': 0.0, 'tokens_per_sec': 324592.0203, 'mfu': 0.0991, 'expert_load_cv': 0.0655, 'min_expert_frac': 0.2304, 'dead_experts': 0, 'peak_vram_gb': 11.913}
Writing model shards:   0%|          | 0/1 [00:00<?, ?it/s]Writing model shards: 100%|██████████| 1/1 [00:00<00:00, 20.46it/s]
  saved runs/seedvar_E4_s2/step3814
done -> runs/seedvar_E4_s2
[1;34mwandb[0m: 
[1;34mwandb[0m: 🚀 View run [33mseedvar_E4_s2[0m at: [34mhttps://wandb.ai/falyahya-vector/moe-sparsity-pilot/runs/zix3ym2c[0m
[1;34mwandb[0m: Find logs at: [1;35mwandb/run-20260727_105341-zix3ym2c/logs[0m
=== E=64 seed=0 ===
{
  "active_nonembed": 8519680,
  "total_nonembed": 203554816,
  "embedding": 4096000,
  "total_all": 207655168,
  "sparsity_ratio": 23.892307692307693,
  "total_steps": 3814,
  "warmup": 76,
  "tokens_per_step": 262144
}
wandb: [wandb.login()] Loaded credentials for https://api.wandb.ai from /root/.netrc.
wandb: Currently logged in as: falyahya (falyahya-vector) to https://api.wandb.ai. Use `wandb login --relogin` to force relogin
wandb: Tracking run with wandb version 0.28.1
wandb: Run data is saved locally in /workspace/MoE-Sparsity/code/wandb/run-20260727_114529-uqsnx9hw
wandb: Run `wandb offline` to turn off syncing.
wandb: Syncing run seedvar_E64_s0
wandb: ⭐️ View project at https://wandb.ai/falyahya-vector/moe-sparsity-pilot
wandb: 🚀 View run at https://wandb.ai/falyahya-vector/moe-sparsity-pilot/runs/uqsnx9hw
/workspace/MoE-Sparsity/code/step07_train.py:113: UserWarning: Converting a tensor with requires_grad=True to a scalar may lead to unexpected behavior.
Consider using tensor.detach() first. (Triggered internally at /__w/pytorch/pytorch/torch/csrc/autograd/generated/python_variable_methods.cpp:822.)
  acc_z += float(zl) / a.grad_accum
{'step': 10, 'tokens': 2621440, 'lm_loss': 9.6222, 'aux_loss': 2.0595, 'z_loss': 0.0176, 'grad_norm': 1.5703, 'lr': 0.0001, 'tokens_per_sec': 225170.2696, 'mfu': 0.0698, 'expert_load_cv': 0.6009, 'min_expert_frac': 0.0016, 'dead_experts': 0, 'peak_vram_gb': 13.5539}
{'step': 20, 'tokens': 5242880, 'lm_loss': 9.2832, 'aux_loss': 1.9708, 'z_loss': 0.0174, 'grad_norm': 1.2188, 'lr': 0.0001, 'tokens_per_sec': 239021.6688, 'mfu': 0.0741, 'expert_load_cv': 0.8261, 'min_expert_frac': 0.0019, 'dead_experts': 0, 'peak_vram_gb': 13.5539}
{'step': 30, 'tokens': 7864320, 'lm_loss': 8.9656, 'aux_loss': 2.0799, 'z_loss': 0.0172, 'grad_norm': 1.1953, 'lr': 0.0002, 'tokens_per_sec': 246446.5439, 'mfu': 0.0764, 'expert_load_cv': 0.7746, 'min_expert_frac': 0.0003, 'dead_experts': 0, 'peak_vram_gb': 13.5539}
{'step': 40, 'tokens': 10485760, 'lm_loss': 8.5228, 'aux_loss': 2.1541, 'z_loss': 0.0165, 'grad_norm': 1.1328, 'lr': 0.0002, 'tokens_per_sec': 251269.8526, 'mfu': 0.0778, 'expert_load_cv': 0.8867, 'min_expert_frac': 0.0002, 'dead_experts': 0, 'peak_vram_gb': 13.5539}
{'step': 50, 'tokens': 13107200, 'lm_loss': 8.0426, 'aux_loss': 2.0365, 'z_loss': 0.0157, 'grad_norm': 1.0703, 'lr': 0.0003, 'tokens_per_sec': 254884.9057, 'mfu': 0.079, 'expert_load_cv': 0.9944, 'min_expert_frac': 0.0, 'dead_experts': 3, 'peak_vram_gb': 13.5539}
  !! ROUTER COLLAPSE WARNING: 3 dead experts
{'step': 60, 'tokens': 15728640, 'lm_loss': 7.6604, 'aux_loss': 1.8946, 'z_loss': 0.0148, 'grad_norm': 0.9453, 'lr': 0.0003, 'tokens_per_sec': 257491.4984, 'mfu': 0.0798, 'expert_load_cv': 0.8771, 'min_expert_frac': 0.002, 'dead_experts': 0, 'peak_vram_gb': 13.5539}
{'step': 70, 'tokens': 18350080, 'lm_loss': 7.3969, 'aux_loss': 1.8632, 'z_loss': 0.0138, 'grad_norm': 0.6719, 'lr': 0.0004, 'tokens_per_sec': 259066.8769, 'mfu': 0.0803, 'expert_load_cv': 0.7156, 'min_expert_frac': 0.0022, 'dead_experts': 0, 'peak_vram_gb': 13.5539}
{'step': 80, 'tokens': 20971520, 'lm_loss': 7.1705, 'aux_loss': 1.9723, 'z_loss': 0.0126, 'grad_norm': 0.4004, 'lr': 0.0004, 'tokens_per_sec': 259887.464, 'mfu': 0.0805, 'expert_load_cv': 0.5294, 'min_expert_frac': 0.0073, 'dead_experts': 0, 'peak_vram_gb': 13.5539}
{'step': 90, 'tokens': 23592960, 'lm_loss': 7.0285, 'aux_loss': 1.9313, 'z_loss': 0.0118, 'grad_norm': 0.3906, 'lr': 0.0004, 'tokens_per_sec': 260772.2904, 'mfu': 0.0808, 'expert_load_cv': 0.4618, 'min_expert_frac': 0.0029, 'dead_experts': 0, 'peak_vram_gb': 13.5539}
{'step': 100, 'tokens': 26214400, 'lm_loss': 6.8625, 'aux_loss': 1.959, 'z_loss': 0.0114, 'grad_norm': 0.5078, 'lr': 0.0004, 'tokens_per_sec': 261544.3629, 'mfu': 0.081, 'expert_load_cv': 0.4396, 'min_expert_frac': 0.0022, 'dead_experts': 0, 'peak_vram_gb': 13.5539}
{'step': 110, 'tokens': 28835840, 'lm_loss': 6.6721, 'aux_loss': 1.9479, 'z_loss': 0.011, 'grad_norm': 0.6953, 'lr': 0.0004, 'tokens_per_sec': 261976.4407, 'mfu': 0.0812, 'expert_load_cv': 0.3771, 'min_expert_frac': 0.0031, 'dead_experts': 0, 'peak_vram_gb': 13.5539}
{'step': 120, 'tokens': 31457280, 'lm_loss': 6.4727, 'aux_loss': 1.9653, 'z_loss': 0.0105, 'grad_norm': 0.3652, 'lr': 0.0004, 'tokens_per_sec': 262393.6511, 'mfu': 0.0813, 'expert_load_cv': 0.3289, 'min_expert_frac': 0.0054, 'dead_experts': 0, 'peak_vram_gb': 13.5539}
{'step': 130, 'tokens': 34078720, 'lm_loss': 6.3286, 'aux_loss': 1.9363, 'z_loss': 0.01, 'grad_norm': 0.3164, 'lr': 0.0004, 'tokens_per_sec': 262827.9336, 'mfu': 0.0814, 'expert_load_cv': 0.312, 'min_expert_frac': 0.0073, 'dead_experts': 0, 'peak_vram_gb': 13.5539}
{'step': 140, 'tokens': 36700160, 'lm_loss': 6.1922, 'aux_loss': 1.9407, 'z_loss': 0.0096, 'grad_norm': 0.4609, 'lr': 0.0004, 'tokens_per_sec': 263162.4801, 'mfu': 0.0815, 'expert_load_cv': 0.2852, 'min_expert_frac': 0.0079, 'dead_experts': 0, 'peak_vram_gb': 13.5539}
{'step': 150, 'tokens': 39321600, 'lm_loss': 6.0747, 'aux_loss': 1.9447, 'z_loss': 0.0091, 'grad_norm': 0.4082, 'lr': 0.0004, 'tokens_per_sec': 263509.8235, 'mfu': 0.0816, 'expert_load_cv': 0.2604, 'min_expert_frac': 0.0091, 'dead_experts': 0, 'peak_vram_gb': 13.5539}
{'step': 160, 'tokens': 41943040, 'lm_loss': 5.9877, 'aux_loss': 1.9566, 'z_loss': 0.0087, 'grad_norm': 0.5391, 'lr': 0.0004, 'tokens_per_sec': 263763.5462, 'mfu': 0.0817, 'expert_load_cv': 0.2483, 'min_expert_frac': 0.0102, 'dead_experts': 0, 'peak_vram_gb': 13.5539}
{'step': 170, 'tokens': 44564480, 'lm_loss': 5.8343, 'aux_loss': 1.9743, 'z_loss': 0.0084, 'grad_norm': 0.4648, 'lr': 0.0004, 'tokens_per_sec': 263988.5434, 'mfu': 0.0818, 'expert_load_cv': 0.2219, 'min_expert_frac': 0.01, 'dead_experts': 0, 'peak_vram_gb': 13.5539}
{'step': 180, 'tokens': 47185920, 'lm_loss': 5.8425, 'aux_loss': 1.9574, 'z_loss': 0.0081, 'grad_norm': 0.4121, 'lr': 0.0004, 'tokens_per_sec': 264172.4607, 'mfu': 0.0818, 'expert_load_cv': 0.2197, 'min_expert_frac': 0.0101, 'dead_experts': 0, 'peak_vram_gb': 13.5539}
{'step': 190, 'tokens': 49807360, 'lm_loss': 5.6972, 'aux_loss': 1.9772, 'z_loss': 0.0079, 'grad_norm': 0.5938, 'lr': 0.0004, 'tokens_per_sec': 264292.1716, 'mfu': 0.0819, 'expert_load_cv': 0.2069, 'min_expert_frac': 0.0101, 'dead_experts': 0, 'peak_vram_gb': 13.5539}
{'step': 200, 'tokens': 52428800, 'lm_loss': 5.6621, 'aux_loss': 1.9649, 'z_loss': 0.0077, 'grad_norm': 0.6094, 'lr': 0.0004, 'tokens_per_sec': 264417.9166, 'mfu': 0.0819, 'expert_load_cv': 0.2048, 'min_expert_frac': 0.0111, 'dead_experts': 0, 'peak_vram_gb': 13.5539}
{'step': 210, 'tokens': 55050240, 'lm_loss': 5.6129, 'aux_loss': 1.9595, 'z_loss': 0.0074, 'grad_norm': 0.5078, 'lr': 0.0004, 'tokens_per_sec': 264507.9096, 'mfu': 0.0819, 'expert_load_cv': 0.2048, 'min_expert_frac': 0.0101, 'dead_experts': 0, 'peak_vram_gb': 13.5539}
{'step': 220, 'tokens': 57671680, 'lm_loss': 5.4854, 'aux_loss': 1.9713, 'z_loss': 0.0072, 'grad_norm': 0.6641, 'lr': 0.0004, 'tokens_per_sec': 264604.4052, 'mfu': 0.082, 'expert_load_cv': 0.2028, 'min_expert_frac': 0.0108, 'dead_experts': 0, 'peak_vram_gb': 13.5539}
{'step': 230, 'tokens': 60293120, 'lm_loss': 5.4268, 'aux_loss': 1.9784, 'z_loss': 0.0071, 'grad_norm': 0.6719, 'lr': 0.0004, 'tokens_per_sec': 264641.389, 'mfu': 0.082, 'expert_load_cv': 0.1981, 'min_expert_frac': 0.011, 'dead_experts': 0, 'peak_vram_gb': 13.5539}
{'step': 240, 'tokens': 62914560, 'lm_loss': 5.3868, 'aux_loss': 1.9724, 'z_loss': 0.0068, 'grad_norm': 0.7188, 'lr': 0.0004, 'tokens_per_sec': 264701.954, 'mfu': 0.082, 'expert_load_cv': 0.1911, 'min_expert_frac': 0.0115, 'dead_experts': 0, 'peak_vram_gb': 13.5539}
{'step': 250, 'tokens': 65536000, 'lm_loss': 5.3261, 'aux_loss': 1.9846, 'z_loss': 0.0068, 'grad_norm': 0.6484, 'lr': 0.0004, 'tokens_per_sec': 264809.9311, 'mfu': 0.082, 'expert_load_cv': 0.1897, 'min_expert_frac': 0.0119, 'dead_experts': 0, 'peak_vram_gb': 13.5539}
{'step': 260, 'tokens': 68157440, 'lm_loss': 5.2604, 'aux_loss': 1.9751, 'z_loss': 0.0066, 'grad_norm': 0.7734, 'lr': 0.0004, 'tokens_per_sec': 264903.5955, 'mfu': 0.0821, 'expert_load_cv': 0.193, 'min_expert_frac': 0.0116, 'dead_experts': 0, 'peak_vram_gb': 13.5539}
{'step': 270, 'tokens': 70778880, 'lm_loss': 5.2584, 'aux_loss': 1.9827, 'z_loss': 0.0065, 'grad_norm': 0.9414, 'lr': 0.0004, 'tokens_per_sec': 265020.4069, 'mfu': 0.0821, 'expert_load_cv': 0.1944, 'min_expert_frac': 0.0107, 'dead_experts': 0, 'peak_vram_gb': 13.5539}
{'step': 280, 'tokens': 73400320, 'lm_loss': 5.1333, 'aux_loss': 1.9918, 'z_loss': 0.0064, 'grad_norm': 0.6562, 'lr': 0.0004, 'tokens_per_sec': 265094.2624, 'mfu': 0.0821, 'expert_load_cv': 0.1928, 'min_expert_frac': 0.0113, 'dead_experts': 0, 'peak_vram_gb': 13.5539}
{'step': 290, 'tokens': 76021760, 'lm_loss': 5.1421, 'aux_loss': 1.9849, 'z_loss': 0.0062, 'grad_norm': 0.5625, 'lr': 0.0004, 'tokens_per_sec': 265190.731, 'mfu': 0.0822, 'expert_load_cv': 0.1944, 'min_expert_frac': 0.0106, 'dead_experts': 0, 'peak_vram_gb': 13.5539}
{'step': 300, 'tokens': 78643200, 'lm_loss': 5.0902, 'aux_loss': 1.9849, 'z_loss': 0.0062, 'grad_norm': 0.7188, 'lr': 0.0004, 'tokens_per_sec': 265239.5508, 'mfu': 0.0822, 'expert_load_cv': 0.1915, 'min_expert_frac': 0.0112, 'dead_experts': 0, 'peak_vram_gb': 13.5539}
{'step': 310, 'tokens': 81264640, 'lm_loss': 5.0804, 'aux_loss': 1.9876, 'z_loss': 0.0062, 'grad_norm': 0.5742, 'lr': 0.0004, 'tokens_per_sec': 265283.1544, 'mfu': 0.0822, 'expert_load_cv': 0.1982, 'min_expert_frac': 0.0108, 'dead_experts': 0, 'peak_vram_gb': 13.5539}
{'step': 320, 'tokens': 83886080, 'lm_loss': 5.0211, 'aux_loss': 1.9917, 'z_loss': 0.0061, 'grad_norm': 0.6484, 'lr': 0.0004, 'tokens_per_sec': 265335.6463, 'mfu': 0.0822, 'expert_load_cv': 0.1918, 'min_expert_frac': 0.0115, 'dead_experts': 0, 'peak_vram_gb': 13.5539}
{'step': 330, 'tokens': 86507520, 'lm_loss': 4.9574, 'aux_loss': 1.9882, 'z_loss': 0.006, 'grad_norm': 0.5742, 'lr': 0.0004, 'tokens_per_sec': 265362.5815, 'mfu': 0.0822, 'expert_load_cv': 0.1871, 'min_expert_frac': 0.0115, 'dead_experts': 0, 'peak_vram_gb': 13.5539}
{'step': 340, 'tokens': 89128960, 'lm_loss': 4.9686, 'aux_loss': 1.9872, 'z_loss': 0.0059, 'grad_norm': 0.7227, 'lr': 0.0004, 'tokens_per_sec': 265417.9401, 'mfu': 0.0822, 'expert_load_cv': 0.1907, 'min_expert_frac': 0.0112, 'dead_experts': 0, 'peak_vram_gb': 13.5539}
{'step': 350, 'tokens': 91750400, 'lm_loss': 4.9428, 'aux_loss': 1.985, 'z_loss': 0.0058, 'grad_norm': 0.6484, 'lr': 0.0004, 'tokens_per_sec': 265447.3896, 'mfu': 0.0822, 'expert_load_cv': 0.1882, 'min_expert_frac': 0.0113, 'dead_experts': 0, 'peak_vram_gb': 13.5539}
{'step': 360, 'tokens': 94371840, 'lm_loss': 4.8426, 'aux_loss': 1.9939, 'z_loss': 0.0058, 'grad_norm': 0.582, 'lr': 0.0004, 'tokens_per_sec': 265464.55, 'mfu': 0.0822, 'expert_load_cv': 0.1896, 'min_expert_frac': 0.0118, 'dead_experts': 0, 'peak_vram_gb': 13.5539}
{'step': 370, 'tokens': 96993280, 'lm_loss': 4.8793, 'aux_loss': 1.9912, 'z_loss': 0.0057, 'grad_norm': 0.7305, 'lr': 0.0004, 'tokens_per_sec': 265510.9192, 'mfu': 0.0823, 'expert_load_cv': 0.1857, 'min_expert_frac': 0.0115, 'dead_experts': 0, 'peak_vram_gb': 13.5539}
{'step': 380, 'tokens': 99614720, 'lm_loss': 4.8591, 'aux_loss': 1.9916, 'z_loss': 0.0057, 'grad_norm': 0.6406, 'lr': 0.0004, 'tokens_per_sec': 265533.6852, 'mfu': 0.0823, 'expert_load_cv': 0.1896, 'min_expert_frac': 0.0112, 'dead_experts': 0, 'peak_vram_gb': 13.5539}
{'step': 390, 'tokens': 102236160, 'lm_loss': 4.8371, 'aux_loss': 1.9883, 'z_loss': 0.0056, 'grad_norm': 0.6172, 'lr': 0.0004, 'tokens_per_sec': 265552.9649, 'mfu': 0.0823, 'expert_load_cv': 0.1846, 'min_expert_frac': 0.0114, 'dead_experts': 0, 'peak_vram_gb': 13.5539}
{'step': 400, 'tokens': 104857600, 'lm_loss': 4.7854, 'aux_loss': 1.991, 'z_loss': 0.0056, 'grad_norm': 0.6094, 'lr': 0.0004, 'tokens_per_sec': 265541.2634, 'mfu': 0.0823, 'expert_load_cv': 0.1863, 'min_expert_frac': 0.0118, 'dead_experts': 0, 'peak_vram_gb': 13.5539}
{'step': 410, 'tokens': 107479040, 'lm_loss': 4.8029, 'aux_loss': 1.9889, 'z_loss': 0.0055, 'grad_norm': 0.9844, 'lr': 0.0004, 'tokens_per_sec': 265570.0388, 'mfu': 0.0823, 'expert_load_cv': 0.1911, 'min_expert_frac': 0.0114, 'dead_experts': 0, 'peak_vram_gb': 13.5539}
{'step': 420, 'tokens': 110100480, 'lm_loss': 4.7899, 'aux_loss': 1.9929, 'z_loss': 0.0055, 'grad_norm': 0.7852, 'lr': 0.0004, 'tokens_per_sec': 265611.6418, 'mfu': 0.0823, 'expert_load_cv': 0.1871, 'min_expert_frac': 0.0118, 'dead_experts': 0, 'peak_vram_gb': 13.5539}
{'step': 430, 'tokens': 112721920, 'lm_loss': 4.7166, 'aux_loss': 2.0009, 'z_loss': 0.0055, 'grad_norm': 0.8047, 'lr': 0.0004, 'tokens_per_sec': 265687.3868, 'mfu': 0.0823, 'expert_load_cv': 0.1875, 'min_expert_frac': 0.0113, 'dead_experts': 0, 'peak_vram_gb': 13.5539}
{'step': 440, 'tokens': 115343360, 'lm_loss': 4.7305, 'aux_loss': 1.9864, 'z_loss': 0.0055, 'grad_norm': 0.8828, 'lr': 0.0004, 'tokens_per_sec': 265725.3446, 'mfu': 0.0823, 'expert_load_cv': 0.1926, 'min_expert_frac': 0.0112, 'dead_experts': 0, 'peak_vram_gb': 13.5539}
{'step': 450, 'tokens': 117964800, 'lm_loss': 4.7106, 'aux_loss': 1.9877, 'z_loss': 0.0054, 'grad_norm': 0.6953, 'lr': 0.0004, 'tokens_per_sec': 265773.5244, 'mfu': 0.0823, 'expert_load_cv': 0.1871, 'min_expert_frac': 0.0116, 'dead_experts': 0, 'peak_vram_gb': 13.5539}
{'step': 460, 'tokens': 120586240, 'lm_loss': 4.7222, 'aux_loss': 1.9884, 'z_loss': 0.0053, 'grad_norm': 0.6797, 'lr': 0.0004, 'tokens_per_sec': 265807.4771, 'mfu': 0.0823, 'expert_load_cv': 0.1792, 'min_expert_frac': 0.0115, 'dead_experts': 0, 'peak_vram_gb': 13.5539}
{'step': 470, 'tokens': 123207680, 'lm_loss': 4.7077, 'aux_loss': 1.9939, 'z_loss': 0.0053, 'grad_norm': 0.625, 'lr': 0.0004, 'tokens_per_sec': 265860.3309, 'mfu': 0.0824, 'expert_load_cv': 0.1855, 'min_expert_frac': 0.0109, 'dead_experts': 0, 'peak_vram_gb': 13.5539}
{'step': 480, 'tokens': 125829120, 'lm_loss': 4.6372, 'aux_loss': 1.9932, 'z_loss': 0.0052, 'grad_norm': 0.7031, 'lr': 0.0004, 'tokens_per_sec': 265881.0361, 'mfu': 0.0824, 'expert_load_cv': 0.1863, 'min_expert_frac': 0.0114, 'dead_experts': 0, 'peak_vram_gb': 13.5539}
{'step': 490, 'tokens': 128450560, 'lm_loss': 4.6151, 'aux_loss': 1.989, 'z_loss': 0.0053, 'grad_norm': 0.6641, 'lr': 0.0004, 'tokens_per_sec': 265899.7099, 'mfu': 0.0824, 'expert_load_cv': 0.185, 'min_expert_frac': 0.0115, 'dead_experts': 0, 'peak_vram_gb': 13.5539}
{'step': 500, 'tokens': 131072000, 'lm_loss': 4.5933, 'aux_loss': 1.9771, 'z_loss': 0.0052, 'grad_norm': 0.5977, 'lr': 0.0004, 'tokens_per_sec': 265897.7277, 'mfu': 0.0824, 'expert_load_cv': 0.1837, 'min_expert_frac': 0.0112, 'dead_experts': 0, 'peak_vram_gb': 13.5539}
{'step': 510, 'tokens': 133693440, 'lm_loss': 4.5706, 'aux_loss': 1.9848, 'z_loss': 0.0052, 'grad_norm': 0.8047, 'lr': 0.0004, 'tokens_per_sec': 265890.4792, 'mfu': 0.0824, 'expert_load_cv': 0.188, 'min_expert_frac': 0.0116, 'dead_experts': 0, 'peak_vram_gb': 13.5539}
{'step': 520, 'tokens': 136314880, 'lm_loss': 4.5843, 'aux_loss': 1.9922, 'z_loss': 0.0052, 'grad_norm': 0.6445, 'lr': 0.0004, 'tokens_per_sec': 265871.318, 'mfu': 0.0824, 'expert_load_cv': 0.1852, 'min_expert_frac': 0.0119, 'dead_experts': 0, 'peak_vram_gb': 13.5539}
{'step': 530, 'tokens': 138936320, 'lm_loss': 4.5787, 'aux_loss': 1.9826, 'z_loss': 0.0051, 'grad_norm': 0.6914, 'lr': 0.0004, 'tokens_per_sec': 265843.3774, 'mfu': 0.0824, 'expert_load_cv': 0.1895, 'min_expert_frac': 0.011, 'dead_experts': 0, 'peak_vram_gb': 13.5539}
{'step': 540, 'tokens': 141557760, 'lm_loss': 4.5103, 'aux_loss': 1.9818, 'z_loss': 0.0051, 'grad_norm': 0.7031, 'lr': 0.0004, 'tokens_per_sec': 265834.0521, 'mfu': 0.0824, 'expert_load_cv': 0.1856, 'min_expert_frac': 0.0112, 'dead_experts': 0, 'peak_vram_gb': 13.5539}
{'step': 550, 'tokens': 144179200, 'lm_loss': 4.5427, 'aux_loss': 1.9897, 'z_loss': 0.0051, 'grad_norm': 0.6172, 'lr': 0.0004, 'tokens_per_sec': 265824.7829, 'mfu': 0.0824, 'expert_load_cv': 0.1834, 'min_expert_frac': 0.0118, 'dead_experts': 0, 'peak_vram_gb': 13.5539}
{'step': 560, 'tokens': 146800640, 'lm_loss': 4.4857, 'aux_loss': 1.9846, 'z_loss': 0.005, 'grad_norm': 0.7656, 'lr': 0.0004, 'tokens_per_sec': 265815.135, 'mfu': 0.0824, 'expert_load_cv': 0.1839, 'min_expert_frac': 0.0118, 'dead_experts': 0, 'peak_vram_gb': 13.5539}
{'step': 570, 'tokens': 149422080, 'lm_loss': 4.4904, 'aux_loss': 1.9823, 'z_loss': 0.005, 'grad_norm': 0.832, 'lr': 0.0004, 'tokens_per_sec': 265848.5012, 'mfu': 0.0824, 'expert_load_cv': 0.1876, 'min_expert_frac': 0.0112, 'dead_experts': 0, 'peak_vram_gb': 13.5539}
{'step': 580, 'tokens': 152043520, 'lm_loss': 4.468, 'aux_loss': 1.9901, 'z_loss': 0.0049, 'grad_norm': 0.625, 'lr': 0.0004, 'tokens_per_sec': 265870.4535, 'mfu': 0.0824, 'expert_load_cv': 0.1888, 'min_expert_frac': 0.0115, 'dead_experts': 0, 'peak_vram_gb': 13.5539}
{'step': 590, 'tokens': 154664960, 'lm_loss': 4.4749, 'aux_loss': 1.9859, 'z_loss': 0.0049, 'grad_norm': 0.6484, 'lr': 0.0004, 'tokens_per_sec': 265874.094, 'mfu': 0.0824, 'expert_load_cv': 0.1887, 'min_expert_frac': 0.0113, 'dead_experts': 0, 'peak_vram_gb': 13.5539}
{'step': 600, 'tokens': 157286400, 'lm_loss': 4.466, 'aux_loss': 1.9861, 'z_loss': 0.0049, 'grad_norm': 0.8984, 'lr': 0.0004, 'tokens_per_sec': 265870.5314, 'mfu': 0.0824, 'expert_load_cv': 0.1904, 'min_expert_frac': 0.0117, 'dead_experts': 0, 'peak_vram_gb': 13.5539}
{'step': 610, 'tokens': 159907840, 'lm_loss': 4.4995, 'aux_loss': 1.9837, 'z_loss': 0.0049, 'grad_norm': 0.6211, 'lr': 0.0004, 'tokens_per_sec': 265871.5284, 'mfu': 0.0824, 'expert_load_cv': 0.186, 'min_expert_frac': 0.0115, 'dead_experts': 0, 'peak_vram_gb': 13.5539}
{'step': 620, 'tokens': 162529280, 'lm_loss': 4.4694, 'aux_loss': 1.9796, 'z_loss': 0.0049, 'grad_norm': 0.6602, 'lr': 0.0004, 'tokens_per_sec': 265863.9181, 'mfu': 0.0824, 'expert_load_cv': 0.1843, 'min_expert_frac': 0.0115, 'dead_experts': 0, 'peak_vram_gb': 13.5539}
{'step': 630, 'tokens': 165150720, 'lm_loss': 4.3859, 'aux_loss': 1.9838, 'z_loss': 0.0048, 'grad_norm': 0.6211, 'lr': 0.0004, 'tokens_per_sec': 265857.3524, 'mfu': 0.0824, 'expert_load_cv': 0.1853, 'min_expert_frac': 0.011, 'dead_experts': 0, 'peak_vram_gb': 13.5539}
{'step': 640, 'tokens': 167772160, 'lm_loss': 4.4013, 'aux_loss': 1.9838, 'z_loss': 0.0048, 'grad_norm': 0.6758, 'lr': 0.0004, 'tokens_per_sec': 265854.7865, 'mfu': 0.0824, 'expert_load_cv': 0.1881, 'min_expert_frac': 0.011, 'dead_experts': 0, 'peak_vram_gb': 13.5539}
{'step': 650, 'tokens': 170393600, 'lm_loss': 4.3927, 'aux_loss': 1.9907, 'z_loss': 0.0048, 'grad_norm': 0.5938, 'lr': 0.0004, 'tokens_per_sec': 265852.087, 'mfu': 0.0824, 'expert_load_cv': 0.1874, 'min_expert_frac': 0.0113, 'dead_experts': 0, 'peak_vram_gb': 13.5539}
{'step': 660, 'tokens': 173015040, 'lm_loss': 4.4194, 'aux_loss': 1.9771, 'z_loss': 0.0048, 'grad_norm': 0.6172, 'lr': 0.0004, 'tokens_per_sec': 265866.6489, 'mfu': 0.0824, 'expert_load_cv': 0.1847, 'min_expert_frac': 0.0111, 'dead_experts': 0, 'peak_vram_gb': 13.5539}
{'step': 670, 'tokens': 175636480, 'lm_loss': 4.3528, 'aux_loss': 1.9754, 'z_loss': 0.0047, 'grad_norm': 0.5625, 'lr': 0.0004, 'tokens_per_sec': 265889.6222, 'mfu': 0.0824, 'expert_load_cv': 0.1847, 'min_expert_frac': 0.011, 'dead_experts': 0, 'peak_vram_gb': 13.5539}
{'step': 680, 'tokens': 178257920, 'lm_loss': 4.3874, 'aux_loss': 1.976, 'z_loss': 0.0047, 'grad_norm': 0.5352, 'lr': 0.0004, 'tokens_per_sec': 265901.7171, 'mfu': 0.0824, 'expert_load_cv': 0.1887, 'min_expert_frac': 0.0111, 'dead_experts': 0, 'peak_vram_gb': 13.5539}
{'step': 690, 'tokens': 180879360, 'lm_loss': 4.4013, 'aux_loss': 1.9981, 'z_loss': 0.0046, 'grad_norm': 0.9219, 'lr': 0.0004, 'tokens_per_sec': 265918.2106, 'mfu': 0.0824, 'expert_load_cv': 0.1857, 'min_expert_frac': 0.011, 'dead_experts': 0, 'peak_vram_gb': 13.5539}
{'step': 700, 'tokens': 183500800, 'lm_loss': 4.349, 'aux_loss': 1.9794, 'z_loss': 0.0046, 'grad_norm': 0.6602, 'lr': 0.0004, 'tokens_per_sec': 265930.5713, 'mfu': 0.0824, 'expert_load_cv': 0.183, 'min_expert_frac': 0.0113, 'dead_experts': 0, 'peak_vram_gb': 13.5539}
{'step': 710, 'tokens': 186122240, 'lm_loss': 4.3207, 'aux_loss': 1.9778, 'z_loss': 0.0046, 'grad_norm': 0.6406, 'lr': 0.0004, 'tokens_per_sec': 265945.1054, 'mfu': 0.0824, 'expert_load_cv': 0.1885, 'min_expert_frac': 0.0111, 'dead_experts': 0, 'peak_vram_gb': 13.5539}
{'step': 720, 'tokens': 188743680, 'lm_loss': 4.3724, 'aux_loss': 1.9778, 'z_loss': 0.0047, 'grad_norm': 0.5195, 'lr': 0.0004, 'tokens_per_sec': 265954.695, 'mfu': 0.0824, 'expert_load_cv': 0.1918, 'min_expert_frac': 0.0115, 'dead_experts': 0, 'peak_vram_gb': 13.5539}
{'step': 730, 'tokens': 191365120, 'lm_loss': 4.3654, 'aux_loss': 1.9731, 'z_loss': 0.0046, 'grad_norm': 0.625, 'lr': 0.0004, 'tokens_per_sec': 265951.3417, 'mfu': 0.0824, 'expert_load_cv': 0.1881, 'min_expert_frac': 0.0111, 'dead_experts': 0, 'peak_vram_gb': 13.5539}
{'step': 740, 'tokens': 193986560, 'lm_loss': 4.3233, 'aux_loss': 1.9851, 'z_loss': 0.0045, 'grad_norm': 0.8398, 'lr': 0.0004, 'tokens_per_sec': 265937.9485, 'mfu': 0.0824, 'expert_load_cv': 0.1875, 'min_expert_frac': 0.0109, 'dead_experts': 0, 'peak_vram_gb': 13.5539}
{'step': 750, 'tokens': 196608000, 'lm_loss': 4.3013, 'aux_loss': 1.9769, 'z_loss': 0.0045, 'grad_norm': 0.6445, 'lr': 0.0004, 'tokens_per_sec': 265935.5529, 'mfu': 0.0824, 'expert_load_cv': 0.185, 'min_expert_frac': 0.0114, 'dead_experts': 0, 'peak_vram_gb': 13.5539}
{'step': 760, 'tokens': 199229440, 'lm_loss': 4.2527, 'aux_loss': 1.9702, 'z_loss': 0.0045, 'grad_norm': 0.5703, 'lr': 0.0004, 'tokens_per_sec': 265946.9687, 'mfu': 0.0824, 'expert_load_cv': 0.1865, 'min_expert_frac': 0.0111, 'dead_experts': 0, 'peak_vram_gb': 13.5539}
{'step': 770, 'tokens': 201850880, 'lm_loss': 4.3213, 'aux_loss': 1.972, 'z_loss': 0.0044, 'grad_norm': 0.5586, 'lr': 0.0004, 'tokens_per_sec': 265938.3471, 'mfu': 0.0824, 'expert_load_cv': 0.1906, 'min_expert_frac': 0.011, 'dead_experts': 0, 'peak_vram_gb': 13.5539}
{'step': 780, 'tokens': 204472320, 'lm_loss': 4.329, 'aux_loss': 1.9814, 'z_loss': 0.0045, 'grad_norm': 0.7734, 'lr': 0.0004, 'tokens_per_sec': 265931.3526, 'mfu': 0.0824, 'expert_load_cv': 0.1831, 'min_expert_frac': 0.0117, 'dead_experts': 0, 'peak_vram_gb': 13.5539}
{'step': 790, 'tokens': 207093760, 'lm_loss': 4.288, 'aux_loss': 1.979, 'z_loss': 0.0044, 'grad_norm': 0.5898, 'lr': 0.0004, 'tokens_per_sec': 265940.8841, 'mfu': 0.0824, 'expert_load_cv': 0.1888, 'min_expert_frac': 0.0116, 'dead_experts': 0, 'peak_vram_gb': 13.5539}
{'step': 800, 'tokens': 209715200, 'lm_loss': 4.3282, 'aux_loss': 1.9758, 'z_loss': 0.0045, 'grad_norm': 0.5781, 'lr': 0.0004, 'tokens_per_sec': 265942.1078, 'mfu': 0.0824, 'expert_load_cv': 0.188, 'min_expert_frac': 0.0117, 'dead_experts': 0, 'peak_vram_gb': 13.5539}
{'step': 810, 'tokens': 212336640, 'lm_loss': 4.2627, 'aux_loss': 1.976, 'z_loss': 0.0044, 'grad_norm': 0.582, 'lr': 0.0004, 'tokens_per_sec': 265940.7866, 'mfu': 0.0824, 'expert_load_cv': 0.1867, 'min_expert_frac': 0.0114, 'dead_experts': 0, 'peak_vram_gb': 13.5539}
{'step': 820, 'tokens': 214958080, 'lm_loss': 4.2042, 'aux_loss': 1.9804, 'z_loss': 0.0044, 'grad_norm': 0.5625, 'lr': 0.0004, 'tokens_per_sec': 265937.5787, 'mfu': 0.0824, 'expert_load_cv': 0.1866, 'min_expert_frac': 0.0113, 'dead_experts': 0, 'peak_vram_gb': 13.5539}
{'step': 830, 'tokens': 217579520, 'lm_loss': 4.2355, 'aux_loss': 1.9678, 'z_loss': 0.0044, 'grad_norm': 0.5195, 'lr': 0.0004, 'tokens_per_sec': 265931.6462, 'mfu': 0.0824, 'expert_load_cv': 0.1876, 'min_expert_frac': 0.0112, 'dead_experts': 0, 'peak_vram_gb': 13.5539}
{'step': 840, 'tokens': 220200960, 'lm_loss': 4.2283, 'aux_loss': 1.9776, 'z_loss': 0.0043, 'grad_norm': 0.6094, 'lr': 0.0004, 'tokens_per_sec': 265946.7013, 'mfu': 0.0824, 'expert_load_cv': 0.1834, 'min_expert_frac': 0.0112, 'dead_experts': 0, 'peak_vram_gb': 13.5539}
{'step': 850, 'tokens': 222822400, 'lm_loss': 4.304, 'aux_loss': 1.9828, 'z_loss': 0.0043, 'grad_norm': 0.5859, 'lr': 0.0004, 'tokens_per_sec': 265957.6186, 'mfu': 0.0824, 'expert_load_cv': 0.1851, 'min_expert_frac': 0.0119, 'dead_experts': 0, 'peak_vram_gb': 13.5539}
{'step': 860, 'tokens': 225443840, 'lm_loss': 4.2831, 'aux_loss': 1.9673, 'z_loss': 0.0043, 'grad_norm': 0.7461, 'lr': 0.0004, 'tokens_per_sec': 265957.65, 'mfu': 0.0824, 'expert_load_cv': 0.1848, 'min_expert_frac': 0.0115, 'dead_experts': 0, 'peak_vram_gb': 13.5539}
{'step': 870, 'tokens': 228065280, 'lm_loss': 4.258, 'aux_loss': 1.9736, 'z_loss': 0.0043, 'grad_norm': 0.5547, 'lr': 0.0004, 'tokens_per_sec': 265961.4478, 'mfu': 0.0824, 'expert_load_cv': 0.1835, 'min_expert_frac': 0.0113, 'dead_experts': 0, 'peak_vram_gb': 13.5539}
{'step': 880, 'tokens': 230686720, 'lm_loss': 4.205, 'aux_loss': 1.9752, 'z_loss': 0.0042, 'grad_norm': 0.5195, 'lr': 0.0004, 'tokens_per_sec': 265962.3691, 'mfu': 0.0824, 'expert_load_cv': 0.1835, 'min_expert_frac': 0.0119, 'dead_experts': 0, 'peak_vram_gb': 13.5539}
{'step': 890, 'tokens': 233308160, 'lm_loss': 4.1832, 'aux_loss': 1.9806, 'z_loss': 0.0042, 'grad_norm': 0.6133, 'lr': 0.0004, 'tokens_per_sec': 265968.9215, 'mfu': 0.0824, 'expert_load_cv': 0.1831, 'min_expert_frac': 0.0116, 'dead_experts': 0, 'peak_vram_gb': 13.5539}
{'step': 900, 'tokens': 235929600, 'lm_loss': 4.2105, 'aux_loss': 1.9743, 'z_loss': 0.0042, 'grad_norm': 0.4961, 'lr': 0.0004, 'tokens_per_sec': 265966.7906, 'mfu': 0.0824, 'expert_load_cv': 0.1876, 'min_expert_frac': 0.0116, 'dead_experts': 0, 'peak_vram_gb': 13.5539}
{'step': 910, 'tokens': 238551040, 'lm_loss': 4.1619, 'aux_loss': 1.9683, 'z_loss': 0.0042, 'grad_norm': 0.5352, 'lr': 0.0004, 'tokens_per_sec': 265973.7337, 'mfu': 0.0824, 'expert_load_cv': 0.1868, 'min_expert_frac': 0.0113, 'dead_experts': 0, 'peak_vram_gb': 13.5539}
{'step': 920, 'tokens': 241172480, 'lm_loss': 4.1631, 'aux_loss': 1.9839, 'z_loss': 0.0043, 'grad_norm': 0.5273, 'lr': 0.0004, 'tokens_per_sec': 265978.8567, 'mfu': 0.0824, 'expert_load_cv': 0.1841, 'min_expert_frac': 0.0118, 'dead_experts': 0, 'peak_vram_gb': 13.5539}
{'step': 930, 'tokens': 243793920, 'lm_loss': 4.1599, 'aux_loss': 1.973, 'z_loss': 0.0042, 'grad_norm': 0.625, 'lr': 0.0004, 'tokens_per_sec': 265977.8408, 'mfu': 0.0824, 'expert_load_cv': 0.1817, 'min_expert_frac': 0.0115, 'dead_experts': 0, 'peak_vram_gb': 13.5539}
{'step': 940, 'tokens': 246415360, 'lm_loss': 4.1942, 'aux_loss': 1.979, 'z_loss': 0.0042, 'grad_norm': 0.6758, 'lr': 0.0003, 'tokens_per_sec': 265982.771, 'mfu': 0.0824, 'expert_load_cv': 0.1862, 'min_expert_frac': 0.0116, 'dead_experts': 0, 'peak_vram_gb': 13.5539}
{'step': 950, 'tokens': 249036800, 'lm_loss': 4.143, 'aux_loss': 1.9764, 'z_loss': 0.0042, 'grad_norm': 0.7305, 'lr': 0.0003, 'tokens_per_sec': 265990.5471, 'mfu': 0.0824, 'expert_load_cv': 0.1839, 'min_expert_frac': 0.0119, 'dead_experts': 0, 'peak_vram_gb': 13.5539}
Writing model shards:   0%|          | 0/1 [00:00<?, ?it/s]Writing model shards: 100%|██████████| 1/1 [00:00<00:00,  1.44it/s]Writing model shards: 100%|██████████| 1/1 [00:00<00:00,  1.44it/s]
  saved runs/seedvar_E64_s0/step953
{'step': 960, 'tokens': 251658240, 'lm_loss': 4.1212, 'aux_loss': 1.9756, 'z_loss': 0.004, 'grad_norm': 0.5195, 'lr': 0.0003, 'tokens_per_sec': 265779.8926, 'mfu': 0.0823, 'expert_load_cv': 0.1804, 'min_expert_frac': 0.0116, 'dead_experts': 0, 'peak_vram_gb': 13.5539}
{'step': 970, 'tokens': 254279680, 'lm_loss': 4.1508, 'aux_loss': 1.9675, 'z_loss': 0.0041, 'grad_norm': 0.5195, 'lr': 0.0003, 'tokens_per_sec': 265767.2346, 'mfu': 0.0823, 'expert_load_cv': 0.1854, 'min_expert_frac': 0.0117, 'dead_experts': 0, 'peak_vram_gb': 13.5539}
{'step': 980, 'tokens': 256901120, 'lm_loss': 4.1208, 'aux_loss': 1.971, 'z_loss': 0.004, 'grad_norm': 0.7383, 'lr': 0.0003, 'tokens_per_sec': 265765.2204, 'mfu': 0.0823, 'expert_load_cv': 0.1812, 'min_expert_frac': 0.0112, 'dead_experts': 0, 'peak_vram_gb': 13.5539}
{'step': 990, 'tokens': 259522560, 'lm_loss': 4.1006, 'aux_loss': 1.9667, 'z_loss': 0.004, 'grad_norm': 0.543, 'lr': 0.0003, 'tokens_per_sec': 265763.5633, 'mfu': 0.0823, 'expert_load_cv': 0.1838, 'min_expert_frac': 0.0117, 'dead_experts': 0, 'peak_vram_gb': 13.5539}
{'step': 1000, 'tokens': 262144000, 'lm_loss': 4.0803, 'aux_loss': 1.9642, 'z_loss': 0.004, 'grad_norm': 0.4531, 'lr': 0.0003, 'tokens_per_sec': 265764.9497, 'mfu': 0.0823, 'expert_load_cv': 0.1844, 'min_expert_frac': 0.0118, 'dead_experts': 0, 'peak_vram_gb': 13.5539}
{'step': 1010, 'tokens': 264765440, 'lm_loss': 4.0989, 'aux_loss': 1.9669, 'z_loss': 0.004, 'grad_norm': 0.6328, 'lr': 0.0003, 'tokens_per_sec': 265769.7117, 'mfu': 0.0823, 'expert_load_cv': 0.1857, 'min_expert_frac': 0.0118, 'dead_experts': 0, 'peak_vram_gb': 13.5539}
{'step': 1020, 'tokens': 267386880, 'lm_loss': 4.093, 'aux_loss': 1.9657, 'z_loss': 0.004, 'grad_norm': 0.5938, 'lr': 0.0003, 'tokens_per_sec': 265775.1171, 'mfu': 0.0823, 'expert_load_cv': 0.1796, 'min_expert_frac': 0.012, 'dead_experts': 0, 'peak_vram_gb': 13.5539}
{'step': 1030, 'tokens': 270008320, 'lm_loss': 4.0943, 'aux_loss': 1.9661, 'z_loss': 0.0039, 'grad_norm': 0.5938, 'lr': 0.0003, 'tokens_per_sec': 265771.212, 'mfu': 0.0823, 'expert_load_cv': 0.1818, 'min_expert_frac': 0.012, 'dead_experts': 0, 'peak_vram_gb': 13.5539}
{'step': 1040, 'tokens': 272629760, 'lm_loss': 4.0808, 'aux_loss': 1.9733, 'z_loss': 0.0038, 'grad_norm': 0.7148, 'lr': 0.0003, 'tokens_per_sec': 265767.8694, 'mfu': 0.0823, 'expert_load_cv': 0.1828, 'min_expert_frac': 0.0116, 'dead_experts': 0, 'peak_vram_gb': 13.5539}
{'step': 1050, 'tokens': 275251200, 'lm_loss': 4.1178, 'aux_loss': 1.9799, 'z_loss': 0.004, 'grad_norm': 0.4785, 'lr': 0.0003, 'tokens_per_sec': 265767.3738, 'mfu': 0.0823, 'expert_load_cv': 0.1846, 'min_expert_frac': 0.0117, 'dead_experts': 0, 'peak_vram_gb': 13.5539}
{'step': 1060, 'tokens': 277872640, 'lm_loss': 4.0231, 'aux_loss': 1.9739, 'z_loss': 0.0039, 'grad_norm': 0.4766, 'lr': 0.0003, 'tokens_per_sec': 265766.3381, 'mfu': 0.0823, 'expert_load_cv': 0.1815, 'min_expert_frac': 0.0116, 'dead_experts': 0, 'peak_vram_gb': 13.5539}
{'step': 1070, 'tokens': 280494080, 'lm_loss': 4.0725, 'aux_loss': 1.9727, 'z_loss': 0.0038, 'grad_norm': 0.4414, 'lr': 0.0003, 'tokens_per_sec': 265766.5775, 'mfu': 0.0823, 'expert_load_cv': 0.1809, 'min_expert_frac': 0.0115, 'dead_experts': 0, 'peak_vram_gb': 13.5539}
{'step': 1080, 'tokens': 283115520, 'lm_loss': 4.0137, 'aux_loss': 1.9782, 'z_loss': 0.0039, 'grad_norm': 0.5859, 'lr': 0.0003, 'tokens_per_sec': 265785.6733, 'mfu': 0.0823, 'expert_load_cv': 0.1788, 'min_expert_frac': 0.0122, 'dead_experts': 0, 'peak_vram_gb': 13.5539}
{'step': 1090, 'tokens': 285736960, 'lm_loss': 4.082, 'aux_loss': 1.9653, 'z_loss': 0.0038, 'grad_norm': 0.5742, 'lr': 0.0003, 'tokens_per_sec': 265793.1123, 'mfu': 0.0823, 'expert_load_cv': 0.1815, 'min_expert_frac': 0.0116, 'dead_experts': 0, 'peak_vram_gb': 13.5539}
{'step': 1100, 'tokens': 288358400, 'lm_loss': 4.0469, 'aux_loss': 1.9735, 'z_loss': 0.0039, 'grad_norm': 0.5156, 'lr': 0.0003, 'tokens_per_sec': 265783.8644, 'mfu': 0.0823, 'expert_load_cv': 0.1815, 'min_expert_frac': 0.0116, 'dead_experts': 0, 'peak_vram_gb': 13.5539}
{'step': 1110, 'tokens': 290979840, 'lm_loss': 4.047, 'aux_loss': 1.9783, 'z_loss': 0.0039, 'grad_norm': 0.6641, 'lr': 0.0003, 'tokens_per_sec': 265778.3587, 'mfu': 0.0823, 'expert_load_cv': 0.1785, 'min_expert_frac': 0.0117, 'dead_experts': 0, 'peak_vram_gb': 13.5539}
{'step': 1120, 'tokens': 293601280, 'lm_loss': 4.0147, 'aux_loss': 1.9688, 'z_loss': 0.0038, 'grad_norm': 0.5742, 'lr': 0.0003, 'tokens_per_sec': 265766.5516, 'mfu': 0.0823, 'expert_load_cv': 0.1803, 'min_expert_frac': 0.012, 'dead_experts': 0, 'peak_vram_gb': 13.5539}
{'step': 1130, 'tokens': 296222720, 'lm_loss': 3.9741, 'aux_loss': 1.9666, 'z_loss': 0.0039, 'grad_norm': 0.5469, 'lr': 0.0003, 'tokens_per_sec': 265760.1523, 'mfu': 0.0823, 'expert_load_cv': 0.1818, 'min_expert_frac': 0.0116, 'dead_experts': 0, 'peak_vram_gb': 13.5539}
{'step': 1140, 'tokens': 298844160, 'lm_loss': 4.0085, 'aux_loss': 1.9773, 'z_loss': 0.0037, 'grad_norm': 0.4512, 'lr': 0.0003, 'tokens_per_sec': 265759.1075, 'mfu': 0.0823, 'expert_load_cv': 0.1778, 'min_expert_frac': 0.0115, 'dead_experts': 0, 'peak_vram_gb': 13.5539}
{'step': 1150, 'tokens': 301465600, 'lm_loss': 3.9854, 'aux_loss': 1.9654, 'z_loss': 0.0037, 'grad_norm': 0.6016, 'lr': 0.0003, 'tokens_per_sec': 265765.6941, 'mfu': 0.0823, 'expert_load_cv': 0.1816, 'min_expert_frac': 0.0117, 'dead_experts': 0, 'peak_vram_gb': 13.5539}
{'step': 1160, 'tokens': 304087040, 'lm_loss': 4.017, 'aux_loss': 1.9735, 'z_loss': 0.0037, 'grad_norm': 0.582, 'lr': 0.0003, 'tokens_per_sec': 265762.6863, 'mfu': 0.0823, 'expert_load_cv': 0.1796, 'min_expert_frac': 0.0118, 'dead_experts': 0, 'peak_vram_gb': 13.5539}
{'step': 1170, 'tokens': 306708480, 'lm_loss': 4.0178, 'aux_loss': 1.9708, 'z_loss': 0.0037, 'grad_norm': 0.5703, 'lr': 0.0003, 'tokens_per_sec': 265764.8379, 'mfu': 0.0823, 'expert_load_cv': 0.1787, 'min_expert_frac': 0.0114, 'dead_experts': 0, 'peak_vram_gb': 13.5539}
{'step': 1180, 'tokens': 309329920, 'lm_loss': 3.9959, 'aux_loss': 1.9825, 'z_loss': 0.0038, 'grad_norm': 0.5312, 'lr': 0.0003, 'tokens_per_sec': 265752.7734, 'mfu': 0.0823, 'expert_load_cv': 0.182, 'min_expert_frac': 0.0112, 'dead_experts': 0, 'peak_vram_gb': 13.5539}
{'step': 1190, 'tokens': 311951360, 'lm_loss': 3.9791, 'aux_loss': 1.9722, 'z_loss': 0.0037, 'grad_norm': 0.5391, 'lr': 0.0003, 'tokens_per_sec': 265748.5952, 'mfu': 0.0823, 'expert_load_cv': 0.1774, 'min_expert_frac': 0.0116, 'dead_experts': 0, 'peak_vram_gb': 13.5539}
{'step': 1200, 'tokens': 314572800, 'lm_loss': 3.9712, 'aux_loss': 1.9733, 'z_loss': 0.0037, 'grad_norm': 0.5703, 'lr': 0.0003, 'tokens_per_sec': 265740.0178, 'mfu': 0.0823, 'expert_load_cv': 0.1756, 'min_expert_frac': 0.012, 'dead_experts': 0, 'peak_vram_gb': 13.5539}
{'step': 1210, 'tokens': 317194240, 'lm_loss': 3.9867, 'aux_loss': 1.966, 'z_loss': 0.0036, 'grad_norm': 0.582, 'lr': 0.0003, 'tokens_per_sec': 265741.7772, 'mfu': 0.0823, 'expert_load_cv': 0.18, 'min_expert_frac': 0.0118, 'dead_experts': 0, 'peak_vram_gb': 13.5539}
{'step': 1220, 'tokens': 319815680, 'lm_loss': 3.9334, 'aux_loss': 1.9764, 'z_loss': 0.0036, 'grad_norm': 0.5156, 'lr': 0.0003, 'tokens_per_sec': 265739.7707, 'mfu': 0.0823, 'expert_load_cv': 0.1784, 'min_expert_frac': 0.0117, 'dead_experts': 0, 'peak_vram_gb': 13.5539}
{'step': 1230, 'tokens': 322437120, 'lm_loss': 3.9665, 'aux_loss': 1.9695, 'z_loss': 0.0036, 'grad_norm': 0.4668, 'lr': 0.0003, 'tokens_per_sec': 265734.514, 'mfu': 0.0823, 'expert_load_cv': 0.1771, 'min_expert_frac': 0.0116, 'dead_experts': 0, 'peak_vram_gb': 13.5539}
{'step': 1240, 'tokens': 325058560, 'lm_loss': 3.9704, 'aux_loss': 1.9668, 'z_loss': 0.0036, 'grad_norm': 0.5312, 'lr': 0.0003, 'tokens_per_sec': 265738.2721, 'mfu': 0.0823, 'expert_load_cv': 0.1785, 'min_expert_frac': 0.0121, 'dead_experts': 0, 'peak_vram_gb': 13.5539}
{'step': 1250, 'tokens': 327680000, 'lm_loss': 3.9354, 'aux_loss': 1.9747, 'z_loss': 0.0037, 'grad_norm': 0.5039, 'lr': 0.0003, 'tokens_per_sec': 265739.5251, 'mfu': 0.0823, 'expert_load_cv': 0.1753, 'min_expert_frac': 0.0116, 'dead_experts': 0, 'peak_vram_gb': 13.5539}
{'step': 1260, 'tokens': 330301440, 'lm_loss': 3.9242, 'aux_loss': 1.978, 'z_loss': 0.0036, 'grad_norm': 0.5625, 'lr': 0.0003, 'tokens_per_sec': 265742.6792, 'mfu': 0.0823, 'expert_load_cv': 0.1769, 'min_expert_frac': 0.0119, 'dead_experts': 0, 'peak_vram_gb': 13.5539}
{'step': 1270, 'tokens': 332922880, 'lm_loss': 3.9631, 'aux_loss': 1.9728, 'z_loss': 0.0036, 'grad_norm': 0.6602, 'lr': 0.0003, 'tokens_per_sec': 265754.2241, 'mfu': 0.0823, 'expert_load_cv': 0.1763, 'min_expert_frac': 0.0117, 'dead_experts': 0, 'peak_vram_gb': 13.5539}
{'step': 1280, 'tokens': 335544320, 'lm_loss': 3.8729, 'aux_loss': 1.9759, 'z_loss': 0.0036, 'grad_norm': 0.5898, 'lr': 0.0003, 'tokens_per_sec': 265749.8641, 'mfu': 0.0823, 'expert_load_cv': 0.1758, 'min_expert_frac': 0.0121, 'dead_experts': 0, 'peak_vram_gb': 13.5539}
{'step': 1290, 'tokens': 338165760, 'lm_loss': 3.9132, 'aux_loss': 1.9706, 'z_loss': 0.0035, 'grad_norm': 0.5898, 'lr': 0.0003, 'tokens_per_sec': 265746.178, 'mfu': 0.0823, 'expert_load_cv': 0.1746, 'min_expert_frac': 0.0121, 'dead_experts': 0, 'peak_vram_gb': 13.5539}
{'step': 1300, 'tokens': 340787200, 'lm_loss': 3.9478, 'aux_loss': 1.9736, 'z_loss': 0.0035, 'grad_norm': 0.5664, 'lr': 0.0003, 'tokens_per_sec': 265741.5114, 'mfu': 0.0823, 'expert_load_cv': 0.1755, 'min_expert_frac': 0.0118, 'dead_experts': 0, 'peak_vram_gb': 13.5539}
{'step': 1310, 'tokens': 343408640, 'lm_loss': 3.8649, 'aux_loss': 1.9724, 'z_loss': 0.0035, 'grad_norm': 0.4785, 'lr': 0.0003, 'tokens_per_sec': 265737.7843, 'mfu': 0.0823, 'expert_load_cv': 0.1772, 'min_expert_frac': 0.0119, 'dead_experts': 0, 'peak_vram_gb': 13.5539}
{'step': 1320, 'tokens': 346030080, 'lm_loss': 3.8859, 'aux_loss': 1.9729, 'z_loss': 0.0035, 'grad_norm': 0.5625, 'lr': 0.0003, 'tokens_per_sec': 265741.2176, 'mfu': 0.0823, 'expert_load_cv': 0.1764, 'min_expert_frac': 0.012, 'dead_experts': 0, 'peak_vram_gb': 13.5539}
{'step': 1330, 'tokens': 348651520, 'lm_loss': 3.8889, 'aux_loss': 1.9859, 'z_loss': 0.0035, 'grad_norm': 0.5586, 'lr': 0.0003, 'tokens_per_sec': 265741.1693, 'mfu': 0.0823, 'expert_load_cv': 0.1757, 'min_expert_frac': 0.0122, 'dead_experts': 0, 'peak_vram_gb': 13.5539}
{'step': 1340, 'tokens': 351272960, 'lm_loss': 3.8822, 'aux_loss': 1.9733, 'z_loss': 0.0034, 'grad_norm': 0.5586, 'lr': 0.0003, 'tokens_per_sec': 265744.0125, 'mfu': 0.0823, 'expert_load_cv': 0.1759, 'min_expert_frac': 0.0119, 'dead_experts': 0, 'peak_vram_gb': 13.5539}
{'step': 1350, 'tokens': 353894400, 'lm_loss': 3.8594, 'aux_loss': 1.9801, 'z_loss': 0.0035, 'grad_norm': 0.4961, 'lr': 0.0003, 'tokens_per_sec': 265758.9973, 'mfu': 0.0823, 'expert_load_cv': 0.1762, 'min_expert_frac': 0.0117, 'dead_experts': 0, 'peak_vram_gb': 13.5539}
{'step': 1360, 'tokens': 356515840, 'lm_loss': 3.9134, 'aux_loss': 1.9738, 'z_loss': 0.0035, 'grad_norm': 0.4531, 'lr': 0.0003, 'tokens_per_sec': 265750.9882, 'mfu': 0.0823, 'expert_load_cv': 0.1766, 'min_expert_frac': 0.0116, 'dead_experts': 0, 'peak_vram_gb': 13.5539}
{'step': 1370, 'tokens': 359137280, 'lm_loss': 3.889, 'aux_loss': 1.9712, 'z_loss': 0.0035, 'grad_norm': 0.5469, 'lr': 0.0003, 'tokens_per_sec': 265756.969, 'mfu': 0.0823, 'expert_load_cv': 0.1744, 'min_expert_frac': 0.0115, 'dead_experts': 0, 'peak_vram_gb': 13.5539}
{'step': 1380, 'tokens': 361758720, 'lm_loss': 3.8884, 'aux_loss': 1.9675, 'z_loss': 0.0035, 'grad_norm': 0.5273, 'lr': 0.0003, 'tokens_per_sec': 265751.8692, 'mfu': 0.0823, 'expert_load_cv': 0.1764, 'min_expert_frac': 0.0118, 'dead_experts': 0, 'peak_vram_gb': 13.5539}
{'step': 1390, 'tokens': 364380160, 'lm_loss': 3.9028, 'aux_loss': 1.9733, 'z_loss': 0.0034, 'grad_norm': 0.6641, 'lr': 0.0003, 'tokens_per_sec': 265769.7699, 'mfu': 0.0823, 'expert_load_cv': 0.1736, 'min_expert_frac': 0.0119, 'dead_experts': 0, 'peak_vram_gb': 13.5539}
{'step': 1400, 'tokens': 367001600, 'lm_loss': 3.9299, 'aux_loss': 1.9752, 'z_loss': 0.0034, 'grad_norm': 0.5742, 'lr': 0.0003, 'tokens_per_sec': 265771.362, 'mfu': 0.0823, 'expert_load_cv': 0.1731, 'min_expert_frac': 0.0121, 'dead_experts': 0, 'peak_vram_gb': 13.5539}
{'step': 1410, 'tokens': 369623040, 'lm_loss': 3.8089, 'aux_loss': 1.9827, 'z_loss': 0.0034, 'grad_norm': 0.5859, 'lr': 0.0003, 'tokens_per_sec': 265774.8272, 'mfu': 0.0823, 'expert_load_cv': 0.1757, 'min_expert_frac': 0.0118, 'dead_experts': 0, 'peak_vram_gb': 13.5539}
{'step': 1420, 'tokens': 372244480, 'lm_loss': 3.8228, 'aux_loss': 1.976, 'z_loss': 0.0034, 'grad_norm': 0.5312, 'lr': 0.0003, 'tokens_per_sec': 265765.4543, 'mfu': 0.0823, 'expert_load_cv': 0.1764, 'min_expert_frac': 0.0117, 'dead_experts': 0, 'peak_vram_gb': 13.5539}
{'step': 1430, 'tokens': 374865920, 'lm_loss': 3.8183, 'aux_loss': 1.9722, 'z_loss': 0.0034, 'grad_norm': 0.5508, 'lr': 0.0003, 'tokens_per_sec': 265770.1468, 'mfu': 0.0823, 'expert_load_cv': 0.1745, 'min_expert_frac': 0.0122, 'dead_experts': 0, 'peak_vram_gb': 13.5539}
{'step': 1440, 'tokens': 377487360, 'lm_loss': 3.8439, 'aux_loss': 1.979, 'z_loss': 0.0034, 'grad_norm': 0.5664, 'lr': 0.0003, 'tokens_per_sec': 265759.7885, 'mfu': 0.0823, 'expert_load_cv': 0.1718, 'min_expert_frac': 0.012, 'dead_experts': 0, 'peak_vram_gb': 13.5539}
{'step': 1450, 'tokens': 380108800, 'lm_loss': 3.8686, 'aux_loss': 1.967, 'z_loss': 0.0033, 'grad_norm': 0.5117, 'lr': 0.0003, 'tokens_per_sec': 265757.5371, 'mfu': 0.0823, 'expert_load_cv': 0.1741, 'min_expert_frac': 0.0118, 'dead_experts': 0, 'peak_vram_gb': 13.5539}
{'step': 1460, 'tokens': 382730240, 'lm_loss': 3.8386, 'aux_loss': 1.9765, 'z_loss': 0.0033, 'grad_norm': 0.5078, 'lr': 0.0003, 'tokens_per_sec': 265757.3057, 'mfu': 0.0823, 'expert_load_cv': 0.1742, 'min_expert_frac': 0.0117, 'dead_experts': 0, 'peak_vram_gb': 13.5539}
{'step': 1470, 'tokens': 385351680, 'lm_loss': 3.8067, 'aux_loss': 1.976, 'z_loss': 0.0033, 'grad_norm': 0.5039, 'lr': 0.0003, 'tokens_per_sec': 265755.4031, 'mfu': 0.0823, 'expert_load_cv': 0.1747, 'min_expert_frac': 0.0121, 'dead_experts': 0, 'peak_vram_gb': 13.5539}
{'step': 1480, 'tokens': 387973120, 'lm_loss': 3.8362, 'aux_loss': 1.9776, 'z_loss': 0.0033, 'grad_norm': 0.6016, 'lr': 0.0003, 'tokens_per_sec': 265755.6567, 'mfu': 0.0823, 'expert_load_cv': 0.175, 'min_expert_frac': 0.0115, 'dead_experts': 0, 'peak_vram_gb': 13.5539}
{'step': 1490, 'tokens': 390594560, 'lm_loss': 3.827, 'aux_loss': 1.9704, 'z_loss': 0.0033, 'grad_norm': 0.5977, 'lr': 0.0003, 'tokens_per_sec': 265755.368, 'mfu': 0.0823, 'expert_load_cv': 0.1753, 'min_expert_frac': 0.0115, 'dead_experts': 0, 'peak_vram_gb': 13.5539}
{'step': 1500, 'tokens': 393216000, 'lm_loss': 3.7968, 'aux_loss': 1.9707, 'z_loss': 0.0032, 'grad_norm': 0.5117, 'lr': 0.0003, 'tokens_per_sec': 265757.0825, 'mfu': 0.0823, 'expert_load_cv': 0.1753, 'min_expert_frac': 0.0117, 'dead_experts': 0, 'peak_vram_gb': 13.5539}
{'step': 1510, 'tokens': 395837440, 'lm_loss': 3.8516, 'aux_loss': 1.9691, 'z_loss': 0.0033, 'grad_norm': 0.5703, 'lr': 0.0003, 'tokens_per_sec': 265762.7004, 'mfu': 0.0823, 'expert_load_cv': 0.1737, 'min_expert_frac': 0.0121, 'dead_experts': 0, 'peak_vram_gb': 13.5539}
{'step': 1520, 'tokens': 398458880, 'lm_loss': 3.7869, 'aux_loss': 1.9645, 'z_loss': 0.0033, 'grad_norm': 0.6016, 'lr': 0.0003, 'tokens_per_sec': 265770.9505, 'mfu': 0.0823, 'expert_load_cv': 0.1757, 'min_expert_frac': 0.0119, 'dead_experts': 0, 'peak_vram_gb': 13.5539}
{'step': 1530, 'tokens': 401080320, 'lm_loss': 3.82, 'aux_loss': 1.9688, 'z_loss': 0.0032, 'grad_norm': 0.5781, 'lr': 0.0003, 'tokens_per_sec': 265768.4497, 'mfu': 0.0823, 'expert_load_cv': 0.1753, 'min_expert_frac': 0.012, 'dead_experts': 0, 'peak_vram_gb': 13.5539}
{'step': 1540, 'tokens': 403701760, 'lm_loss': 3.8528, 'aux_loss': 1.977, 'z_loss': 0.0033, 'grad_norm': 0.5391, 'lr': 0.0003, 'tokens_per_sec': 265763.287, 'mfu': 0.0823, 'expert_load_cv': 0.1737, 'min_expert_frac': 0.0121, 'dead_experts': 0, 'peak_vram_gb': 13.5539}
{'step': 1550, 'tokens': 406323200, 'lm_loss': 3.8179, 'aux_loss': 1.9662, 'z_loss': 0.0033, 'grad_norm': 0.5547, 'lr': 0.0003, 'tokens_per_sec': 265763.437, 'mfu': 0.0823, 'expert_load_cv': 0.1739, 'min_expert_frac': 0.0118, 'dead_experts': 0, 'peak_vram_gb': 13.5539}
{'step': 1560, 'tokens': 408944640, 'lm_loss': 3.8313, 'aux_loss': 1.9716, 'z_loss': 0.0032, 'grad_norm': 0.498, 'lr': 0.0003, 'tokens_per_sec': 265741.1155, 'mfu': 0.0823, 'expert_load_cv': 0.1747, 'min_expert_frac': 0.0119, 'dead_experts': 0, 'peak_vram_gb': 13.5539}
{'step': 1570, 'tokens': 411566080, 'lm_loss': 3.7763, 'aux_loss': 1.9675, 'z_loss': 0.0032, 'grad_norm': 0.4531, 'lr': 0.0003, 'tokens_per_sec': 265732.4818, 'mfu': 0.0823, 'expert_load_cv': 0.1736, 'min_expert_frac': 0.012, 'dead_experts': 0, 'peak_vram_gb': 13.5539}
{'step': 1580, 'tokens': 414187520, 'lm_loss': 3.8039, 'aux_loss': 1.9706, 'z_loss': 0.0032, 'grad_norm': 0.4648, 'lr': 0.0003, 'tokens_per_sec': 265730.9672, 'mfu': 0.0823, 'expert_load_cv': 0.1759, 'min_expert_frac': 0.0122, 'dead_experts': 0, 'peak_vram_gb': 13.5539}
{'step': 1590, 'tokens': 416808960, 'lm_loss': 3.8476, 'aux_loss': 1.9697, 'z_loss': 0.0032, 'grad_norm': 0.4902, 'lr': 0.0003, 'tokens_per_sec': 265710.2699, 'mfu': 0.0823, 'expert_load_cv': 0.1728, 'min_expert_frac': 0.012, 'dead_experts': 0, 'peak_vram_gb': 13.5539}
{'step': 1600, 'tokens': 419430400, 'lm_loss': 3.8255, 'aux_loss': 1.9734, 'z_loss': 0.0031, 'grad_norm': 0.5586, 'lr': 0.0003, 'tokens_per_sec': 265711.5834, 'mfu': 0.0823, 'expert_load_cv': 0.1712, 'min_expert_frac': 0.0123, 'dead_experts': 0, 'peak_vram_gb': 13.5539}
{'step': 1610, 'tokens': 422051840, 'lm_loss': 3.8301, 'aux_loss': 1.9713, 'z_loss': 0.0031, 'grad_norm': 0.4785, 'lr': 0.0003, 'tokens_per_sec': 265718.1791, 'mfu': 0.0823, 'expert_load_cv': 0.1741, 'min_expert_frac': 0.0119, 'dead_experts': 0, 'peak_vram_gb': 13.5539}
{'step': 1620, 'tokens': 424673280, 'lm_loss': 3.8244, 'aux_loss': 1.9814, 'z_loss': 0.0031, 'grad_norm': 0.4805, 'lr': 0.0003, 'tokens_per_sec': 265714.9136, 'mfu': 0.0823, 'expert_load_cv': 0.1758, 'min_expert_frac': 0.0118, 'dead_experts': 0, 'peak_vram_gb': 13.5539}
{'step': 1630, 'tokens': 427294720, 'lm_loss': 3.7864, 'aux_loss': 1.9818, 'z_loss': 0.0032, 'grad_norm': 0.5586, 'lr': 0.0003, 'tokens_per_sec': 265705.6506, 'mfu': 0.0823, 'expert_load_cv': 0.1737, 'min_expert_frac': 0.0119, 'dead_experts': 0, 'peak_vram_gb': 13.5539}
{'step': 1640, 'tokens': 429916160, 'lm_loss': 3.7819, 'aux_loss': 1.9679, 'z_loss': 0.0032, 'grad_norm': 0.5586, 'lr': 0.0003, 'tokens_per_sec': 265702.0753, 'mfu': 0.0823, 'expert_load_cv': 0.1753, 'min_expert_frac': 0.012, 'dead_experts': 0, 'peak_vram_gb': 13.5539}
{'step': 1650, 'tokens': 432537600, 'lm_loss': 3.7378, 'aux_loss': 1.9759, 'z_loss': 0.0031, 'grad_norm': 0.4883, 'lr': 0.0002, 'tokens_per_sec': 265695.7046, 'mfu': 0.0823, 'expert_load_cv': 0.175, 'min_expert_frac': 0.0118, 'dead_experts': 0, 'peak_vram_gb': 13.5539}
{'step': 1660, 'tokens': 435159040, 'lm_loss': 3.7587, 'aux_loss': 1.9745, 'z_loss': 0.0032, 'grad_norm': 0.4883, 'lr': 0.0002, 'tokens_per_sec': 265687.1294, 'mfu': 0.0823, 'expert_load_cv': 0.1745, 'min_expert_frac': 0.0117, 'dead_experts': 0, 'peak_vram_gb': 13.5539}
{'step': 1670, 'tokens': 437780480, 'lm_loss': 3.8248, 'aux_loss': 1.9738, 'z_loss': 0.0031, 'grad_norm': 0.4609, 'lr': 0.0002, 'tokens_per_sec': 265680.5787, 'mfu': 0.0823, 'expert_load_cv': 0.174, 'min_expert_frac': 0.0117, 'dead_experts': 0, 'peak_vram_gb': 13.5539}
{'step': 1680, 'tokens': 440401920, 'lm_loss': 3.768, 'aux_loss': 1.9699, 'z_loss': 0.0031, 'grad_norm': 0.5547, 'lr': 0.0002, 'tokens_per_sec': 265676.4729, 'mfu': 0.0823, 'expert_load_cv': 0.1732, 'min_expert_frac': 0.0119, 'dead_experts': 0, 'peak_vram_gb': 13.5539}
{'step': 1690, 'tokens': 443023360, 'lm_loss': 3.7048, 'aux_loss': 1.9901, 'z_loss': 0.0031, 'grad_norm': 0.5195, 'lr': 0.0002, 'tokens_per_sec': 265673.1172, 'mfu': 0.0823, 'expert_load_cv': 0.1734, 'min_expert_frac': 0.0119, 'dead_experts': 0, 'peak_vram_gb': 13.5539}
{'step': 1700, 'tokens': 445644800, 'lm_loss': 3.7893, 'aux_loss': 1.9751, 'z_loss': 0.0031, 'grad_norm': 0.5273, 'lr': 0.0002, 'tokens_per_sec': 265671.8382, 'mfu': 0.0823, 'expert_load_cv': 0.1719, 'min_expert_frac': 0.012, 'dead_experts': 0, 'peak_vram_gb': 13.5539}
{'step': 1710, 'tokens': 448266240, 'lm_loss': 3.7245, 'aux_loss': 1.9762, 'z_loss': 0.0031, 'grad_norm': 0.5195, 'lr': 0.0002, 'tokens_per_sec': 265672.7443, 'mfu': 0.0823, 'expert_load_cv': 0.1724, 'min_expert_frac': 0.0117, 'dead_experts': 0, 'peak_vram_gb': 13.5539}
{'step': 1720, 'tokens': 450887680, 'lm_loss': 3.8193, 'aux_loss': 1.9746, 'z_loss': 0.0031, 'grad_norm': 0.4688, 'lr': 0.0002, 'tokens_per_sec': 265673.0519, 'mfu': 0.0823, 'expert_load_cv': 0.1733, 'min_expert_frac': 0.0119, 'dead_experts': 0, 'peak_vram_gb': 13.5539}
{'step': 1730, 'tokens': 453509120, 'lm_loss': 3.7524, 'aux_loss': 1.9803, 'z_loss': 0.0031, 'grad_norm': 0.5469, 'lr': 0.0002, 'tokens_per_sec': 265673.0935, 'mfu': 0.0823, 'expert_load_cv': 0.1749, 'min_expert_frac': 0.012, 'dead_experts': 0, 'peak_vram_gb': 13.5539}
{'step': 1740, 'tokens': 456130560, 'lm_loss': 3.7686, 'aux_loss': 1.9679, 'z_loss': 0.0031, 'grad_norm': 0.4785, 'lr': 0.0002, 'tokens_per_sec': 265664.116, 'mfu': 0.0823, 'expert_load_cv': 0.1726, 'min_expert_frac': 0.0121, 'dead_experts': 0, 'peak_vram_gb': 13.5539}
{'step': 1750, 'tokens': 458752000, 'lm_loss': 3.7731, 'aux_loss': 1.9779, 'z_loss': 0.003, 'grad_norm': 0.5234, 'lr': 0.0002, 'tokens_per_sec': 265668.702, 'mfu': 0.0823, 'expert_load_cv': 0.1725, 'min_expert_frac': 0.012, 'dead_experts': 0, 'peak_vram_gb': 13.5539}
{'step': 1760, 'tokens': 461373440, 'lm_loss': 3.7582, 'aux_loss': 1.9759, 'z_loss': 0.0031, 'grad_norm': 0.5938, 'lr': 0.0002, 'tokens_per_sec': 265667.0943, 'mfu': 0.0823, 'expert_load_cv': 0.1718, 'min_expert_frac': 0.0122, 'dead_experts': 0, 'peak_vram_gb': 13.5539}
{'step': 1770, 'tokens': 463994880, 'lm_loss': 3.7243, 'aux_loss': 1.9767, 'z_loss': 0.0031, 'grad_norm': 0.4609, 'lr': 0.0002, 'tokens_per_sec': 265669.3612, 'mfu': 0.0823, 'expert_load_cv': 0.1737, 'min_expert_frac': 0.0119, 'dead_experts': 0, 'peak_vram_gb': 13.5539}
{'step': 1780, 'tokens': 466616320, 'lm_loss': 3.8031, 'aux_loss': 1.9752, 'z_loss': 0.0031, 'grad_norm': 0.4668, 'lr': 0.0002, 'tokens_per_sec': 265671.0338, 'mfu': 0.0823, 'expert_load_cv': 0.1719, 'min_expert_frac': 0.0122, 'dead_experts': 0, 'peak_vram_gb': 13.5539}
{'step': 1790, 'tokens': 469237760, 'lm_loss': 3.7029, 'aux_loss': 1.977, 'z_loss': 0.003, 'grad_norm': 0.4785, 'lr': 0.0002, 'tokens_per_sec': 265672.7156, 'mfu': 0.0823, 'expert_load_cv': 0.173, 'min_expert_frac': 0.012, 'dead_experts': 0, 'peak_vram_gb': 13.5539}
{'step': 1800, 'tokens': 471859200, 'lm_loss': 3.6875, 'aux_loss': 1.9787, 'z_loss': 0.0031, 'grad_norm': 0.5078, 'lr': 0.0002, 'tokens_per_sec': 265664.3408, 'mfu': 0.0823, 'expert_load_cv': 0.1741, 'min_expert_frac': 0.012, 'dead_experts': 0, 'peak_vram_gb': 13.5539}
{'step': 1810, 'tokens': 474480640, 'lm_loss': 3.7595, 'aux_loss': 1.9735, 'z_loss': 0.0031, 'grad_norm': 0.5078, 'lr': 0.0002, 'tokens_per_sec': 265659.2764, 'mfu': 0.0823, 'expert_load_cv': 0.1719, 'min_expert_frac': 0.012, 'dead_experts': 0, 'peak_vram_gb': 13.5539}
{'step': 1820, 'tokens': 477102080, 'lm_loss': 3.7151, 'aux_loss': 1.9875, 'z_loss': 0.0031, 'grad_norm': 0.4453, 'lr': 0.0002, 'tokens_per_sec': 265652.172, 'mfu': 0.0823, 'expert_load_cv': 0.173, 'min_expert_frac': 0.0119, 'dead_experts': 0, 'peak_vram_gb': 13.5539}
{'step': 1830, 'tokens': 479723520, 'lm_loss': 3.7499, 'aux_loss': 1.9789, 'z_loss': 0.003, 'grad_norm': 0.4883, 'lr': 0.0002, 'tokens_per_sec': 265653.163, 'mfu': 0.0823, 'expert_load_cv': 0.1724, 'min_expert_frac': 0.0121, 'dead_experts': 0, 'peak_vram_gb': 13.5539}
{'step': 1840, 'tokens': 482344960, 'lm_loss': 3.7539, 'aux_loss': 1.9717, 'z_loss': 0.003, 'grad_norm': 0.5352, 'lr': 0.0002, 'tokens_per_sec': 265657.4888, 'mfu': 0.0823, 'expert_load_cv': 0.1726, 'min_expert_frac': 0.0123, 'dead_experts': 0, 'peak_vram_gb': 13.5539}
{'step': 1850, 'tokens': 484966400, 'lm_loss': 3.7214, 'aux_loss': 1.9837, 'z_loss': 0.003, 'grad_norm': 0.5391, 'lr': 0.0002, 'tokens_per_sec': 265659.0691, 'mfu': 0.0823, 'expert_load_cv': 0.1732, 'min_expert_frac': 0.0119, 'dead_experts': 0, 'peak_vram_gb': 13.5539}
{'step': 1860, 'tokens': 487587840, 'lm_loss': 3.8047, 'aux_loss': 1.9768, 'z_loss': 0.0029, 'grad_norm': 0.4883, 'lr': 0.0002, 'tokens_per_sec': 265661.7397, 'mfu': 0.0823, 'expert_load_cv': 0.1737, 'min_expert_frac': 0.012, 'dead_experts': 0, 'peak_vram_gb': 13.5539}
{'step': 1870, 'tokens': 490209280, 'lm_loss': 3.7726, 'aux_loss': 1.9741, 'z_loss': 0.003, 'grad_norm': 0.3926, 'lr': 0.0002, 'tokens_per_sec': 265658.4153, 'mfu': 0.0823, 'expert_load_cv': 0.1712, 'min_expert_frac': 0.0122, 'dead_experts': 0, 'peak_vram_gb': 13.5539}
{'step': 1880, 'tokens': 492830720, 'lm_loss': 3.7434, 'aux_loss': 1.9793, 'z_loss': 0.003, 'grad_norm': 0.457, 'lr': 0.0002, 'tokens_per_sec': 265658.0617, 'mfu': 0.0823, 'expert_load_cv': 0.1753, 'min_expert_frac': 0.012, 'dead_experts': 0, 'peak_vram_gb': 13.5539}
{'step': 1890, 'tokens': 495452160, 'lm_loss': 3.7085, 'aux_loss': 1.9851, 'z_loss': 0.003, 'grad_norm': 0.4531, 'lr': 0.0002, 'tokens_per_sec': 265660.891, 'mfu': 0.0823, 'expert_load_cv': 0.1732, 'min_expert_frac': 0.0118, 'dead_experts': 0, 'peak_vram_gb': 13.5539}
{'step': 1900, 'tokens': 498073600, 'lm_loss': 3.6807, 'aux_loss': 1.9795, 'z_loss': 0.003, 'grad_norm': 0.4785, 'lr': 0.0002, 'tokens_per_sec': 265652.6662, 'mfu': 0.0823, 'expert_load_cv': 0.1716, 'min_expert_frac': 0.0121, 'dead_experts': 0, 'peak_vram_gb': 13.5539}
Writing model shards:   0%|          | 0/1 [00:00<?, ?it/s]Writing model shards: 100%|██████████| 1/1 [00:00<00:00,  3.01it/s]Writing model shards: 100%|██████████| 1/1 [00:00<00:00,  3.01it/s]
  saved runs/seedvar_E64_s0/step1907
{'step': 1910, 'tokens': 500695040, 'lm_loss': 3.7427, 'aux_loss': 1.9792, 'z_loss': 0.0029, 'grad_norm': 0.459, 'lr': 0.0002, 'tokens_per_sec': 265598.8333, 'mfu': 0.0823, 'expert_load_cv': 0.1715, 'min_expert_frac': 0.0121, 'dead_experts': 0, 'peak_vram_gb': 13.5539}
{'step': 1920, 'tokens': 503316480, 'lm_loss': 3.7428, 'aux_loss': 1.9754, 'z_loss': 0.0029, 'grad_norm': 0.4863, 'lr': 0.0002, 'tokens_per_sec': 265598.4072, 'mfu': 0.0823, 'expert_load_cv': 0.1718, 'min_expert_frac': 0.0122, 'dead_experts': 0, 'peak_vram_gb': 13.5539}
{'step': 1930, 'tokens': 505937920, 'lm_loss': 3.7216, 'aux_loss': 1.9719, 'z_loss': 0.003, 'grad_norm': 0.4766, 'lr': 0.0002, 'tokens_per_sec': 265592.9992, 'mfu': 0.0823, 'expert_load_cv': 0.1695, 'min_expert_frac': 0.0123, 'dead_experts': 0, 'peak_vram_gb': 13.5539}
{'step': 1940, 'tokens': 508559360, 'lm_loss': 3.6773, 'aux_loss': 1.9842, 'z_loss': 0.003, 'grad_norm': 0.5352, 'lr': 0.0002, 'tokens_per_sec': 265586.5583, 'mfu': 0.0823, 'expert_load_cv': 0.1705, 'min_expert_frac': 0.0122, 'dead_experts': 0, 'peak_vram_gb': 13.5539}
{'step': 1950, 'tokens': 511180800, 'lm_loss': 3.7343, 'aux_loss': 1.9868, 'z_loss': 0.0029, 'grad_norm': 0.4902, 'lr': 0.0002, 'tokens_per_sec': 265582.8576, 'mfu': 0.0823, 'expert_load_cv': 0.1705, 'min_expert_frac': 0.0119, 'dead_experts': 0, 'peak_vram_gb': 13.5539}
{'step': 1960, 'tokens': 513802240, 'lm_loss': 3.7566, 'aux_loss': 1.9768, 'z_loss': 0.003, 'grad_norm': 0.4805, 'lr': 0.0002, 'tokens_per_sec': 265582.6003, 'mfu': 0.0823, 'expert_load_cv': 0.1694, 'min_expert_frac': 0.0124, 'dead_experts': 0, 'peak_vram_gb': 13.5539}
{'step': 1970, 'tokens': 516423680, 'lm_loss': 3.7275, 'aux_loss': 1.9752, 'z_loss': 0.0029, 'grad_norm': 0.6445, 'lr': 0.0002, 'tokens_per_sec': 265578.2254, 'mfu': 0.0823, 'expert_load_cv': 0.1706, 'min_expert_frac': 0.012, 'dead_experts': 0, 'peak_vram_gb': 13.5539}
{'step': 1980, 'tokens': 519045120, 'lm_loss': 3.707, 'aux_loss': 1.9786, 'z_loss': 0.0029, 'grad_norm': 0.4551, 'lr': 0.0002, 'tokens_per_sec': 265577.3644, 'mfu': 0.0823, 'expert_load_cv': 0.1696, 'min_expert_frac': 0.0121, 'dead_experts': 0, 'peak_vram_gb': 13.5539}
{'step': 1990, 'tokens': 521666560, 'lm_loss': 3.7701, 'aux_loss': 1.9757, 'z_loss': 0.003, 'grad_norm': 0.4805, 'lr': 0.0002, 'tokens_per_sec': 265572.5355, 'mfu': 0.0823, 'expert_load_cv': 0.1699, 'min_expert_frac': 0.0124, 'dead_experts': 0, 'peak_vram_gb': 13.5539}
{'step': 2000, 'tokens': 524288000, 'lm_loss': 3.6983, 'aux_loss': 1.9748, 'z_loss': 0.0029, 'grad_norm': 0.5312, 'lr': 0.0002, 'tokens_per_sec': 265563.3967, 'mfu': 0.0823, 'expert_load_cv': 0.1715, 'min_expert_frac': 0.0119, 'dead_experts': 0, 'peak_vram_gb': 13.5539}
{'step': 2010, 'tokens': 526909440, 'lm_loss': 3.7256, 'aux_loss': 1.9702, 'z_loss': 0.0029, 'grad_norm': 0.4062, 'lr': 0.0002, 'tokens_per_sec': 265562.1956, 'mfu': 0.0823, 'expert_load_cv': 0.1703, 'min_expert_frac': 0.0123, 'dead_experts': 0, 'peak_vram_gb': 13.5539}
{'step': 2020, 'tokens': 529530880, 'lm_loss': 3.6895, 'aux_loss': 1.9819, 'z_loss': 0.0029, 'grad_norm': 0.4727, 'lr': 0.0002, 'tokens_per_sec': 265546.6468, 'mfu': 0.0823, 'expert_load_cv': 0.1694, 'min_expert_frac': 0.0122, 'dead_experts': 0, 'peak_vram_gb': 13.5539}
{'step': 2030, 'tokens': 532152320, 'lm_loss': 3.7545, 'aux_loss': 1.9752, 'z_loss': 0.0029, 'grad_norm': 0.4629, 'lr': 0.0002, 'tokens_per_sec': 265543.4458, 'mfu': 0.0823, 'expert_load_cv': 0.1714, 'min_expert_frac': 0.0119, 'dead_experts': 0, 'peak_vram_gb': 13.5539}
{'step': 2040, 'tokens': 534773760, 'lm_loss': 3.6659, 'aux_loss': 1.9837, 'z_loss': 0.0029, 'grad_norm': 0.6055, 'lr': 0.0002, 'tokens_per_sec': 265538.986, 'mfu': 0.0823, 'expert_load_cv': 0.1687, 'min_expert_frac': 0.0123, 'dead_experts': 0, 'peak_vram_gb': 13.5539}
{'step': 2050, 'tokens': 537395200, 'lm_loss': 3.7499, 'aux_loss': 1.9729, 'z_loss': 0.0029, 'grad_norm': 0.5078, 'lr': 0.0002, 'tokens_per_sec': 265536.6698, 'mfu': 0.0823, 'expert_load_cv': 0.1699, 'min_expert_frac': 0.0122, 'dead_experts': 0, 'peak_vram_gb': 13.5539}
{'step': 2060, 'tokens': 540016640, 'lm_loss': 3.6922, 'aux_loss': 1.9732, 'z_loss': 0.0028, 'grad_norm': 0.4688, 'lr': 0.0002, 'tokens_per_sec': 265534.8452, 'mfu': 0.0823, 'expert_load_cv': 0.1688, 'min_expert_frac': 0.0124, 'dead_experts': 0, 'peak_vram_gb': 13.5539}
{'step': 2070, 'tokens': 542638080, 'lm_loss': 3.7451, 'aux_loss': 1.9724, 'z_loss': 0.0028, 'grad_norm': 0.4434, 'lr': 0.0002, 'tokens_per_sec': 265533.5597, 'mfu': 0.0823, 'expert_load_cv': 0.1705, 'min_expert_frac': 0.0124, 'dead_experts': 0, 'peak_vram_gb': 13.5539}
{'step': 2080, 'tokens': 545259520, 'lm_loss': 3.6727, 'aux_loss': 1.984, 'z_loss': 0.0029, 'grad_norm': 0.5234, 'lr': 0.0002, 'tokens_per_sec': 265529.6007, 'mfu': 0.0823, 'expert_load_cv': 0.1708, 'min_expert_frac': 0.0121, 'dead_experts': 0, 'peak_vram_gb': 13.5539}
{'step': 2090, 'tokens': 547880960, 'lm_loss': 3.6938, 'aux_loss': 1.9781, 'z_loss': 0.0028, 'grad_norm': 0.4512, 'lr': 0.0002, 'tokens_per_sec': 265525.9713, 'mfu': 0.0823, 'expert_load_cv': 0.1701, 'min_expert_frac': 0.0123, 'dead_experts': 0, 'peak_vram_gb': 13.5539}
{'step': 2100, 'tokens': 550502400, 'lm_loss': 3.6966, 'aux_loss': 1.9813, 'z_loss': 0.0028, 'grad_norm': 0.4824, 'lr': 0.0002, 'tokens_per_sec': 265527.4468, 'mfu': 0.0823, 'expert_load_cv': 0.1685, 'min_expert_frac': 0.0121, 'dead_experts': 0, 'peak_vram_gb': 13.5539}
{'step': 2110, 'tokens': 553123840, 'lm_loss': 3.6686, 'aux_loss': 1.9733, 'z_loss': 0.0028, 'grad_norm': 0.4707, 'lr': 0.0002, 'tokens_per_sec': 265527.9838, 'mfu': 0.0823, 'expert_load_cv': 0.1714, 'min_expert_frac': 0.0121, 'dead_experts': 0, 'peak_vram_gb': 13.5539}
{'step': 2120, 'tokens': 555745280, 'lm_loss': 3.6988, 'aux_loss': 1.9786, 'z_loss': 0.0029, 'grad_norm': 0.5391, 'lr': 0.0002, 'tokens_per_sec': 265524.3961, 'mfu': 0.0823, 'expert_load_cv': 0.1697, 'min_expert_frac': 0.0123, 'dead_experts': 0, 'peak_vram_gb': 13.5539}
{'step': 2130, 'tokens': 558366720, 'lm_loss': 3.7072, 'aux_loss': 1.9755, 'z_loss': 0.0028, 'grad_norm': 0.4648, 'lr': 0.0002, 'tokens_per_sec': 265519.0197, 'mfu': 0.0823, 'expert_load_cv': 0.1708, 'min_expert_frac': 0.0121, 'dead_experts': 0, 'peak_vram_gb': 13.5539}
{'step': 2140, 'tokens': 560988160, 'lm_loss': 3.7522, 'aux_loss': 1.9737, 'z_loss': 0.0028, 'grad_norm': 0.4746, 'lr': 0.0002, 'tokens_per_sec': 265519.0157, 'mfu': 0.0823, 'expert_load_cv': 0.1697, 'min_expert_frac': 0.0121, 'dead_experts': 0, 'peak_vram_gb': 13.5539}
{'step': 2150, 'tokens': 563609600, 'lm_loss': 3.7453, 'aux_loss': 1.9801, 'z_loss': 0.0028, 'grad_norm': 0.543, 'lr': 0.0002, 'tokens_per_sec': 265507.4095, 'mfu': 0.0823, 'expert_load_cv': 0.1697, 'min_expert_frac': 0.0125, 'dead_experts': 0, 'peak_vram_gb': 13.5539}
{'step': 2160, 'tokens': 566231040, 'lm_loss': 3.7127, 'aux_loss': 1.973, 'z_loss': 0.0028, 'grad_norm': 0.4746, 'lr': 0.0002, 'tokens_per_sec': 265506.7938, 'mfu': 0.0823, 'expert_load_cv': 0.1714, 'min_expert_frac': 0.0122, 'dead_experts': 0, 'peak_vram_gb': 13.5539}
{'step': 2170, 'tokens': 568852480, 'lm_loss': 3.729, 'aux_loss': 1.9748, 'z_loss': 0.0028, 'grad_norm': 0.4902, 'lr': 0.0002, 'tokens_per_sec': 265508.451, 'mfu': 0.0823, 'expert_load_cv': 0.169, 'min_expert_frac': 0.0124, 'dead_experts': 0, 'peak_vram_gb': 13.5539}
{'step': 2180, 'tokens': 571473920, 'lm_loss': 3.6391, 'aux_loss': 1.981, 'z_loss': 0.0028, 'grad_norm': 0.4082, 'lr': 0.0002, 'tokens_per_sec': 265504.8322, 'mfu': 0.0823, 'expert_load_cv': 0.1718, 'min_expert_frac': 0.012, 'dead_experts': 0, 'peak_vram_gb': 13.5539}
{'step': 2190, 'tokens': 574095360, 'lm_loss': 3.7145, 'aux_loss': 1.9791, 'z_loss': 0.0028, 'grad_norm': 0.4844, 'lr': 0.0002, 'tokens_per_sec': 265502.0889, 'mfu': 0.0823, 'expert_load_cv': 0.1714, 'min_expert_frac': 0.0121, 'dead_experts': 0, 'peak_vram_gb': 13.5539}
{'step': 2200, 'tokens': 576716800, 'lm_loss': 3.6898, 'aux_loss': 1.979, 'z_loss': 0.0028, 'grad_norm': 0.4395, 'lr': 0.0002, 'tokens_per_sec': 265498.5468, 'mfu': 0.0823, 'expert_load_cv': 0.17, 'min_expert_frac': 0.0122, 'dead_experts': 0, 'peak_vram_gb': 13.5539}
{'step': 2210, 'tokens': 579338240, 'lm_loss': 3.6747, 'aux_loss': 1.9809, 'z_loss': 0.0028, 'grad_norm': 0.4629, 'lr': 0.0002, 'tokens_per_sec': 265496.633, 'mfu': 0.0823, 'expert_load_cv': 0.1686, 'min_expert_frac': 0.0122, 'dead_experts': 0, 'peak_vram_gb': 13.5539}
{'step': 2220, 'tokens': 581959680, 'lm_loss': 3.6726, 'aux_loss': 1.9747, 'z_loss': 0.0029, 'grad_norm': 0.5, 'lr': 0.0002, 'tokens_per_sec': 265494.3881, 'mfu': 0.0823, 'expert_load_cv': 0.1686, 'min_expert_frac': 0.0123, 'dead_experts': 0, 'peak_vram_gb': 13.5539}
{'step': 2230, 'tokens': 584581120, 'lm_loss': 3.7093, 'aux_loss': 1.9809, 'z_loss': 0.0028, 'grad_norm': 0.5391, 'lr': 0.0002, 'tokens_per_sec': 265490.0512, 'mfu': 0.0823, 'expert_load_cv': 0.1696, 'min_expert_frac': 0.0119, 'dead_experts': 0, 'peak_vram_gb': 13.5539}
{'step': 2240, 'tokens': 587202560, 'lm_loss': 3.6772, 'aux_loss': 1.9738, 'z_loss': 0.0028, 'grad_norm': 0.4648, 'lr': 0.0002, 'tokens_per_sec': 265482.3615, 'mfu': 0.0822, 'expert_load_cv': 0.1686, 'min_expert_frac': 0.0123, 'dead_experts': 0, 'peak_vram_gb': 13.5539}
{'step': 2250, 'tokens': 589824000, 'lm_loss': 3.7135, 'aux_loss': 1.9775, 'z_loss': 0.0028, 'grad_norm': 0.3906, 'lr': 0.0001, 'tokens_per_sec': 265482.2314, 'mfu': 0.0822, 'expert_load_cv': 0.1675, 'min_expert_frac': 0.0124, 'dead_experts': 0, 'peak_vram_gb': 13.5539}
{'step': 2260, 'tokens': 592445440, 'lm_loss': 3.6452, 'aux_loss': 1.9793, 'z_loss': 0.0028, 'grad_norm': 0.4512, 'lr': 0.0001, 'tokens_per_sec': 265483.9144, 'mfu': 0.0822, 'expert_load_cv': 0.167, 'min_expert_frac': 0.0124, 'dead_experts': 0, 'peak_vram_gb': 13.5539}
{'step': 2270, 'tokens': 595066880, 'lm_loss': 3.6464, 'aux_loss': 1.9792, 'z_loss': 0.0028, 'grad_norm': 0.4688, 'lr': 0.0001, 'tokens_per_sec': 265480.296, 'mfu': 0.0822, 'expert_load_cv': 0.1685, 'min_expert_frac': 0.0124, 'dead_experts': 0, 'peak_vram_gb': 13.5539}
{'step': 2280, 'tokens': 597688320, 'lm_loss': 3.6724, 'aux_loss': 1.9822, 'z_loss': 0.0028, 'grad_norm': 0.4199, 'lr': 0.0001, 'tokens_per_sec': 265477.2671, 'mfu': 0.0822, 'expert_load_cv': 0.1681, 'min_expert_frac': 0.0123, 'dead_experts': 0, 'peak_vram_gb': 13.5539}
{'step': 2290, 'tokens': 600309760, 'lm_loss': 3.7603, 'aux_loss': 1.9764, 'z_loss': 0.0027, 'grad_norm': 0.4336, 'lr': 0.0001, 'tokens_per_sec': 265469.3992, 'mfu': 0.0822, 'expert_load_cv': 0.1695, 'min_expert_frac': 0.0122, 'dead_experts': 0, 'peak_vram_gb': 13.5539}
{'step': 2300, 'tokens': 602931200, 'lm_loss': 3.6287, 'aux_loss': 1.9863, 'z_loss': 0.0028, 'grad_norm': 0.4355, 'lr': 0.0001, 'tokens_per_sec': 265462.9793, 'mfu': 0.0822, 'expert_load_cv': 0.168, 'min_expert_frac': 0.0124, 'dead_experts': 0, 'peak_vram_gb': 13.5539}
{'step': 2310, 'tokens': 605552640, 'lm_loss': 3.6597, 'aux_loss': 1.9764, 'z_loss': 0.0028, 'grad_norm': 0.4551, 'lr': 0.0001, 'tokens_per_sec': 265461.1842, 'mfu': 0.0822, 'expert_load_cv': 0.1678, 'min_expert_frac': 0.0125, 'dead_experts': 0, 'peak_vram_gb': 13.5539}
{'step': 2320, 'tokens': 608174080, 'lm_loss': 3.7265, 'aux_loss': 1.9822, 'z_loss': 0.0027, 'grad_norm': 0.4824, 'lr': 0.0001, 'tokens_per_sec': 265457.723, 'mfu': 0.0822, 'expert_load_cv': 0.167, 'min_expert_frac': 0.0125, 'dead_experts': 0, 'peak_vram_gb': 13.5539}
{'step': 2330, 'tokens': 610795520, 'lm_loss': 3.6508, 'aux_loss': 1.9791, 'z_loss': 0.0028, 'grad_norm': 0.4238, 'lr': 0.0001, 'tokens_per_sec': 265454.0923, 'mfu': 0.0822, 'expert_load_cv': 0.1668, 'min_expert_frac': 0.0123, 'dead_experts': 0, 'peak_vram_gb': 13.5539}
{'step': 2340, 'tokens': 613416960, 'lm_loss': 3.689, 'aux_loss': 1.9767, 'z_loss': 0.0028, 'grad_norm': 0.4141, 'lr': 0.0001, 'tokens_per_sec': 265451.8419, 'mfu': 0.0822, 'expert_load_cv': 0.1719, 'min_expert_frac': 0.0121, 'dead_experts': 0, 'peak_vram_gb': 13.5539}
{'step': 2350, 'tokens': 616038400, 'lm_loss': 3.644, 'aux_loss': 1.9853, 'z_loss': 0.0028, 'grad_norm': 0.4688, 'lr': 0.0001, 'tokens_per_sec': 265447.1106, 'mfu': 0.0822, 'expert_load_cv': 0.1688, 'min_expert_frac': 0.0125, 'dead_experts': 0, 'peak_vram_gb': 13.5539}
{'step': 2360, 'tokens': 618659840, 'lm_loss': 3.7533, 'aux_loss': 1.9715, 'z_loss': 0.0027, 'grad_norm': 0.3887, 'lr': 0.0001, 'tokens_per_sec': 265441.2898, 'mfu': 0.0822, 'expert_load_cv': 0.1673, 'min_expert_frac': 0.0124, 'dead_experts': 0, 'peak_vram_gb': 13.5539}
{'step': 2370, 'tokens': 621281280, 'lm_loss': 3.6706, 'aux_loss': 1.9761, 'z_loss': 0.0028, 'grad_norm': 0.4043, 'lr': 0.0001, 'tokens_per_sec': 265424.6296, 'mfu': 0.0822, 'expert_load_cv': 0.168, 'min_expert_frac': 0.0122, 'dead_experts': 0, 'peak_vram_gb': 13.5539}
{'step': 2380, 'tokens': 623902720, 'lm_loss': 3.6443, 'aux_loss': 1.9778, 'z_loss': 0.0028, 'grad_norm': 0.4395, 'lr': 0.0001, 'tokens_per_sec': 265413.5169, 'mfu': 0.0822, 'expert_load_cv': 0.1674, 'min_expert_frac': 0.0122, 'dead_experts': 0, 'peak_vram_gb': 13.5539}
{'step': 2390, 'tokens': 626524160, 'lm_loss': 3.6572, 'aux_loss': 1.9816, 'z_loss': 0.0027, 'grad_norm': 0.4141, 'lr': 0.0001, 'tokens_per_sec': 265403.5959, 'mfu': 0.0822, 'expert_load_cv': 0.1663, 'min_expert_frac': 0.0124, 'dead_experts': 0, 'peak_vram_gb': 13.5539}
{'step': 2400, 'tokens': 629145600, 'lm_loss': 3.6644, 'aux_loss': 1.984, 'z_loss': 0.0028, 'grad_norm': 0.4336, 'lr': 0.0001, 'tokens_per_sec': 265399.8319, 'mfu': 0.0822, 'expert_load_cv': 0.1678, 'min_expert_frac': 0.0125, 'dead_experts': 0, 'peak_vram_gb': 13.5539}
{'step': 2410, 'tokens': 631767040, 'lm_loss': 3.6139, 'aux_loss': 1.9819, 'z_loss': 0.0028, 'grad_norm': 0.4355, 'lr': 0.0001, 'tokens_per_sec': 265397.0141, 'mfu': 0.0822, 'expert_load_cv': 0.1672, 'min_expert_frac': 0.0124, 'dead_experts': 0, 'peak_vram_gb': 13.5539}
{'step': 2420, 'tokens': 634388480, 'lm_loss': 3.6728, 'aux_loss': 1.9751, 'z_loss': 0.0027, 'grad_norm': 0.4219, 'lr': 0.0001, 'tokens_per_sec': 265400.0059, 'mfu': 0.0822, 'expert_load_cv': 0.1673, 'min_expert_frac': 0.0124, 'dead_experts': 0, 'peak_vram_gb': 13.5539}
{'step': 2430, 'tokens': 637009920, 'lm_loss': 3.7209, 'aux_loss': 1.9721, 'z_loss': 0.0027, 'grad_norm': 0.4668, 'lr': 0.0001, 'tokens_per_sec': 265399.2573, 'mfu': 0.0822, 'expert_load_cv': 0.1674, 'min_expert_frac': 0.0125, 'dead_experts': 0, 'peak_vram_gb': 13.5539}
{'step': 2440, 'tokens': 639631360, 'lm_loss': 3.6788, 'aux_loss': 1.9743, 'z_loss': 0.0027, 'grad_norm': 0.4395, 'lr': 0.0001, 'tokens_per_sec': 265401.4998, 'mfu': 0.0822, 'expert_load_cv': 0.1663, 'min_expert_frac': 0.0123, 'dead_experts': 0, 'peak_vram_gb': 13.5539}
{'step': 2450, 'tokens': 642252800, 'lm_loss': 3.6778, 'aux_loss': 1.9751, 'z_loss': 0.0027, 'grad_norm': 0.4238, 'lr': 0.0001, 'tokens_per_sec': 265406.1044, 'mfu': 0.0822, 'expert_load_cv': 0.1663, 'min_expert_frac': 0.0125, 'dead_experts': 0, 'peak_vram_gb': 13.5539}
{'step': 2460, 'tokens': 644874240, 'lm_loss': 3.6867, 'aux_loss': 1.9803, 'z_loss': 0.0027, 'grad_norm': 0.4453, 'lr': 0.0001, 'tokens_per_sec': 265408.6006, 'mfu': 0.0822, 'expert_load_cv': 0.1679, 'min_expert_frac': 0.0122, 'dead_experts': 0, 'peak_vram_gb': 13.5539}
{'step': 2470, 'tokens': 647495680, 'lm_loss': 3.6471, 'aux_loss': 1.9825, 'z_loss': 0.0028, 'grad_norm': 0.4219, 'lr': 0.0001, 'tokens_per_sec': 265406.4542, 'mfu': 0.0822, 'expert_load_cv': 0.1648, 'min_expert_frac': 0.0125, 'dead_experts': 0, 'peak_vram_gb': 13.5539}
{'step': 2480, 'tokens': 650117120, 'lm_loss': 3.6108, 'aux_loss': 1.9782, 'z_loss': 0.0027, 'grad_norm': 0.3926, 'lr': 0.0001, 'tokens_per_sec': 265405.2701, 'mfu': 0.0822, 'expert_load_cv': 0.1652, 'min_expert_frac': 0.0126, 'dead_experts': 0, 'peak_vram_gb': 13.5539}
{'step': 2490, 'tokens': 652738560, 'lm_loss': 3.6313, 'aux_loss': 1.9761, 'z_loss': 0.0027, 'grad_norm': 0.373, 'lr': 0.0001, 'tokens_per_sec': 265404.8394, 'mfu': 0.0822, 'expert_load_cv': 0.1665, 'min_expert_frac': 0.0124, 'dead_experts': 0, 'peak_vram_gb': 13.5539}
{'step': 2500, 'tokens': 655360000, 'lm_loss': 3.6683, 'aux_loss': 1.9813, 'z_loss': 0.0027, 'grad_norm': 0.418, 'lr': 0.0001, 'tokens_per_sec': 265405.3778, 'mfu': 0.0822, 'expert_load_cv': 0.1666, 'min_expert_frac': 0.0126, 'dead_experts': 0, 'peak_vram_gb': 13.5539}
{'step': 2510, 'tokens': 657981440, 'lm_loss': 3.6209, 'aux_loss': 1.9811, 'z_loss': 0.0027, 'grad_norm': 0.4023, 'lr': 0.0001, 'tokens_per_sec': 265403.9561, 'mfu': 0.0822, 'expert_load_cv': 0.1667, 'min_expert_frac': 0.0124, 'dead_experts': 0, 'peak_vram_gb': 13.5539}
{'step': 2520, 'tokens': 660602880, 'lm_loss': 3.6603, 'aux_loss': 1.9746, 'z_loss': 0.0027, 'grad_norm': 0.4082, 'lr': 0.0001, 'tokens_per_sec': 265404.3032, 'mfu': 0.0822, 'expert_load_cv': 0.1673, 'min_expert_frac': 0.0124, 'dead_experts': 0, 'peak_vram_gb': 13.5539}
{'step': 2530, 'tokens': 663224320, 'lm_loss': 3.66, 'aux_loss': 1.979, 'z_loss': 0.0028, 'grad_norm': 0.4609, 'lr': 0.0001, 'tokens_per_sec': 265402.3328, 'mfu': 0.0822, 'expert_load_cv': 0.1652, 'min_expert_frac': 0.0126, 'dead_experts': 0, 'peak_vram_gb': 13.5539}
{'step': 2540, 'tokens': 665845760, 'lm_loss': 3.7191, 'aux_loss': 1.9788, 'z_loss': 0.0027, 'grad_norm': 0.3711, 'lr': 0.0001, 'tokens_per_sec': 265403.2841, 'mfu': 0.0822, 'expert_load_cv': 0.167, 'min_expert_frac': 0.0122, 'dead_experts': 0, 'peak_vram_gb': 13.5539}
{'step': 2550, 'tokens': 668467200, 'lm_loss': 3.6476, 'aux_loss': 1.9817, 'z_loss': 0.0027, 'grad_norm': 0.4023, 'lr': 0.0001, 'tokens_per_sec': 265401.1895, 'mfu': 0.0822, 'expert_load_cv': 0.1653, 'min_expert_frac': 0.0126, 'dead_experts': 0, 'peak_vram_gb': 13.5539}
{'step': 2560, 'tokens': 671088640, 'lm_loss': 3.6656, 'aux_loss': 1.9814, 'z_loss': 0.0027, 'grad_norm': 0.4707, 'lr': 0.0001, 'tokens_per_sec': 265390.3388, 'mfu': 0.0822, 'expert_load_cv': 0.1659, 'min_expert_frac': 0.0125, 'dead_experts': 0, 'peak_vram_gb': 13.5539}
{'step': 2570, 'tokens': 673710080, 'lm_loss': 3.6794, 'aux_loss': 1.9744, 'z_loss': 0.0027, 'grad_norm': 0.4004, 'lr': 0.0001, 'tokens_per_sec': 265384.3746, 'mfu': 0.0822, 'expert_load_cv': 0.1676, 'min_expert_frac': 0.0122, 'dead_experts': 0, 'peak_vram_gb': 13.5539}
{'step': 2580, 'tokens': 676331520, 'lm_loss': 3.663, 'aux_loss': 1.9778, 'z_loss': 0.0027, 'grad_norm': 0.3965, 'lr': 0.0001, 'tokens_per_sec': 265376.8572, 'mfu': 0.0822, 'expert_load_cv': 0.1654, 'min_expert_frac': 0.0123, 'dead_experts': 0, 'peak_vram_gb': 13.5539}
{'step': 2590, 'tokens': 678952960, 'lm_loss': 3.6677, 'aux_loss': 1.976, 'z_loss': 0.0027, 'grad_norm': 0.418, 'lr': 0.0001, 'tokens_per_sec': 265371.8, 'mfu': 0.0822, 'expert_load_cv': 0.1657, 'min_expert_frac': 0.0123, 'dead_experts': 0, 'peak_vram_gb': 13.5539}
{'step': 2600, 'tokens': 681574400, 'lm_loss': 3.6638, 'aux_loss': 1.9857, 'z_loss': 0.0027, 'grad_norm': 0.4043, 'lr': 0.0001, 'tokens_per_sec': 265371.8484, 'mfu': 0.0822, 'expert_load_cv': 0.1662, 'min_expert_frac': 0.0121, 'dead_experts': 0, 'peak_vram_gb': 13.5539}
{'step': 2610, 'tokens': 684195840, 'lm_loss': 3.6572, 'aux_loss': 1.9856, 'z_loss': 0.0027, 'grad_norm': 0.377, 'lr': 0.0001, 'tokens_per_sec': 265376.1531, 'mfu': 0.0822, 'expert_load_cv': 0.1642, 'min_expert_frac': 0.0125, 'dead_experts': 0, 'peak_vram_gb': 13.5539}
{'step': 2620, 'tokens': 686817280, 'lm_loss': 3.6575, 'aux_loss': 1.9782, 'z_loss': 0.0027, 'grad_norm': 0.4414, 'lr': 0.0001, 'tokens_per_sec': 265380.3416, 'mfu': 0.0822, 'expert_load_cv': 0.1665, 'min_expert_frac': 0.0122, 'dead_experts': 0, 'peak_vram_gb': 13.5539}
{'step': 2630, 'tokens': 689438720, 'lm_loss': 3.6344, 'aux_loss': 1.9782, 'z_loss': 0.0027, 'grad_norm': 0.4688, 'lr': 0.0001, 'tokens_per_sec': 265381.3286, 'mfu': 0.0822, 'expert_load_cv': 0.1655, 'min_expert_frac': 0.0123, 'dead_experts': 0, 'peak_vram_gb': 13.5539}
{'step': 2640, 'tokens': 692060160, 'lm_loss': 3.6709, 'aux_loss': 1.9788, 'z_loss': 0.0027, 'grad_norm': 0.4023, 'lr': 0.0001, 'tokens_per_sec': 265383.0153, 'mfu': 0.0822, 'expert_load_cv': 0.1658, 'min_expert_frac': 0.0126, 'dead_experts': 0, 'peak_vram_gb': 13.5539}
{'step': 2650, 'tokens': 694681600, 'lm_loss': 3.6765, 'aux_loss': 1.9725, 'z_loss': 0.0027, 'grad_norm': 0.4004, 'lr': 0.0001, 'tokens_per_sec': 265384.2312, 'mfu': 0.0822, 'expert_load_cv': 0.1633, 'min_expert_frac': 0.0127, 'dead_experts': 0, 'peak_vram_gb': 13.5539}
{'step': 2660, 'tokens': 697303040, 'lm_loss': 3.6972, 'aux_loss': 1.9785, 'z_loss': 0.0027, 'grad_norm': 0.4062, 'lr': 0.0001, 'tokens_per_sec': 265385.5154, 'mfu': 0.0822, 'expert_load_cv': 0.1642, 'min_expert_frac': 0.0125, 'dead_experts': 0, 'peak_vram_gb': 13.5539}
{'step': 2670, 'tokens': 699924480, 'lm_loss': 3.6812, 'aux_loss': 1.9734, 'z_loss': 0.0027, 'grad_norm': 0.418, 'lr': 0.0001, 'tokens_per_sec': 265377.6757, 'mfu': 0.0822, 'expert_load_cv': 0.1644, 'min_expert_frac': 0.0126, 'dead_experts': 0, 'peak_vram_gb': 13.5539}
{'step': 2680, 'tokens': 702545920, 'lm_loss': 3.6468, 'aux_loss': 1.9862, 'z_loss': 0.0027, 'grad_norm': 0.4062, 'lr': 0.0001, 'tokens_per_sec': 265377.036, 'mfu': 0.0822, 'expert_load_cv': 0.1655, 'min_expert_frac': 0.0123, 'dead_experts': 0, 'peak_vram_gb': 13.5539}
{'step': 2690, 'tokens': 705167360, 'lm_loss': 3.6181, 'aux_loss': 1.9844, 'z_loss': 0.0028, 'grad_norm': 0.3691, 'lr': 0.0001, 'tokens_per_sec': 265376.8669, 'mfu': 0.0822, 'expert_load_cv': 0.1639, 'min_expert_frac': 0.0126, 'dead_experts': 0, 'peak_vram_gb': 13.5539}
{'step': 2700, 'tokens': 707788800, 'lm_loss': 3.6752, 'aux_loss': 1.973, 'z_loss': 0.0027, 'grad_norm': 0.3652, 'lr': 0.0001, 'tokens_per_sec': 265374.2695, 'mfu': 0.0822, 'expert_load_cv': 0.1644, 'min_expert_frac': 0.0127, 'dead_experts': 0, 'peak_vram_gb': 13.5539}
{'step': 2710, 'tokens': 710410240, 'lm_loss': 3.6664, 'aux_loss': 1.98, 'z_loss': 0.0027, 'grad_norm': 0.3789, 'lr': 0.0001, 'tokens_per_sec': 265371.2909, 'mfu': 0.0822, 'expert_load_cv': 0.1641, 'min_expert_frac': 0.0127, 'dead_experts': 0, 'peak_vram_gb': 13.5539}
{'step': 2720, 'tokens': 713031680, 'lm_loss': 3.6073, 'aux_loss': 1.9852, 'z_loss': 0.0027, 'grad_norm': 0.3691, 'lr': 0.0001, 'tokens_per_sec': 265368.458, 'mfu': 0.0822, 'expert_load_cv': 0.1645, 'min_expert_frac': 0.0126, 'dead_experts': 0, 'peak_vram_gb': 13.5539}
{'step': 2730, 'tokens': 715653120, 'lm_loss': 3.704, 'aux_loss': 1.9744, 'z_loss': 0.0027, 'grad_norm': 0.3906, 'lr': 0.0001, 'tokens_per_sec': 265365.5826, 'mfu': 0.0822, 'expert_load_cv': 0.1642, 'min_expert_frac': 0.0124, 'dead_experts': 0, 'peak_vram_gb': 13.5539}
{'step': 2740, 'tokens': 718274560, 'lm_loss': 3.7033, 'aux_loss': 1.973, 'z_loss': 0.0026, 'grad_norm': 0.4199, 'lr': 0.0001, 'tokens_per_sec': 265360.6114, 'mfu': 0.0822, 'expert_load_cv': 0.1642, 'min_expert_frac': 0.0126, 'dead_experts': 0, 'peak_vram_gb': 13.5539}
{'step': 2750, 'tokens': 720896000, 'lm_loss': 3.6165, 'aux_loss': 1.978, 'z_loss': 0.0027, 'grad_norm': 0.4141, 'lr': 0.0001, 'tokens_per_sec': 265361.0273, 'mfu': 0.0822, 'expert_load_cv': 0.1638, 'min_expert_frac': 0.0126, 'dead_experts': 0, 'peak_vram_gb': 13.5539}
{'step': 2760, 'tokens': 723517440, 'lm_loss': 3.6435, 'aux_loss': 1.9792, 'z_loss': 0.0026, 'grad_norm': 0.377, 'lr': 0.0001, 'tokens_per_sec': 265360.9242, 'mfu': 0.0822, 'expert_load_cv': 0.1649, 'min_expert_frac': 0.0122, 'dead_experts': 0, 'peak_vram_gb': 13.5539}
{'step': 2770, 'tokens': 726138880, 'lm_loss': 3.6302, 'aux_loss': 1.9813, 'z_loss': 0.0027, 'grad_norm': 0.3848, 'lr': 0.0001, 'tokens_per_sec': 265362.8435, 'mfu': 0.0822, 'expert_load_cv': 0.1648, 'min_expert_frac': 0.0127, 'dead_experts': 0, 'peak_vram_gb': 13.5539}
{'step': 2780, 'tokens': 728760320, 'lm_loss': 3.7056, 'aux_loss': 1.98, 'z_loss': 0.0027, 'grad_norm': 0.3516, 'lr': 0.0001, 'tokens_per_sec': 265364.2068, 'mfu': 0.0822, 'expert_load_cv': 0.1624, 'min_expert_frac': 0.0125, 'dead_experts': 0, 'peak_vram_gb': 13.5539}
{'step': 2790, 'tokens': 731381760, 'lm_loss': 3.6639, 'aux_loss': 1.976, 'z_loss': 0.0027, 'grad_norm': 0.3477, 'lr': 0.0001, 'tokens_per_sec': 265364.2932, 'mfu': 0.0822, 'expert_load_cv': 0.1626, 'min_expert_frac': 0.0127, 'dead_experts': 0, 'peak_vram_gb': 13.5539}
{'step': 2800, 'tokens': 734003200, 'lm_loss': 3.5568, 'aux_loss': 1.9871, 'z_loss': 0.0027, 'grad_norm': 0.3555, 'lr': 0.0001, 'tokens_per_sec': 265363.2023, 'mfu': 0.0822, 'expert_load_cv': 0.1665, 'min_expert_frac': 0.0123, 'dead_experts': 0, 'peak_vram_gb': 13.5539}
{'step': 2810, 'tokens': 736624640, 'lm_loss': 3.6027, 'aux_loss': 1.9825, 'z_loss': 0.0027, 'grad_norm': 0.3379, 'lr': 0.0001, 'tokens_per_sec': 265361.1493, 'mfu': 0.0822, 'expert_load_cv': 0.1651, 'min_expert_frac': 0.0125, 'dead_experts': 0, 'peak_vram_gb': 13.5539}
{'step': 2820, 'tokens': 739246080, 'lm_loss': 3.6417, 'aux_loss': 1.9806, 'z_loss': 0.0026, 'grad_norm': 0.3652, 'lr': 0.0001, 'tokens_per_sec': 265361.0706, 'mfu': 0.0822, 'expert_load_cv': 0.1642, 'min_expert_frac': 0.0127, 'dead_experts': 0, 'peak_vram_gb': 13.5539}
{'step': 2830, 'tokens': 741867520, 'lm_loss': 3.6644, 'aux_loss': 1.9777, 'z_loss': 0.0027, 'grad_norm': 0.3594, 'lr': 0.0001, 'tokens_per_sec': 265358.57, 'mfu': 0.0822, 'expert_load_cv': 0.1632, 'min_expert_frac': 0.0126, 'dead_experts': 0, 'peak_vram_gb': 13.5539}
{'step': 2840, 'tokens': 744488960, 'lm_loss': 3.6181, 'aux_loss': 1.9785, 'z_loss': 0.0027, 'grad_norm': 0.3555, 'lr': 0.0001, 'tokens_per_sec': 265357.4106, 'mfu': 0.0822, 'expert_load_cv': 0.1637, 'min_expert_frac': 0.0127, 'dead_experts': 0, 'peak_vram_gb': 13.5539}
{'step': 2850, 'tokens': 747110400, 'lm_loss': 3.6682, 'aux_loss': 1.9759, 'z_loss': 0.0026, 'grad_norm': 0.3594, 'lr': 0.0001, 'tokens_per_sec': 265354.4139, 'mfu': 0.0822, 'expert_load_cv': 0.1633, 'min_expert_frac': 0.0125, 'dead_experts': 0, 'peak_vram_gb': 13.5539}
{'step': 2860, 'tokens': 749731840, 'lm_loss': 3.6609, 'aux_loss': 1.9761, 'z_loss': 0.0027, 'grad_norm': 0.3652, 'lr': 0.0001, 'tokens_per_sec': 265351.5508, 'mfu': 0.0822, 'expert_load_cv': 0.1637, 'min_expert_frac': 0.0123, 'dead_experts': 0, 'peak_vram_gb': 13.5539}
Writing model shards:   0%|          | 0/1 [00:00<?, ?it/s]Writing model shards: 100%|██████████| 1/1 [00:00<00:00,  2.01it/s]Writing model shards: 100%|██████████| 1/1 [00:00<00:00,  2.01it/s]
  saved runs/seedvar_E64_s0/step2860
{'step': 2870, 'tokens': 752353280, 'lm_loss': 3.6558, 'aux_loss': 1.9826, 'z_loss': 0.0027, 'grad_norm': 0.3945, 'lr': 0.0001, 'tokens_per_sec': 265299.0059, 'mfu': 0.0822, 'expert_load_cv': 0.1633, 'min_expert_frac': 0.0126, 'dead_experts': 0, 'peak_vram_gb': 13.5539}
{'step': 2880, 'tokens': 754974720, 'lm_loss': 3.6022, 'aux_loss': 1.9801, 'z_loss': 0.0027, 'grad_norm': 0.3398, 'lr': 0.0001, 'tokens_per_sec': 265299.4418, 'mfu': 0.0822, 'expert_load_cv': 0.1636, 'min_expert_frac': 0.0126, 'dead_experts': 0, 'peak_vram_gb': 13.5539}
{'step': 2890, 'tokens': 757596160, 'lm_loss': 3.6728, 'aux_loss': 1.9886, 'z_loss': 0.0027, 'grad_norm': 0.3711, 'lr': 0.0001, 'tokens_per_sec': 265301.7941, 'mfu': 0.0822, 'expert_load_cv': 0.1631, 'min_expert_frac': 0.0126, 'dead_experts': 0, 'peak_vram_gb': 13.5539}
{'step': 2900, 'tokens': 760217600, 'lm_loss': 3.721, 'aux_loss': 1.9754, 'z_loss': 0.0026, 'grad_norm': 0.3418, 'lr': 0.0001, 'tokens_per_sec': 265296.2964, 'mfu': 0.0822, 'expert_load_cv': 0.164, 'min_expert_frac': 0.0127, 'dead_experts': 0, 'peak_vram_gb': 13.5539}
{'step': 2910, 'tokens': 762839040, 'lm_loss': 3.6196, 'aux_loss': 1.9839, 'z_loss': 0.0027, 'grad_norm': 0.3516, 'lr': 0.0001, 'tokens_per_sec': 265298.7909, 'mfu': 0.0822, 'expert_load_cv': 0.1635, 'min_expert_frac': 0.0125, 'dead_experts': 0, 'peak_vram_gb': 13.5539}
{'step': 2920, 'tokens': 765460480, 'lm_loss': 3.5671, 'aux_loss': 1.9788, 'z_loss': 0.0026, 'grad_norm': 0.3594, 'lr': 0.0001, 'tokens_per_sec': 265307.2136, 'mfu': 0.0822, 'expert_load_cv': 0.1638, 'min_expert_frac': 0.0126, 'dead_experts': 0, 'peak_vram_gb': 13.5539}
{'step': 2930, 'tokens': 768081920, 'lm_loss': 3.6402, 'aux_loss': 1.98, 'z_loss': 0.0027, 'grad_norm': 0.3535, 'lr': 0.0001, 'tokens_per_sec': 265310.2555, 'mfu': 0.0822, 'expert_load_cv': 0.1642, 'min_expert_frac': 0.0125, 'dead_experts': 0, 'peak_vram_gb': 13.5539}
{'step': 2940, 'tokens': 770703360, 'lm_loss': 3.6076, 'aux_loss': 1.9814, 'z_loss': 0.0026, 'grad_norm': 0.377, 'lr': 0.0001, 'tokens_per_sec': 265313.6012, 'mfu': 0.0822, 'expert_load_cv': 0.1641, 'min_expert_frac': 0.0123, 'dead_experts': 0, 'peak_vram_gb': 13.5539}
{'step': 2950, 'tokens': 773324800, 'lm_loss': 3.6551, 'aux_loss': 1.98, 'z_loss': 0.0027, 'grad_norm': 0.375, 'lr': 0.0001, 'tokens_per_sec': 265315.6011, 'mfu': 0.0822, 'expert_load_cv': 0.163, 'min_expert_frac': 0.0125, 'dead_experts': 0, 'peak_vram_gb': 13.5539}
{'step': 2960, 'tokens': 775946240, 'lm_loss': 3.5659, 'aux_loss': 1.9894, 'z_loss': 0.0026, 'grad_norm': 0.3711, 'lr': 0.0, 'tokens_per_sec': 265307.4985, 'mfu': 0.0822, 'expert_load_cv': 0.1642, 'min_expert_frac': 0.0125, 'dead_experts': 0, 'peak_vram_gb': 13.5539}
{'step': 2970, 'tokens': 778567680, 'lm_loss': 3.5762, 'aux_loss': 1.9875, 'z_loss': 0.0026, 'grad_norm': 0.3438, 'lr': 0.0, 'tokens_per_sec': 265308.0521, 'mfu': 0.0822, 'expert_load_cv': 0.164, 'min_expert_frac': 0.0126, 'dead_experts': 0, 'peak_vram_gb': 13.5539}
{'step': 2980, 'tokens': 781189120, 'lm_loss': 3.5943, 'aux_loss': 1.9792, 'z_loss': 0.0027, 'grad_norm': 0.334, 'lr': 0.0, 'tokens_per_sec': 265308.9757, 'mfu': 0.0822, 'expert_load_cv': 0.1629, 'min_expert_frac': 0.0127, 'dead_experts': 0, 'peak_vram_gb': 13.5539}
{'step': 2990, 'tokens': 783810560, 'lm_loss': 3.6081, 'aux_loss': 1.9832, 'z_loss': 0.0027, 'grad_norm': 0.3438, 'lr': 0.0, 'tokens_per_sec': 265307.2952, 'mfu': 0.0822, 'expert_load_cv': 0.1629, 'min_expert_frac': 0.0127, 'dead_experts': 0, 'peak_vram_gb': 13.5539}
{'step': 3000, 'tokens': 786432000, 'lm_loss': 3.6403, 'aux_loss': 1.9737, 'z_loss': 0.0026, 'grad_norm': 0.3438, 'lr': 0.0, 'tokens_per_sec': 265307.3795, 'mfu': 0.0822, 'expert_load_cv': 0.1639, 'min_expert_frac': 0.0125, 'dead_experts': 0, 'peak_vram_gb': 13.5539}
{'step': 3010, 'tokens': 789053440, 'lm_loss': 3.6355, 'aux_loss': 1.9764, 'z_loss': 0.0026, 'grad_norm': 0.3418, 'lr': 0.0, 'tokens_per_sec': 265307.4637, 'mfu': 0.0822, 'expert_load_cv': 0.1624, 'min_expert_frac': 0.0127, 'dead_experts': 0, 'peak_vram_gb': 13.5539}
{'step': 3020, 'tokens': 791674880, 'lm_loss': 3.6453, 'aux_loss': 1.9817, 'z_loss': 0.0026, 'grad_norm': 0.3535, 'lr': 0.0, 'tokens_per_sec': 265304.3996, 'mfu': 0.0822, 'expert_load_cv': 0.1639, 'min_expert_frac': 0.0126, 'dead_experts': 0, 'peak_vram_gb': 13.5539}
{'step': 3030, 'tokens': 794296320, 'lm_loss': 3.6166, 'aux_loss': 1.9812, 'z_loss': 0.0027, 'grad_norm': 0.3516, 'lr': 0.0, 'tokens_per_sec': 265299.9899, 'mfu': 0.0822, 'expert_load_cv': 0.1644, 'min_expert_frac': 0.0124, 'dead_experts': 0, 'peak_vram_gb': 13.5539}
{'step': 3040, 'tokens': 796917760, 'lm_loss': 3.6561, 'aux_loss': 1.9789, 'z_loss': 0.0027, 'grad_norm': 0.3359, 'lr': 0.0, 'tokens_per_sec': 265305.7132, 'mfu': 0.0822, 'expert_load_cv': 0.1661, 'min_expert_frac': 0.0123, 'dead_experts': 0, 'peak_vram_gb': 13.5539}
{'step': 3050, 'tokens': 799539200, 'lm_loss': 3.6093, 'aux_loss': 1.984, 'z_loss': 0.0027, 'grad_norm': 0.3574, 'lr': 0.0, 'tokens_per_sec': 265304.7886, 'mfu': 0.0822, 'expert_load_cv': 0.1632, 'min_expert_frac': 0.0125, 'dead_experts': 0, 'peak_vram_gb': 13.5539}
{'step': 3060, 'tokens': 802160640, 'lm_loss': 3.6535, 'aux_loss': 1.9765, 'z_loss': 0.0026, 'grad_norm': 0.3379, 'lr': 0.0, 'tokens_per_sec': 265301.56, 'mfu': 0.0822, 'expert_load_cv': 0.1642, 'min_expert_frac': 0.0124, 'dead_experts': 0, 'peak_vram_gb': 13.5539}
{'step': 3070, 'tokens': 804782080, 'lm_loss': 3.6258, 'aux_loss': 1.9781, 'z_loss': 0.0026, 'grad_norm': 0.3672, 'lr': 0.0, 'tokens_per_sec': 265296.8429, 'mfu': 0.0822, 'expert_load_cv': 0.1653, 'min_expert_frac': 0.0123, 'dead_experts': 0, 'peak_vram_gb': 13.5539}
{'step': 3080, 'tokens': 807403520, 'lm_loss': 3.6418, 'aux_loss': 1.9767, 'z_loss': 0.0026, 'grad_norm': 0.3359, 'lr': 0.0, 'tokens_per_sec': 265297.017, 'mfu': 0.0822, 'expert_load_cv': 0.1644, 'min_expert_frac': 0.0124, 'dead_experts': 0, 'peak_vram_gb': 13.5539}
{'step': 3090, 'tokens': 810024960, 'lm_loss': 3.6735, 'aux_loss': 1.9743, 'z_loss': 0.0026, 'grad_norm': 0.3359, 'lr': 0.0, 'tokens_per_sec': 265295.5108, 'mfu': 0.0822, 'expert_load_cv': 0.1628, 'min_expert_frac': 0.0127, 'dead_experts': 0, 'peak_vram_gb': 13.5539}
{'step': 3100, 'tokens': 812646400, 'lm_loss': 3.6151, 'aux_loss': 1.9789, 'z_loss': 0.0026, 'grad_norm': 0.3145, 'lr': 0.0, 'tokens_per_sec': 265280.4838, 'mfu': 0.0822, 'expert_load_cv': 0.164, 'min_expert_frac': 0.0125, 'dead_experts': 0, 'peak_vram_gb': 13.5539}
{'step': 3110, 'tokens': 815267840, 'lm_loss': 3.6615, 'aux_loss': 1.9794, 'z_loss': 0.0026, 'grad_norm': 0.3633, 'lr': 0.0, 'tokens_per_sec': 265275.2462, 'mfu': 0.0822, 'expert_load_cv': 0.1628, 'min_expert_frac': 0.0127, 'dead_experts': 0, 'peak_vram_gb': 13.5539}
{'step': 3120, 'tokens': 817889280, 'lm_loss': 3.6704, 'aux_loss': 1.9772, 'z_loss': 0.0026, 'grad_norm': 0.3262, 'lr': 0.0, 'tokens_per_sec': 265272.1293, 'mfu': 0.0822, 'expert_load_cv': 0.1621, 'min_expert_frac': 0.0127, 'dead_experts': 0, 'peak_vram_gb': 13.5539}
{'step': 3130, 'tokens': 820510720, 'lm_loss': 3.5984, 'aux_loss': 1.9774, 'z_loss': 0.0026, 'grad_norm': 0.3047, 'lr': 0.0, 'tokens_per_sec': 265268.4579, 'mfu': 0.0822, 'expert_load_cv': 0.1627, 'min_expert_frac': 0.0126, 'dead_experts': 0, 'peak_vram_gb': 13.5539}
{'step': 3140, 'tokens': 823132160, 'lm_loss': 3.5137, 'aux_loss': 1.9921, 'z_loss': 0.0027, 'grad_norm': 0.3574, 'lr': 0.0, 'tokens_per_sec': 265264.7988, 'mfu': 0.0822, 'expert_load_cv': 0.1641, 'min_expert_frac': 0.0124, 'dead_experts': 0, 'peak_vram_gb': 13.5539}
{'step': 3150, 'tokens': 825753600, 'lm_loss': 3.5912, 'aux_loss': 1.9891, 'z_loss': 0.0027, 'grad_norm': 0.3457, 'lr': 0.0, 'tokens_per_sec': 265262.0904, 'mfu': 0.0822, 'expert_load_cv': 0.1629, 'min_expert_frac': 0.0126, 'dead_experts': 0, 'peak_vram_gb': 13.5539}
{'step': 3160, 'tokens': 828375040, 'lm_loss': 3.6351, 'aux_loss': 1.9796, 'z_loss': 0.0026, 'grad_norm': 0.334, 'lr': 0.0, 'tokens_per_sec': 265261.7266, 'mfu': 0.0822, 'expert_load_cv': 0.1643, 'min_expert_frac': 0.0124, 'dead_experts': 0, 'peak_vram_gb': 13.5539}
{'step': 3170, 'tokens': 830996480, 'lm_loss': 3.6041, 'aux_loss': 1.9792, 'z_loss': 0.0026, 'grad_norm': 0.3281, 'lr': 0.0, 'tokens_per_sec': 265258.145, 'mfu': 0.0822, 'expert_load_cv': 0.1641, 'min_expert_frac': 0.0124, 'dead_experts': 0, 'peak_vram_gb': 13.5539}
{'step': 3180, 'tokens': 833617920, 'lm_loss': 3.6114, 'aux_loss': 1.9799, 'z_loss': 0.0026, 'grad_norm': 0.332, 'lr': 0.0, 'tokens_per_sec': 265252.028, 'mfu': 0.0822, 'expert_load_cv': 0.1643, 'min_expert_frac': 0.0126, 'dead_experts': 0, 'peak_vram_gb': 13.5539}
{'step': 3190, 'tokens': 836239360, 'lm_loss': 3.6059, 'aux_loss': 1.9804, 'z_loss': 0.0026, 'grad_norm': 0.375, 'lr': 0.0, 'tokens_per_sec': 265248.0224, 'mfu': 0.0822, 'expert_load_cv': 0.163, 'min_expert_frac': 0.0124, 'dead_experts': 0, 'peak_vram_gb': 13.5539}
{'step': 3200, 'tokens': 838860800, 'lm_loss': 3.6528, 'aux_loss': 1.9775, 'z_loss': 0.0026, 'grad_norm': 0.3398, 'lr': 0.0, 'tokens_per_sec': 265241.608, 'mfu': 0.0822, 'expert_load_cv': 0.163, 'min_expert_frac': 0.0127, 'dead_experts': 0, 'peak_vram_gb': 13.5539}
{'step': 3210, 'tokens': 841482240, 'lm_loss': 3.6054, 'aux_loss': 1.9858, 'z_loss': 0.0027, 'grad_norm': 0.3066, 'lr': 0.0, 'tokens_per_sec': 265243.861, 'mfu': 0.0822, 'expert_load_cv': 0.1639, 'min_expert_frac': 0.0125, 'dead_experts': 0, 'peak_vram_gb': 13.5539}
{'step': 3220, 'tokens': 844103680, 'lm_loss': 3.6245, 'aux_loss': 1.9799, 'z_loss': 0.0026, 'grad_norm': 0.3262, 'lr': 0.0, 'tokens_per_sec': 265243.7525, 'mfu': 0.0822, 'expert_load_cv': 0.1623, 'min_expert_frac': 0.0126, 'dead_experts': 0, 'peak_vram_gb': 13.5539}
{'step': 3230, 'tokens': 846725120, 'lm_loss': 3.6512, 'aux_loss': 1.9786, 'z_loss': 0.0026, 'grad_norm': 0.3086, 'lr': 0.0, 'tokens_per_sec': 265244.5853, 'mfu': 0.0822, 'expert_load_cv': 0.163, 'min_expert_frac': 0.0126, 'dead_experts': 0, 'peak_vram_gb': 13.5539}
{'step': 3240, 'tokens': 849346560, 'lm_loss': 3.5569, 'aux_loss': 1.9839, 'z_loss': 0.0027, 'grad_norm': 0.3086, 'lr': 0.0, 'tokens_per_sec': 265242.7792, 'mfu': 0.0822, 'expert_load_cv': 0.1638, 'min_expert_frac': 0.0125, 'dead_experts': 0, 'peak_vram_gb': 13.5539}
{'step': 3250, 'tokens': 851968000, 'lm_loss': 3.6613, 'aux_loss': 1.977, 'z_loss': 0.0026, 'grad_norm': 0.3027, 'lr': 0.0, 'tokens_per_sec': 265239.1984, 'mfu': 0.0822, 'expert_load_cv': 0.1636, 'min_expert_frac': 0.0125, 'dead_experts': 0, 'peak_vram_gb': 13.5539}
{'step': 3260, 'tokens': 854589440, 'lm_loss': 3.5891, 'aux_loss': 1.9927, 'z_loss': 0.0026, 'grad_norm': 0.3262, 'lr': 0.0, 'tokens_per_sec': 265239.2593, 'mfu': 0.0822, 'expert_load_cv': 0.1624, 'min_expert_frac': 0.0125, 'dead_experts': 0, 'peak_vram_gb': 13.5539}
{'step': 3270, 'tokens': 857210880, 'lm_loss': 3.6302, 'aux_loss': 1.976, 'z_loss': 0.0026, 'grad_norm': 0.3203, 'lr': 0.0, 'tokens_per_sec': 265237.0815, 'mfu': 0.0822, 'expert_load_cv': 0.1622, 'min_expert_frac': 0.0128, 'dead_experts': 0, 'peak_vram_gb': 13.5539}
{'step': 3280, 'tokens': 859832320, 'lm_loss': 3.6383, 'aux_loss': 1.9756, 'z_loss': 0.0026, 'grad_norm': 0.3359, 'lr': 0.0, 'tokens_per_sec': 265237.9567, 'mfu': 0.0822, 'expert_load_cv': 0.1625, 'min_expert_frac': 0.0126, 'dead_experts': 0, 'peak_vram_gb': 13.5539}
{'step': 3290, 'tokens': 862453760, 'lm_loss': 3.6259, 'aux_loss': 1.9791, 'z_loss': 0.0026, 'grad_norm': 0.3047, 'lr': 0.0, 'tokens_per_sec': 265236.7865, 'mfu': 0.0822, 'expert_load_cv': 0.1623, 'min_expert_frac': 0.0128, 'dead_experts': 0, 'peak_vram_gb': 13.5539}
{'step': 3300, 'tokens': 865075200, 'lm_loss': 3.6271, 'aux_loss': 1.9857, 'z_loss': 0.0026, 'grad_norm': 0.3047, 'lr': 0.0, 'tokens_per_sec': 265237.9489, 'mfu': 0.0822, 'expert_load_cv': 0.1633, 'min_expert_frac': 0.0127, 'dead_experts': 0, 'peak_vram_gb': 13.5539}
{'step': 3310, 'tokens': 867696640, 'lm_loss': 3.6469, 'aux_loss': 1.9883, 'z_loss': 0.0026, 'grad_norm': 0.3242, 'lr': 0.0, 'tokens_per_sec': 265237.4138, 'mfu': 0.0822, 'expert_load_cv': 0.1657, 'min_expert_frac': 0.0123, 'dead_experts': 0, 'peak_vram_gb': 13.5539}
{'step': 3320, 'tokens': 870318080, 'lm_loss': 3.6371, 'aux_loss': 1.9848, 'z_loss': 0.0026, 'grad_norm': 0.2969, 'lr': 0.0, 'tokens_per_sec': 265235.8968, 'mfu': 0.0822, 'expert_load_cv': 0.163, 'min_expert_frac': 0.0126, 'dead_experts': 0, 'peak_vram_gb': 13.5539}
{'step': 3330, 'tokens': 872939520, 'lm_loss': 3.6119, 'aux_loss': 1.9844, 'z_loss': 0.0026, 'grad_norm': 0.3242, 'lr': 0.0, 'tokens_per_sec': 265233.733, 'mfu': 0.0822, 'expert_load_cv': 0.1634, 'min_expert_frac': 0.0126, 'dead_experts': 0, 'peak_vram_gb': 13.5539}
{'step': 3340, 'tokens': 875560960, 'lm_loss': 3.62, 'aux_loss': 1.9796, 'z_loss': 0.0026, 'grad_norm': 0.3574, 'lr': 0.0, 'tokens_per_sec': 265229.5602, 'mfu': 0.0822, 'expert_load_cv': 0.1632, 'min_expert_frac': 0.0125, 'dead_experts': 0, 'peak_vram_gb': 13.5539}
{'step': 3350, 'tokens': 878182400, 'lm_loss': 3.5972, 'aux_loss': 1.9776, 'z_loss': 0.0026, 'grad_norm': 0.3281, 'lr': 0.0, 'tokens_per_sec': 265226.1969, 'mfu': 0.0822, 'expert_load_cv': 0.1629, 'min_expert_frac': 0.0124, 'dead_experts': 0, 'peak_vram_gb': 13.5539}
{'step': 3360, 'tokens': 880803840, 'lm_loss': 3.6363, 'aux_loss': 1.9843, 'z_loss': 0.0026, 'grad_norm': 0.3184, 'lr': 0.0, 'tokens_per_sec': 265223.8349, 'mfu': 0.0822, 'expert_load_cv': 0.1641, 'min_expert_frac': 0.0125, 'dead_experts': 0, 'peak_vram_gb': 13.5539}
{'step': 3370, 'tokens': 883425280, 'lm_loss': 3.6688, 'aux_loss': 1.9756, 'z_loss': 0.0026, 'grad_norm': 0.3066, 'lr': 0.0, 'tokens_per_sec': 265225.16, 'mfu': 0.0822, 'expert_load_cv': 0.163, 'min_expert_frac': 0.0128, 'dead_experts': 0, 'peak_vram_gb': 13.5539}
{'step': 3380, 'tokens': 886046720, 'lm_loss': 3.6229, 'aux_loss': 1.9839, 'z_loss': 0.0026, 'grad_norm': 0.3125, 'lr': 0.0, 'tokens_per_sec': 265228.8553, 'mfu': 0.0822, 'expert_load_cv': 0.163, 'min_expert_frac': 0.0126, 'dead_experts': 0, 'peak_vram_gb': 13.5539}
{'step': 3390, 'tokens': 888668160, 'lm_loss': 3.6474, 'aux_loss': 1.9799, 'z_loss': 0.0026, 'grad_norm': 0.3184, 'lr': 0.0, 'tokens_per_sec': 265232.117, 'mfu': 0.0822, 'expert_load_cv': 0.163, 'min_expert_frac': 0.0125, 'dead_experts': 0, 'peak_vram_gb': 13.5539}
{'step': 3400, 'tokens': 891289600, 'lm_loss': 3.6208, 'aux_loss': 1.9824, 'z_loss': 0.0026, 'grad_norm': 0.3145, 'lr': 0.0, 'tokens_per_sec': 265237.8745, 'mfu': 0.0822, 'expert_load_cv': 0.1625, 'min_expert_frac': 0.0125, 'dead_experts': 0, 'peak_vram_gb': 13.5539}
{'step': 3410, 'tokens': 893911040, 'lm_loss': 3.6231, 'aux_loss': 1.9775, 'z_loss': 0.0026, 'grad_norm': 0.3047, 'lr': 0.0, 'tokens_per_sec': 265245.0912, 'mfu': 0.0822, 'expert_load_cv': 0.1636, 'min_expert_frac': 0.0125, 'dead_experts': 0, 'peak_vram_gb': 13.5539}
{'step': 3420, 'tokens': 896532480, 'lm_loss': 3.6689, 'aux_loss': 1.9821, 'z_loss': 0.0027, 'grad_norm': 0.3184, 'lr': 0.0, 'tokens_per_sec': 265248.7365, 'mfu': 0.0822, 'expert_load_cv': 0.1643, 'min_expert_frac': 0.0124, 'dead_experts': 0, 'peak_vram_gb': 13.5539}
{'step': 3430, 'tokens': 899153920, 'lm_loss': 3.6257, 'aux_loss': 1.9795, 'z_loss': 0.0026, 'grad_norm': 0.3242, 'lr': 0.0, 'tokens_per_sec': 265253.6763, 'mfu': 0.0822, 'expert_load_cv': 0.1637, 'min_expert_frac': 0.0126, 'dead_experts': 0, 'peak_vram_gb': 13.5539}
{'step': 3440, 'tokens': 901775360, 'lm_loss': 3.6708, 'aux_loss': 1.9765, 'z_loss': 0.0026, 'grad_norm': 0.334, 'lr': 0.0, 'tokens_per_sec': 265255.8549, 'mfu': 0.0822, 'expert_load_cv': 0.1618, 'min_expert_frac': 0.0127, 'dead_experts': 0, 'peak_vram_gb': 13.5539}
{'step': 3450, 'tokens': 904396800, 'lm_loss': 3.6258, 'aux_loss': 1.9778, 'z_loss': 0.0026, 'grad_norm': 0.3105, 'lr': 0.0, 'tokens_per_sec': 265255.9925, 'mfu': 0.0822, 'expert_load_cv': 0.1628, 'min_expert_frac': 0.0126, 'dead_experts': 0, 'peak_vram_gb': 13.5539}
{'step': 3460, 'tokens': 907018240, 'lm_loss': 3.6428, 'aux_loss': 1.9776, 'z_loss': 0.0026, 'grad_norm': 0.3203, 'lr': 0.0, 'tokens_per_sec': 265256.0375, 'mfu': 0.0822, 'expert_load_cv': 0.1617, 'min_expert_frac': 0.0127, 'dead_experts': 0, 'peak_vram_gb': 13.5539}
{'step': 3470, 'tokens': 909639680, 'lm_loss': 3.5844, 'aux_loss': 1.9819, 'z_loss': 0.0026, 'grad_norm': 0.3203, 'lr': 0.0, 'tokens_per_sec': 265256.5246, 'mfu': 0.0822, 'expert_load_cv': 0.1644, 'min_expert_frac': 0.0124, 'dead_experts': 0, 'peak_vram_gb': 13.5539}
{'step': 3480, 'tokens': 912261120, 'lm_loss': 3.5978, 'aux_loss': 1.9962, 'z_loss': 0.0026, 'grad_norm': 0.3164, 'lr': 0.0, 'tokens_per_sec': 265254.6181, 'mfu': 0.0822, 'expert_load_cv': 0.1644, 'min_expert_frac': 0.0125, 'dead_experts': 0, 'peak_vram_gb': 13.5539}
{'step': 3490, 'tokens': 914882560, 'lm_loss': 3.6978, 'aux_loss': 1.977, 'z_loss': 0.0026, 'grad_norm': 0.3164, 'lr': 0.0, 'tokens_per_sec': 265252.3852, 'mfu': 0.0822, 'expert_load_cv': 0.163, 'min_expert_frac': 0.0125, 'dead_experts': 0, 'peak_vram_gb': 13.5539}
{'step': 3500, 'tokens': 917504000, 'lm_loss': 3.6472, 'aux_loss': 1.9759, 'z_loss': 0.0026, 'grad_norm': 0.3105, 'lr': 0.0, 'tokens_per_sec': 265227.2823, 'mfu': 0.0822, 'expert_load_cv': 0.1624, 'min_expert_frac': 0.0125, 'dead_experts': 0, 'peak_vram_gb': 13.5539}
{'step': 3510, 'tokens': 920125440, 'lm_loss': 3.7026, 'aux_loss': 1.9791, 'z_loss': 0.0026, 'grad_norm': 0.3066, 'lr': 0.0, 'tokens_per_sec': 265202.5713, 'mfu': 0.0822, 'expert_load_cv': 0.1632, 'min_expert_frac': 0.0127, 'dead_experts': 0, 'peak_vram_gb': 13.5539}
{'step': 3520, 'tokens': 922746880, 'lm_loss': 3.6016, 'aux_loss': 1.9778, 'z_loss': 0.0026, 'grad_norm': 0.3008, 'lr': 0.0, 'tokens_per_sec': 265194.9243, 'mfu': 0.0822, 'expert_load_cv': 0.1623, 'min_expert_frac': 0.0127, 'dead_experts': 0, 'peak_vram_gb': 13.5539}
{'step': 3530, 'tokens': 925368320, 'lm_loss': 3.5602, 'aux_loss': 1.9823, 'z_loss': 0.0027, 'grad_norm': 0.293, 'lr': 0.0, 'tokens_per_sec': 265193.7505, 'mfu': 0.0822, 'expert_load_cv': 0.1654, 'min_expert_frac': 0.0124, 'dead_experts': 0, 'peak_vram_gb': 13.5539}
{'step': 3540, 'tokens': 927989760, 'lm_loss': 3.6524, 'aux_loss': 1.9786, 'z_loss': 0.0027, 'grad_norm': 0.3008, 'lr': 0.0, 'tokens_per_sec': 265193.1879, 'mfu': 0.0822, 'expert_load_cv': 0.1632, 'min_expert_frac': 0.0126, 'dead_experts': 0, 'peak_vram_gb': 13.5539}
{'step': 3550, 'tokens': 930611200, 'lm_loss': 3.7035, 'aux_loss': 1.9762, 'z_loss': 0.0026, 'grad_norm': 0.3047, 'lr': 0.0, 'tokens_per_sec': 265191.3996, 'mfu': 0.0822, 'expert_load_cv': 0.1626, 'min_expert_frac': 0.0126, 'dead_experts': 0, 'peak_vram_gb': 13.5539}
{'step': 3560, 'tokens': 933232640, 'lm_loss': 3.6194, 'aux_loss': 1.9828, 'z_loss': 0.0026, 'grad_norm': 0.3242, 'lr': 0.0, 'tokens_per_sec': 265192.0009, 'mfu': 0.0822, 'expert_load_cv': 0.1629, 'min_expert_frac': 0.0126, 'dead_experts': 0, 'peak_vram_gb': 13.5539}
{'step': 3570, 'tokens': 935854080, 'lm_loss': 3.6385, 'aux_loss': 1.9812, 'z_loss': 0.0026, 'grad_norm': 0.3145, 'lr': 0.0, 'tokens_per_sec': 265191.04, 'mfu': 0.0822, 'expert_load_cv': 0.1622, 'min_expert_frac': 0.0126, 'dead_experts': 0, 'peak_vram_gb': 13.5539}
{'step': 3580, 'tokens': 938475520, 'lm_loss': 3.6236, 'aux_loss': 1.9763, 'z_loss': 0.0026, 'grad_norm': 0.3164, 'lr': 0.0, 'tokens_per_sec': 265187.4548, 'mfu': 0.0822, 'expert_load_cv': 0.1634, 'min_expert_frac': 0.0125, 'dead_experts': 0, 'peak_vram_gb': 13.5539}
{'step': 3590, 'tokens': 941096960, 'lm_loss': 3.6273, 'aux_loss': 1.9863, 'z_loss': 0.0027, 'grad_norm': 0.3184, 'lr': 0.0, 'tokens_per_sec': 265185.4074, 'mfu': 0.0822, 'expert_load_cv': 0.1638, 'min_expert_frac': 0.0126, 'dead_experts': 0, 'peak_vram_gb': 13.5539}
{'step': 3600, 'tokens': 943718400, 'lm_loss': 3.5667, 'aux_loss': 1.9882, 'z_loss': 0.0027, 'grad_norm': 0.3008, 'lr': 0.0, 'tokens_per_sec': 265183.0876, 'mfu': 0.0822, 'expert_load_cv': 0.1644, 'min_expert_frac': 0.0126, 'dead_experts': 0, 'peak_vram_gb': 13.5539}
{'step': 3610, 'tokens': 946339840, 'lm_loss': 3.6023, 'aux_loss': 1.9777, 'z_loss': 0.0026, 'grad_norm': 0.3086, 'lr': 0.0, 'tokens_per_sec': 265181.229, 'mfu': 0.0822, 'expert_load_cv': 0.1626, 'min_expert_frac': 0.0126, 'dead_experts': 0, 'peak_vram_gb': 13.5539}
{'step': 3620, 'tokens': 948961280, 'lm_loss': 3.653, 'aux_loss': 1.9829, 'z_loss': 0.0026, 'grad_norm': 0.3262, 'lr': 0.0, 'tokens_per_sec': 265180.2553, 'mfu': 0.0822, 'expert_load_cv': 0.1634, 'min_expert_frac': 0.0127, 'dead_experts': 0, 'peak_vram_gb': 13.5539}
{'step': 3630, 'tokens': 951582720, 'lm_loss': 3.6453, 'aux_loss': 1.9797, 'z_loss': 0.0026, 'grad_norm': 0.3301, 'lr': 0.0, 'tokens_per_sec': 265181.8783, 'mfu': 0.0822, 'expert_load_cv': 0.162, 'min_expert_frac': 0.0126, 'dead_experts': 0, 'peak_vram_gb': 13.5539}
{'step': 3640, 'tokens': 954204160, 'lm_loss': 3.6713, 'aux_loss': 1.9789, 'z_loss': 0.0026, 'grad_norm': 0.3145, 'lr': 0.0, 'tokens_per_sec': 265177.9512, 'mfu': 0.0822, 'expert_load_cv': 0.1632, 'min_expert_frac': 0.0125, 'dead_experts': 0, 'peak_vram_gb': 13.5539}
{'step': 3650, 'tokens': 956825600, 'lm_loss': 3.5591, 'aux_loss': 1.9823, 'z_loss': 0.0027, 'grad_norm': 0.3008, 'lr': 0.0, 'tokens_per_sec': 265176.3308, 'mfu': 0.0822, 'expert_load_cv': 0.163, 'min_expert_frac': 0.0127, 'dead_experts': 0, 'peak_vram_gb': 13.5539}
{'step': 3660, 'tokens': 959447040, 'lm_loss': 3.7307, 'aux_loss': 1.9781, 'z_loss': 0.0026, 'grad_norm': 0.3203, 'lr': 0.0, 'tokens_per_sec': 265169.6729, 'mfu': 0.0822, 'expert_load_cv': 0.1645, 'min_expert_frac': 0.0124, 'dead_experts': 0, 'peak_vram_gb': 13.5539}
{'step': 3670, 'tokens': 962068480, 'lm_loss': 3.6709, 'aux_loss': 1.9796, 'z_loss': 0.0026, 'grad_norm': 0.3203, 'lr': 0.0, 'tokens_per_sec': 265162.5315, 'mfu': 0.0821, 'expert_load_cv': 0.1626, 'min_expert_frac': 0.0126, 'dead_experts': 0, 'peak_vram_gb': 13.5539}
{'step': 3680, 'tokens': 964689920, 'lm_loss': 3.6054, 'aux_loss': 1.9821, 'z_loss': 0.0026, 'grad_norm': 0.3223, 'lr': 0.0, 'tokens_per_sec': 265165.4239, 'mfu': 0.0821, 'expert_load_cv': 0.1629, 'min_expert_frac': 0.0127, 'dead_experts': 0, 'peak_vram_gb': 13.5539}
{'step': 3690, 'tokens': 967311360, 'lm_loss': 3.6443, 'aux_loss': 1.9761, 'z_loss': 0.0026, 'grad_norm': 0.3047, 'lr': 0.0, 'tokens_per_sec': 265164.6119, 'mfu': 0.0821, 'expert_load_cv': 0.1648, 'min_expert_frac': 0.0124, 'dead_experts': 0, 'peak_vram_gb': 13.5539}
{'step': 3700, 'tokens': 969932800, 'lm_loss': 3.5889, 'aux_loss': 1.9787, 'z_loss': 0.0026, 'grad_norm': 0.3027, 'lr': 0.0, 'tokens_per_sec': 265163.2449, 'mfu': 0.0821, 'expert_load_cv': 0.1631, 'min_expert_frac': 0.0126, 'dead_experts': 0, 'peak_vram_gb': 13.5539}
{'step': 3710, 'tokens': 972554240, 'lm_loss': 3.6145, 'aux_loss': 1.9794, 'z_loss': 0.0026, 'grad_norm': 0.3281, 'lr': 0.0, 'tokens_per_sec': 265163.3895, 'mfu': 0.0821, 'expert_load_cv': 0.1627, 'min_expert_frac': 0.0126, 'dead_experts': 0, 'peak_vram_gb': 13.5539}
{'step': 3720, 'tokens': 975175680, 'lm_loss': 3.675, 'aux_loss': 1.98, 'z_loss': 0.0026, 'grad_norm': 0.3203, 'lr': 0.0, 'tokens_per_sec': 265163.0485, 'mfu': 0.0821, 'expert_load_cv': 0.1636, 'min_expert_frac': 0.0126, 'dead_experts': 0, 'peak_vram_gb': 13.5539}
{'step': 3730, 'tokens': 977797120, 'lm_loss': 3.7032, 'aux_loss': 1.9765, 'z_loss': 0.0026, 'grad_norm': 0.3301, 'lr': 0.0, 'tokens_per_sec': 265164.3762, 'mfu': 0.0821, 'expert_load_cv': 0.1619, 'min_expert_frac': 0.0127, 'dead_experts': 0, 'peak_vram_gb': 13.5539}
{'step': 3740, 'tokens': 980418560, 'lm_loss': 3.6522, 'aux_loss': 1.9842, 'z_loss': 0.0026, 'grad_norm': 0.3047, 'lr': 0.0, 'tokens_per_sec': 265165.613, 'mfu': 0.0822, 'expert_load_cv': 0.1645, 'min_expert_frac': 0.0125, 'dead_experts': 0, 'peak_vram_gb': 13.5539}
{'step': 3750, 'tokens': 983040000, 'lm_loss': 3.6602, 'aux_loss': 1.9739, 'z_loss': 0.0026, 'grad_norm': 0.2852, 'lr': 0.0, 'tokens_per_sec': 265166.8499, 'mfu': 0.0822, 'expert_load_cv': 0.1641, 'min_expert_frac': 0.0125, 'dead_experts': 0, 'peak_vram_gb': 13.5539}
{'step': 3760, 'tokens': 985661440, 'lm_loss': 3.6489, 'aux_loss': 1.9769, 'z_loss': 0.0026, 'grad_norm': 0.3008, 'lr': 0.0, 'tokens_per_sec': 265162.9324, 'mfu': 0.0821, 'expert_load_cv': 0.1626, 'min_expert_frac': 0.0127, 'dead_experts': 0, 'peak_vram_gb': 13.5539}
{'step': 3770, 'tokens': 988282880, 'lm_loss': 3.6914, 'aux_loss': 1.9778, 'z_loss': 0.0026, 'grad_norm': 0.2969, 'lr': 0.0, 'tokens_per_sec': 265162.43, 'mfu': 0.0821, 'expert_load_cv': 0.1633, 'min_expert_frac': 0.0127, 'dead_experts': 0, 'peak_vram_gb': 13.5539}
{'step': 3780, 'tokens': 990904320, 'lm_loss': 3.6209, 'aux_loss': 1.986, 'z_loss': 0.0026, 'grad_norm': 0.3066, 'lr': 0.0, 'tokens_per_sec': 265162.7617, 'mfu': 0.0821, 'expert_load_cv': 0.1626, 'min_expert_frac': 0.0127, 'dead_experts': 0, 'peak_vram_gb': 13.5539}
{'step': 3790, 'tokens': 993525760, 'lm_loss': 3.5799, 'aux_loss': 1.9863, 'z_loss': 0.0026, 'grad_norm': 0.3145, 'lr': 0.0, 'tokens_per_sec': 265162.6491, 'mfu': 0.0821, 'expert_load_cv': 0.1642, 'min_expert_frac': 0.0124, 'dead_experts': 0, 'peak_vram_gb': 13.5539}
{'step': 3800, 'tokens': 996147200, 'lm_loss': 3.6117, 'aux_loss': 1.9839, 'z_loss': 0.0027, 'grad_norm': 0.3223, 'lr': 0.0, 'tokens_per_sec': 265161.131, 'mfu': 0.0821, 'expert_load_cv': 0.1639, 'min_expert_frac': 0.0124, 'dead_experts': 0, 'peak_vram_gb': 13.5539}
{'step': 3810, 'tokens': 998768640, 'lm_loss': 3.5992, 'aux_loss': 1.9789, 'z_loss': 0.0027, 'grad_norm': 0.3027, 'lr': 0.0, 'tokens_per_sec': 265157.6953, 'mfu': 0.0821, 'expert_load_cv': 0.163, 'min_expert_frac': 0.0125, 'dead_experts': 0, 'peak_vram_gb': 13.5539}
Writing model shards:   0%|          | 0/1 [00:00<?, ?it/s]Writing model shards: 100%|██████████| 1/1 [00:00<00:00,  3.09it/s]Writing model shards: 100%|██████████| 1/1 [00:00<00:00,  3.08it/s]
  saved runs/seedvar_E64_s0/step3814
done -> runs/seedvar_E64_s0
[1;34mwandb[0m: 
[1;34mwandb[0m: 🚀 View run [33mseedvar_E64_s0[0m at: [34mhttps://wandb.ai/falyahya-vector/moe-sparsity-pilot/runs/uqsnx9hw[0m
[1;34mwandb[0m: Find logs at: [1;35mwandb/run-20260727_114529-uqsnx9hw/logs[0m
=== E=64 seed=1 ===
{
  "active_nonembed": 8519680,
  "total_nonembed": 203554816,
  "embedding": 4096000,
  "total_all": 207655168,
  "sparsity_ratio": 23.892307692307693,
  "total_steps": 3814,
  "warmup": 76,
  "tokens_per_step": 262144
}
wandb: [wandb.login()] Loaded credentials for https://api.wandb.ai from /root/.netrc.
wandb: Currently logged in as: falyahya (falyahya-vector) to https://api.wandb.ai. Use `wandb login --relogin` to force relogin
wandb: Tracking run with wandb version 0.28.1
wandb: Run data is saved locally in /workspace/MoE-Sparsity/code/wandb/run-20260727_124929-gqj00jet
wandb: Run `wandb offline` to turn off syncing.
wandb: Syncing run seedvar_E64_s1
wandb: ⭐️ View project at https://wandb.ai/falyahya-vector/moe-sparsity-pilot
wandb: 🚀 View run at https://wandb.ai/falyahya-vector/moe-sparsity-pilot/runs/gqj00jet
/workspace/MoE-Sparsity/code/step07_train.py:113: UserWarning: Converting a tensor with requires_grad=True to a scalar may lead to unexpected behavior.
Consider using tensor.detach() first. (Triggered internally at /__w/pytorch/pytorch/torch/csrc/autograd/generated/python_variable_methods.cpp:822.)
  acc_z += float(zl) / a.grad_accum
{'step': 10, 'tokens': 2621440, 'lm_loss': 9.6332, 'aux_loss': 2.0451, 'z_loss': 0.0177, 'grad_norm': 1.5156, 'lr': 0.0001, 'tokens_per_sec': 223614.6599, 'mfu': 0.0693, 'expert_load_cv': 0.4106, 'min_expert_frac': 0.0044, 'dead_experts': 0, 'peak_vram_gb': 13.5539}
{'step': 20, 'tokens': 5242880, 'lm_loss': 9.3021, 'aux_loss': 2.0855, 'z_loss': 0.0174, 'grad_norm': 1.1953, 'lr': 0.0001, 'tokens_per_sec': 238695.0364, 'mfu': 0.0739, 'expert_load_cv': 0.9739, 'min_expert_frac': 0.0018, 'dead_experts': 0, 'peak_vram_gb': 13.5539}
{'step': 30, 'tokens': 7864320, 'lm_loss': 8.982, 'aux_loss': 2.0097, 'z_loss': 0.0176, 'grad_norm': 1.1562, 'lr': 0.0002, 'tokens_per_sec': 246532.2143, 'mfu': 0.0764, 'expert_load_cv': 0.9867, 'min_expert_frac': 0.0007, 'dead_experts': 0, 'peak_vram_gb': 13.5539}
{'step': 40, 'tokens': 10485760, 'lm_loss': 8.532, 'aux_loss': 2.1769, 'z_loss': 0.0172, 'grad_norm': 1.1328, 'lr': 0.0002, 'tokens_per_sec': 251135.6967, 'mfu': 0.0778, 'expert_load_cv': 0.8601, 'min_expert_frac': 0.0001, 'dead_experts': 2, 'peak_vram_gb': 13.5539}
  !! ROUTER COLLAPSE WARNING: 2 dead experts
{'step': 50, 'tokens': 13107200, 'lm_loss': 8.0797, 'aux_loss': 2.0606, 'z_loss': 0.0165, 'grad_norm': 1.0469, 'lr': 0.0003, 'tokens_per_sec': 254873.5013, 'mfu': 0.079, 'expert_load_cv': 1.0323, 'min_expert_frac': 0.0, 'dead_experts': 4, 'peak_vram_gb': 13.5539}
  !! ROUTER COLLAPSE WARNING: 4 dead experts
{'step': 60, 'tokens': 15728640, 'lm_loss': 7.6639, 'aux_loss': 1.9454, 'z_loss': 0.0157, 'grad_norm': 0.9453, 'lr': 0.0003, 'tokens_per_sec': 257743.6443, 'mfu': 0.0799, 'expert_load_cv': 0.893, 'min_expert_frac': 0.0, 'dead_experts': 2, 'peak_vram_gb': 13.5539}
  !! ROUTER COLLAPSE WARNING: 2 dead experts
{'step': 70, 'tokens': 18350080, 'lm_loss': 7.4041, 'aux_loss': 1.8911, 'z_loss': 0.0146, 'grad_norm': 0.6562, 'lr': 0.0004, 'tokens_per_sec': 259449.5871, 'mfu': 0.0804, 'expert_load_cv': 0.7462, 'min_expert_frac': 0.0011, 'dead_experts': 0, 'peak_vram_gb': 13.5539}
{'step': 80, 'tokens': 20971520, 'lm_loss': 7.1972, 'aux_loss': 1.9086, 'z_loss': 0.0135, 'grad_norm': 0.3984, 'lr': 0.0004, 'tokens_per_sec': 260655.2345, 'mfu': 0.0808, 'expert_load_cv': 0.6186, 'min_expert_frac': 0.0015, 'dead_experts': 0, 'peak_vram_gb': 13.5539}
{'step': 90, 'tokens': 23592960, 'lm_loss': 7.0712, 'aux_loss': 1.9591, 'z_loss': 0.0127, 'grad_norm': 0.3164, 'lr': 0.0004, 'tokens_per_sec': 261228.9691, 'mfu': 0.0809, 'expert_load_cv': 0.5009, 'min_expert_frac': 0.0029, 'dead_experts': 0, 'peak_vram_gb': 13.5539}
{'step': 100, 'tokens': 26214400, 'lm_loss': 6.8878, 'aux_loss': 1.8721, 'z_loss': 0.0121, 'grad_norm': 0.2412, 'lr': 0.0004, 'tokens_per_sec': 261836.3265, 'mfu': 0.0811, 'expert_load_cv': 0.4616, 'min_expert_frac': 0.0062, 'dead_experts': 0, 'peak_vram_gb': 13.5539}
{'step': 110, 'tokens': 28835840, 'lm_loss': 6.6764, 'aux_loss': 1.8699, 'z_loss': 0.0116, 'grad_norm': 0.4082, 'lr': 0.0004, 'tokens_per_sec': 262219.8629, 'mfu': 0.0812, 'expert_load_cv': 0.4514, 'min_expert_frac': 0.004, 'dead_experts': 0, 'peak_vram_gb': 13.5539}
{'step': 120, 'tokens': 31457280, 'lm_loss': 6.5186, 'aux_loss': 1.8758, 'z_loss': 0.0112, 'grad_norm': 0.3477, 'lr': 0.0004, 'tokens_per_sec': 262473.1513, 'mfu': 0.0813, 'expert_load_cv': 0.3938, 'min_expert_frac': 0.0071, 'dead_experts': 0, 'peak_vram_gb': 13.5539}
{'step': 130, 'tokens': 34078720, 'lm_loss': 6.381, 'aux_loss': 1.8788, 'z_loss': 0.0106, 'grad_norm': 0.3359, 'lr': 0.0004, 'tokens_per_sec': 262669.6437, 'mfu': 0.0814, 'expert_load_cv': 0.3631, 'min_expert_frac': 0.009, 'dead_experts': 0, 'peak_vram_gb': 13.5539}
{'step': 140, 'tokens': 36700160, 'lm_loss': 6.2562, 'aux_loss': 1.9016, 'z_loss': 0.0102, 'grad_norm': 0.6172, 'lr': 0.0004, 'tokens_per_sec': 262742.6268, 'mfu': 0.0814, 'expert_load_cv': 0.3351, 'min_expert_frac': 0.0093, 'dead_experts': 0, 'peak_vram_gb': 13.5539}
{'step': 150, 'tokens': 39321600, 'lm_loss': 6.1285, 'aux_loss': 1.9163, 'z_loss': 0.0097, 'grad_norm': 0.4316, 'lr': 0.0004, 'tokens_per_sec': 262857.0396, 'mfu': 0.0814, 'expert_load_cv': 0.3034, 'min_expert_frac': 0.0092, 'dead_experts': 0, 'peak_vram_gb': 13.5539}
{'step': 160, 'tokens': 41943040, 'lm_loss': 5.9778, 'aux_loss': 1.9213, 'z_loss': 0.0093, 'grad_norm': 0.3105, 'lr': 0.0004, 'tokens_per_sec': 262789.787, 'mfu': 0.0814, 'expert_load_cv': 0.2821, 'min_expert_frac': 0.0089, 'dead_experts': 0, 'peak_vram_gb': 13.5539}
{'step': 170, 'tokens': 44564480, 'lm_loss': 5.8971, 'aux_loss': 1.9295, 'z_loss': 0.009, 'grad_norm': 1.0938, 'lr': 0.0004, 'tokens_per_sec': 262689.0308, 'mfu': 0.0814, 'expert_load_cv': 0.2673, 'min_expert_frac': 0.0089, 'dead_experts': 0, 'peak_vram_gb': 13.5539}
{'step': 180, 'tokens': 47185920, 'lm_loss': 5.7864, 'aux_loss': 1.9265, 'z_loss': 0.0087, 'grad_norm': 0.5039, 'lr': 0.0004, 'tokens_per_sec': 262568.3661, 'mfu': 0.0813, 'expert_load_cv': 0.2463, 'min_expert_frac': 0.009, 'dead_experts': 0, 'peak_vram_gb': 13.5539}
{'step': 190, 'tokens': 49807360, 'lm_loss': 5.6979, 'aux_loss': 1.937, 'z_loss': 0.0084, 'grad_norm': 0.5273, 'lr': 0.0004, 'tokens_per_sec': 262467.2336, 'mfu': 0.0813, 'expert_load_cv': 0.2318, 'min_expert_frac': 0.0085, 'dead_experts': 0, 'peak_vram_gb': 13.5539}
{'step': 200, 'tokens': 52428800, 'lm_loss': 5.6555, 'aux_loss': 1.9281, 'z_loss': 0.0083, 'grad_norm': 0.4668, 'lr': 0.0004, 'tokens_per_sec': 262318.0439, 'mfu': 0.0813, 'expert_load_cv': 0.2289, 'min_expert_frac': 0.0085, 'dead_experts': 0, 'peak_vram_gb': 13.5539}
{'step': 210, 'tokens': 55050240, 'lm_loss': 5.604, 'aux_loss': 1.9375, 'z_loss': 0.008, 'grad_norm': 0.8125, 'lr': 0.0004, 'tokens_per_sec': 262069.539, 'mfu': 0.0812, 'expert_load_cv': 0.2144, 'min_expert_frac': 0.0097, 'dead_experts': 0, 'peak_vram_gb': 13.5539}
{'step': 220, 'tokens': 57671680, 'lm_loss': 5.4977, 'aux_loss': 1.9461, 'z_loss': 0.0079, 'grad_norm': 0.5742, 'lr': 0.0004, 'tokens_per_sec': 261996.3386, 'mfu': 0.0812, 'expert_load_cv': 0.202, 'min_expert_frac': 0.0104, 'dead_experts': 0, 'peak_vram_gb': 13.5539}
{'step': 230, 'tokens': 60293120, 'lm_loss': 5.3896, 'aux_loss': 1.943, 'z_loss': 0.0077, 'grad_norm': 0.5312, 'lr': 0.0004, 'tokens_per_sec': 261938.2483, 'mfu': 0.0812, 'expert_load_cv': 0.2061, 'min_expert_frac': 0.0102, 'dead_experts': 0, 'peak_vram_gb': 13.5539}
{'step': 240, 'tokens': 62914560, 'lm_loss': 5.3686, 'aux_loss': 1.9452, 'z_loss': 0.0075, 'grad_norm': 0.5117, 'lr': 0.0004, 'tokens_per_sec': 261885.9834, 'mfu': 0.0811, 'expert_load_cv': 0.1955, 'min_expert_frac': 0.0104, 'dead_experts': 0, 'peak_vram_gb': 13.5539}
{'step': 250, 'tokens': 65536000, 'lm_loss': 5.2998, 'aux_loss': 1.9501, 'z_loss': 0.0075, 'grad_norm': 0.4941, 'lr': 0.0004, 'tokens_per_sec': 261845.2731, 'mfu': 0.0811, 'expert_load_cv': 0.1876, 'min_expert_frac': 0.0107, 'dead_experts': 0, 'peak_vram_gb': 13.5539}
{'step': 260, 'tokens': 68157440, 'lm_loss': 5.3309, 'aux_loss': 1.9486, 'z_loss': 0.0074, 'grad_norm': 0.8555, 'lr': 0.0004, 'tokens_per_sec': 261821.4409, 'mfu': 0.0811, 'expert_load_cv': 0.1976, 'min_expert_frac': 0.0109, 'dead_experts': 0, 'peak_vram_gb': 13.5539}
{'step': 270, 'tokens': 70778880, 'lm_loss': 5.2681, 'aux_loss': 1.9595, 'z_loss': 0.0071, 'grad_norm': 0.7734, 'lr': 0.0004, 'tokens_per_sec': 261806.1556, 'mfu': 0.0811, 'expert_load_cv': 0.1835, 'min_expert_frac': 0.0105, 'dead_experts': 0, 'peak_vram_gb': 13.5539}
{'step': 280, 'tokens': 73400320, 'lm_loss': 5.1598, 'aux_loss': 1.9559, 'z_loss': 0.0069, 'grad_norm': 0.5625, 'lr': 0.0004, 'tokens_per_sec': 261770.6608, 'mfu': 0.0811, 'expert_load_cv': 0.1845, 'min_expert_frac': 0.0099, 'dead_experts': 0, 'peak_vram_gb': 13.5539}
{'step': 290, 'tokens': 76021760, 'lm_loss': 5.1631, 'aux_loss': 1.9538, 'z_loss': 0.0069, 'grad_norm': 0.543, 'lr': 0.0004, 'tokens_per_sec': 261723.2046, 'mfu': 0.0811, 'expert_load_cv': 0.1852, 'min_expert_frac': 0.0107, 'dead_experts': 0, 'peak_vram_gb': 13.5539}
{'step': 300, 'tokens': 78643200, 'lm_loss': 5.0812, 'aux_loss': 1.9606, 'z_loss': 0.0068, 'grad_norm': 0.6211, 'lr': 0.0004, 'tokens_per_sec': 261717.5694, 'mfu': 0.0811, 'expert_load_cv': 0.1835, 'min_expert_frac': 0.0106, 'dead_experts': 0, 'peak_vram_gb': 13.5539}
{'step': 310, 'tokens': 81264640, 'lm_loss': 5.1118, 'aux_loss': 1.9604, 'z_loss': 0.0067, 'grad_norm': 0.9102, 'lr': 0.0004, 'tokens_per_sec': 261719.0939, 'mfu': 0.0811, 'expert_load_cv': 0.1769, 'min_expert_frac': 0.0109, 'dead_experts': 0, 'peak_vram_gb': 13.5539}
{'step': 320, 'tokens': 83886080, 'lm_loss': 5.0108, 'aux_loss': 1.9554, 'z_loss': 0.0067, 'grad_norm': 0.6641, 'lr': 0.0004, 'tokens_per_sec': 261722.5727, 'mfu': 0.0811, 'expert_load_cv': 0.1761, 'min_expert_frac': 0.0103, 'dead_experts': 0, 'peak_vram_gb': 13.5539}
{'step': 330, 'tokens': 86507520, 'lm_loss': 5.0329, 'aux_loss': 1.956, 'z_loss': 0.0066, 'grad_norm': 0.6094, 'lr': 0.0004, 'tokens_per_sec': 261728.0182, 'mfu': 0.0811, 'expert_load_cv': 0.185, 'min_expert_frac': 0.0103, 'dead_experts': 0, 'peak_vram_gb': 13.5539}
{'step': 340, 'tokens': 89128960, 'lm_loss': 4.9565, 'aux_loss': 1.9522, 'z_loss': 0.0064, 'grad_norm': 1.0859, 'lr': 0.0004, 'tokens_per_sec': 261714.4187, 'mfu': 0.0811, 'expert_load_cv': 0.1806, 'min_expert_frac': 0.0104, 'dead_experts': 0, 'peak_vram_gb': 13.5539}
{'step': 350, 'tokens': 91750400, 'lm_loss': 4.9079, 'aux_loss': 1.9603, 'z_loss': 0.0064, 'grad_norm': 0.582, 'lr': 0.0004, 'tokens_per_sec': 261693.569, 'mfu': 0.0811, 'expert_load_cv': 0.1801, 'min_expert_frac': 0.0103, 'dead_experts': 0, 'peak_vram_gb': 13.5539}
{'step': 360, 'tokens': 94371840, 'lm_loss': 4.8735, 'aux_loss': 1.9632, 'z_loss': 0.0064, 'grad_norm': 0.8242, 'lr': 0.0004, 'tokens_per_sec': 261674.5519, 'mfu': 0.0811, 'expert_load_cv': 0.1783, 'min_expert_frac': 0.0105, 'dead_experts': 0, 'peak_vram_gb': 13.5539}
{'step': 370, 'tokens': 96993280, 'lm_loss': 4.8775, 'aux_loss': 1.9591, 'z_loss': 0.0063, 'grad_norm': 0.6484, 'lr': 0.0004, 'tokens_per_sec': 261584.2848, 'mfu': 0.081, 'expert_load_cv': 0.1712, 'min_expert_frac': 0.0107, 'dead_experts': 0, 'peak_vram_gb': 13.5539}
{'step': 380, 'tokens': 99614720, 'lm_loss': 4.8184, 'aux_loss': 1.9642, 'z_loss': 0.0063, 'grad_norm': 0.6992, 'lr': 0.0004, 'tokens_per_sec': 261583.3213, 'mfu': 0.081, 'expert_load_cv': 0.1792, 'min_expert_frac': 0.0102, 'dead_experts': 0, 'peak_vram_gb': 13.5539}
{'step': 390, 'tokens': 102236160, 'lm_loss': 4.785, 'aux_loss': 1.9555, 'z_loss': 0.0062, 'grad_norm': 0.8047, 'lr': 0.0004, 'tokens_per_sec': 261588.2798, 'mfu': 0.081, 'expert_load_cv': 0.1774, 'min_expert_frac': 0.01, 'dead_experts': 0, 'peak_vram_gb': 13.5539}
{'step': 400, 'tokens': 104857600, 'lm_loss': 4.8111, 'aux_loss': 1.9635, 'z_loss': 0.0061, 'grad_norm': 0.6719, 'lr': 0.0004, 'tokens_per_sec': 261571.0001, 'mfu': 0.081, 'expert_load_cv': 0.1777, 'min_expert_frac': 0.0109, 'dead_experts': 0, 'peak_vram_gb': 13.5539}
{'step': 410, 'tokens': 107479040, 'lm_loss': 4.7995, 'aux_loss': 1.9633, 'z_loss': 0.0062, 'grad_norm': 0.9102, 'lr': 0.0004, 'tokens_per_sec': 261550.9092, 'mfu': 0.081, 'expert_load_cv': 0.1754, 'min_expert_frac': 0.0103, 'dead_experts': 0, 'peak_vram_gb': 13.5539}
{'step': 420, 'tokens': 110100480, 'lm_loss': 4.7492, 'aux_loss': 1.951, 'z_loss': 0.0061, 'grad_norm': 0.5234, 'lr': 0.0004, 'tokens_per_sec': 261528.1669, 'mfu': 0.081, 'expert_load_cv': 0.1811, 'min_expert_frac': 0.0104, 'dead_experts': 0, 'peak_vram_gb': 13.5539}
{'step': 430, 'tokens': 112721920, 'lm_loss': 4.6858, 'aux_loss': 1.9652, 'z_loss': 0.0061, 'grad_norm': 0.8672, 'lr': 0.0004, 'tokens_per_sec': 261510.5411, 'mfu': 0.081, 'expert_load_cv': 0.1786, 'min_expert_frac': 0.0106, 'dead_experts': 0, 'peak_vram_gb': 13.5539}
{'step': 440, 'tokens': 115343360, 'lm_loss': 4.6992, 'aux_loss': 1.9632, 'z_loss': 0.006, 'grad_norm': 0.8086, 'lr': 0.0004, 'tokens_per_sec': 261522.1618, 'mfu': 0.081, 'expert_load_cv': 0.1731, 'min_expert_frac': 0.0109, 'dead_experts': 0, 'peak_vram_gb': 13.5539}
{'step': 450, 'tokens': 117964800, 'lm_loss': 4.6589, 'aux_loss': 1.9522, 'z_loss': 0.0059, 'grad_norm': 0.5977, 'lr': 0.0004, 'tokens_per_sec': 261526.5619, 'mfu': 0.081, 'expert_load_cv': 0.1735, 'min_expert_frac': 0.0109, 'dead_experts': 0, 'peak_vram_gb': 13.5539}
{'step': 460, 'tokens': 120586240, 'lm_loss': 4.6628, 'aux_loss': 1.9594, 'z_loss': 0.0059, 'grad_norm': 0.7148, 'lr': 0.0004, 'tokens_per_sec': 261534.2405, 'mfu': 0.081, 'expert_load_cv': 0.1785, 'min_expert_frac': 0.0102, 'dead_experts': 0, 'peak_vram_gb': 13.5539}
{'step': 470, 'tokens': 123207680, 'lm_loss': 4.6554, 'aux_loss': 1.9589, 'z_loss': 0.0058, 'grad_norm': 0.6914, 'lr': 0.0004, 'tokens_per_sec': 261509.1551, 'mfu': 0.081, 'expert_load_cv': 0.1762, 'min_expert_frac': 0.0107, 'dead_experts': 0, 'peak_vram_gb': 13.5539}
{'step': 480, 'tokens': 125829120, 'lm_loss': 4.6793, 'aux_loss': 1.9478, 'z_loss': 0.0058, 'grad_norm': 0.8984, 'lr': 0.0004, 'tokens_per_sec': 261434.5669, 'mfu': 0.081, 'expert_load_cv': 0.177, 'min_expert_frac': 0.0106, 'dead_experts': 0, 'peak_vram_gb': 13.5539}
{'step': 490, 'tokens': 128450560, 'lm_loss': 4.6076, 'aux_loss': 1.9482, 'z_loss': 0.0058, 'grad_norm': 0.6953, 'lr': 0.0004, 'tokens_per_sec': 261429.8727, 'mfu': 0.081, 'expert_load_cv': 0.1758, 'min_expert_frac': 0.0107, 'dead_experts': 0, 'peak_vram_gb': 13.5539}
{'step': 500, 'tokens': 131072000, 'lm_loss': 4.577, 'aux_loss': 1.9533, 'z_loss': 0.0057, 'grad_norm': 0.6914, 'lr': 0.0004, 'tokens_per_sec': 261428.0394, 'mfu': 0.081, 'expert_load_cv': 0.1784, 'min_expert_frac': 0.0109, 'dead_experts': 0, 'peak_vram_gb': 13.5539}
{'step': 510, 'tokens': 133693440, 'lm_loss': 4.5806, 'aux_loss': 1.9504, 'z_loss': 0.0057, 'grad_norm': 1.0312, 'lr': 0.0004, 'tokens_per_sec': 261434.6621, 'mfu': 0.081, 'expert_load_cv': 0.1781, 'min_expert_frac': 0.0106, 'dead_experts': 0, 'peak_vram_gb': 13.5539}
{'step': 520, 'tokens': 136314880, 'lm_loss': 4.6329, 'aux_loss': 1.9585, 'z_loss': 0.0057, 'grad_norm': 0.7266, 'lr': 0.0004, 'tokens_per_sec': 261427.5698, 'mfu': 0.081, 'expert_load_cv': 0.1796, 'min_expert_frac': 0.0107, 'dead_experts': 0, 'peak_vram_gb': 13.5539}
{'step': 530, 'tokens': 138936320, 'lm_loss': 4.526, 'aux_loss': 1.9543, 'z_loss': 0.0057, 'grad_norm': 0.625, 'lr': 0.0004, 'tokens_per_sec': 261424.6186, 'mfu': 0.081, 'expert_load_cv': 0.174, 'min_expert_frac': 0.0108, 'dead_experts': 0, 'peak_vram_gb': 13.5539}
{'step': 540, 'tokens': 141557760, 'lm_loss': 4.5117, 'aux_loss': 1.9429, 'z_loss': 0.0055, 'grad_norm': 0.707, 'lr': 0.0004, 'tokens_per_sec': 261423.4872, 'mfu': 0.081, 'expert_load_cv': 0.1809, 'min_expert_frac': 0.0103, 'dead_experts': 0, 'peak_vram_gb': 13.5539}
{'step': 550, 'tokens': 144179200, 'lm_loss': 4.507, 'aux_loss': 1.958, 'z_loss': 0.0057, 'grad_norm': 0.5977, 'lr': 0.0004, 'tokens_per_sec': 261411.6214, 'mfu': 0.081, 'expert_load_cv': 0.1779, 'min_expert_frac': 0.0106, 'dead_experts': 0, 'peak_vram_gb': 13.5539}
{'step': 560, 'tokens': 146800640, 'lm_loss': 4.4858, 'aux_loss': 1.9536, 'z_loss': 0.0055, 'grad_norm': 0.7773, 'lr': 0.0004, 'tokens_per_sec': 261410.6954, 'mfu': 0.081, 'expert_load_cv': 0.1808, 'min_expert_frac': 0.0109, 'dead_experts': 0, 'peak_vram_gb': 13.5539}
{'step': 570, 'tokens': 149422080, 'lm_loss': 4.5228, 'aux_loss': 1.9522, 'z_loss': 0.0055, 'grad_norm': 0.6211, 'lr': 0.0004, 'tokens_per_sec': 261396.8976, 'mfu': 0.081, 'expert_load_cv': 0.178, 'min_expert_frac': 0.0108, 'dead_experts': 0, 'peak_vram_gb': 13.5539}
{'step': 580, 'tokens': 152043520, 'lm_loss': 4.4415, 'aux_loss': 1.9547, 'z_loss': 0.0055, 'grad_norm': 0.6055, 'lr': 0.0004, 'tokens_per_sec': 261387.6099, 'mfu': 0.081, 'expert_load_cv': 0.1795, 'min_expert_frac': 0.0108, 'dead_experts': 0, 'peak_vram_gb': 13.5539}
{'step': 590, 'tokens': 154664960, 'lm_loss': 4.4918, 'aux_loss': 1.9503, 'z_loss': 0.0054, 'grad_norm': 0.5508, 'lr': 0.0004, 'tokens_per_sec': 261402.4042, 'mfu': 0.081, 'expert_load_cv': 0.1798, 'min_expert_frac': 0.0109, 'dead_experts': 0, 'peak_vram_gb': 13.5539}
{'step': 600, 'tokens': 157286400, 'lm_loss': 4.4525, 'aux_loss': 1.9577, 'z_loss': 0.0053, 'grad_norm': 0.5703, 'lr': 0.0004, 'tokens_per_sec': 261395.3989, 'mfu': 0.081, 'expert_load_cv': 0.1762, 'min_expert_frac': 0.0111, 'dead_experts': 0, 'peak_vram_gb': 13.5539}
{'step': 610, 'tokens': 159907840, 'lm_loss': 4.4795, 'aux_loss': 1.9543, 'z_loss': 0.0054, 'grad_norm': 0.6367, 'lr': 0.0004, 'tokens_per_sec': 261383.3553, 'mfu': 0.081, 'expert_load_cv': 0.1793, 'min_expert_frac': 0.0109, 'dead_experts': 0, 'peak_vram_gb': 13.5539}
{'step': 620, 'tokens': 162529280, 'lm_loss': 4.4055, 'aux_loss': 1.965, 'z_loss': 0.0054, 'grad_norm': 0.9375, 'lr': 0.0004, 'tokens_per_sec': 261390.3165, 'mfu': 0.081, 'expert_load_cv': 0.1784, 'min_expert_frac': 0.0107, 'dead_experts': 0, 'peak_vram_gb': 13.5539}
{'step': 630, 'tokens': 165150720, 'lm_loss': 4.4334, 'aux_loss': 1.9579, 'z_loss': 0.0053, 'grad_norm': 0.6016, 'lr': 0.0004, 'tokens_per_sec': 261361.5817, 'mfu': 0.081, 'expert_load_cv': 0.1739, 'min_expert_frac': 0.011, 'dead_experts': 0, 'peak_vram_gb': 13.5539}
{'step': 640, 'tokens': 167772160, 'lm_loss': 4.4221, 'aux_loss': 1.9741, 'z_loss': 0.0053, 'grad_norm': 0.4805, 'lr': 0.0004, 'tokens_per_sec': 261289.4468, 'mfu': 0.0809, 'expert_load_cv': 0.1794, 'min_expert_frac': 0.0108, 'dead_experts': 0, 'peak_vram_gb': 13.5539}
{'step': 650, 'tokens': 170393600, 'lm_loss': 4.3828, 'aux_loss': 1.9646, 'z_loss': 0.0052, 'grad_norm': 0.6836, 'lr': 0.0004, 'tokens_per_sec': 261287.3526, 'mfu': 0.0809, 'expert_load_cv': 0.1766, 'min_expert_frac': 0.011, 'dead_experts': 0, 'peak_vram_gb': 13.5539}
{'step': 660, 'tokens': 173015040, 'lm_loss': 4.4026, 'aux_loss': 1.9551, 'z_loss': 0.0053, 'grad_norm': 0.5742, 'lr': 0.0004, 'tokens_per_sec': 261284.9528, 'mfu': 0.0809, 'expert_load_cv': 0.1796, 'min_expert_frac': 0.011, 'dead_experts': 0, 'peak_vram_gb': 13.5539}
{'step': 670, 'tokens': 175636480, 'lm_loss': 4.3428, 'aux_loss': 1.9671, 'z_loss': 0.0052, 'grad_norm': 0.6055, 'lr': 0.0004, 'tokens_per_sec': 261290.0577, 'mfu': 0.0809, 'expert_load_cv': 0.1824, 'min_expert_frac': 0.0105, 'dead_experts': 0, 'peak_vram_gb': 13.5539}
{'step': 680, 'tokens': 178257920, 'lm_loss': 4.3634, 'aux_loss': 1.9649, 'z_loss': 0.0052, 'grad_norm': 0.6953, 'lr': 0.0004, 'tokens_per_sec': 261299.7045, 'mfu': 0.081, 'expert_load_cv': 0.1785, 'min_expert_frac': 0.011, 'dead_experts': 0, 'peak_vram_gb': 13.5539}
{'step': 690, 'tokens': 180879360, 'lm_loss': 4.3469, 'aux_loss': 1.963, 'z_loss': 0.0052, 'grad_norm': 0.793, 'lr': 0.0004, 'tokens_per_sec': 261294.608, 'mfu': 0.081, 'expert_load_cv': 0.1815, 'min_expert_frac': 0.0108, 'dead_experts': 0, 'peak_vram_gb': 13.5539}
{'step': 700, 'tokens': 183500800, 'lm_loss': 4.3828, 'aux_loss': 1.9654, 'z_loss': 0.0051, 'grad_norm': 0.543, 'lr': 0.0004, 'tokens_per_sec': 261297.1954, 'mfu': 0.081, 'expert_load_cv': 0.1804, 'min_expert_frac': 0.0109, 'dead_experts': 0, 'peak_vram_gb': 13.5539}
{'step': 710, 'tokens': 186122240, 'lm_loss': 4.3702, 'aux_loss': 1.9736, 'z_loss': 0.0051, 'grad_norm': 0.582, 'lr': 0.0004, 'tokens_per_sec': 261295.8818, 'mfu': 0.081, 'expert_load_cv': 0.1771, 'min_expert_frac': 0.0115, 'dead_experts': 0, 'peak_vram_gb': 13.5539}
{'step': 720, 'tokens': 188743680, 'lm_loss': 4.2881, 'aux_loss': 1.9588, 'z_loss': 0.0049, 'grad_norm': 0.5547, 'lr': 0.0004, 'tokens_per_sec': 261299.2972, 'mfu': 0.081, 'expert_load_cv': 0.1757, 'min_expert_frac': 0.0108, 'dead_experts': 0, 'peak_vram_gb': 13.5539}
{'step': 730, 'tokens': 191365120, 'lm_loss': 4.2652, 'aux_loss': 1.9708, 'z_loss': 0.0051, 'grad_norm': 0.5039, 'lr': 0.0004, 'tokens_per_sec': 261303.7862, 'mfu': 0.081, 'expert_load_cv': 0.1742, 'min_expert_frac': 0.0111, 'dead_experts': 0, 'peak_vram_gb': 13.5539}
{'step': 740, 'tokens': 193986560, 'lm_loss': 4.3573, 'aux_loss': 1.9641, 'z_loss': 0.0051, 'grad_norm': 0.6133, 'lr': 0.0004, 'tokens_per_sec': 261303.5434, 'mfu': 0.081, 'expert_load_cv': 0.1775, 'min_expert_frac': 0.0112, 'dead_experts': 0, 'peak_vram_gb': 13.5539}
{'step': 750, 'tokens': 196608000, 'lm_loss': 4.3036, 'aux_loss': 1.9653, 'z_loss': 0.005, 'grad_norm': 0.498, 'lr': 0.0004, 'tokens_per_sec': 261303.9991, 'mfu': 0.081, 'expert_load_cv': 0.1804, 'min_expert_frac': 0.0111, 'dead_experts': 0, 'peak_vram_gb': 13.5539}
{'step': 760, 'tokens': 199229440, 'lm_loss': 4.2755, 'aux_loss': 1.9674, 'z_loss': 0.0049, 'grad_norm': 0.5586, 'lr': 0.0004, 'tokens_per_sec': 261300.5207, 'mfu': 0.081, 'expert_load_cv': 0.173, 'min_expert_frac': 0.0114, 'dead_experts': 0, 'peak_vram_gb': 13.5539}
{'step': 770, 'tokens': 201850880, 'lm_loss': 4.3171, 'aux_loss': 1.9579, 'z_loss': 0.0049, 'grad_norm': 0.5859, 'lr': 0.0004, 'tokens_per_sec': 261288.1986, 'mfu': 0.0809, 'expert_load_cv': 0.1795, 'min_expert_frac': 0.0113, 'dead_experts': 0, 'peak_vram_gb': 13.5539}
{'step': 780, 'tokens': 204472320, 'lm_loss': 4.251, 'aux_loss': 1.9619, 'z_loss': 0.0048, 'grad_norm': 0.5, 'lr': 0.0004, 'tokens_per_sec': 261277.6549, 'mfu': 0.0809, 'expert_load_cv': 0.1762, 'min_expert_frac': 0.0112, 'dead_experts': 0, 'peak_vram_gb': 13.5539}
{'step': 790, 'tokens': 207093760, 'lm_loss': 4.2575, 'aux_loss': 1.9655, 'z_loss': 0.0048, 'grad_norm': 0.4746, 'lr': 0.0004, 'tokens_per_sec': 261264.58, 'mfu': 0.0809, 'expert_load_cv': 0.1806, 'min_expert_frac': 0.0114, 'dead_experts': 0, 'peak_vram_gb': 13.5539}
{'step': 800, 'tokens': 209715200, 'lm_loss': 4.205, 'aux_loss': 1.9683, 'z_loss': 0.0048, 'grad_norm': 0.5391, 'lr': 0.0004, 'tokens_per_sec': 261271.2381, 'mfu': 0.0809, 'expert_load_cv': 0.1736, 'min_expert_frac': 0.0112, 'dead_experts': 0, 'peak_vram_gb': 13.5539}
{'step': 810, 'tokens': 212336640, 'lm_loss': 4.2333, 'aux_loss': 1.9731, 'z_loss': 0.0047, 'grad_norm': 0.6758, 'lr': 0.0004, 'tokens_per_sec': 261262.9255, 'mfu': 0.0809, 'expert_load_cv': 0.1741, 'min_expert_frac': 0.0115, 'dead_experts': 0, 'peak_vram_gb': 13.5539}
{'step': 820, 'tokens': 214958080, 'lm_loss': 4.2724, 'aux_loss': 1.975, 'z_loss': 0.0048, 'grad_norm': 0.6523, 'lr': 0.0004, 'tokens_per_sec': 261251.6426, 'mfu': 0.0809, 'expert_load_cv': 0.1765, 'min_expert_frac': 0.011, 'dead_experts': 0, 'peak_vram_gb': 13.5539}
{'step': 830, 'tokens': 217579520, 'lm_loss': 4.2229, 'aux_loss': 1.9693, 'z_loss': 0.0047, 'grad_norm': 0.5938, 'lr': 0.0004, 'tokens_per_sec': 261246.4212, 'mfu': 0.0809, 'expert_load_cv': 0.1788, 'min_expert_frac': 0.0109, 'dead_experts': 0, 'peak_vram_gb': 13.5539}
{'step': 840, 'tokens': 220200960, 'lm_loss': 4.2779, 'aux_loss': 1.9635, 'z_loss': 0.0047, 'grad_norm': 0.6328, 'lr': 0.0004, 'tokens_per_sec': 261242.3798, 'mfu': 0.0809, 'expert_load_cv': 0.1748, 'min_expert_frac': 0.0108, 'dead_experts': 0, 'peak_vram_gb': 13.5539}
{'step': 850, 'tokens': 222822400, 'lm_loss': 4.2585, 'aux_loss': 1.9635, 'z_loss': 0.0046, 'grad_norm': 0.6953, 'lr': 0.0004, 'tokens_per_sec': 261244.4397, 'mfu': 0.0809, 'expert_load_cv': 0.1747, 'min_expert_frac': 0.0111, 'dead_experts': 0, 'peak_vram_gb': 13.5539}
{'step': 860, 'tokens': 225443840, 'lm_loss': 4.219, 'aux_loss': 1.9624, 'z_loss': 0.0047, 'grad_norm': 0.5586, 'lr': 0.0004, 'tokens_per_sec': 261256.2298, 'mfu': 0.0809, 'expert_load_cv': 0.1778, 'min_expert_frac': 0.0111, 'dead_experts': 0, 'peak_vram_gb': 13.5539}
{'step': 870, 'tokens': 228065280, 'lm_loss': 4.1552, 'aux_loss': 1.9666, 'z_loss': 0.0046, 'grad_norm': 0.625, 'lr': 0.0004, 'tokens_per_sec': 261264.1398, 'mfu': 0.0809, 'expert_load_cv': 0.1784, 'min_expert_frac': 0.0111, 'dead_experts': 0, 'peak_vram_gb': 13.5539}
{'step': 880, 'tokens': 230686720, 'lm_loss': 4.2378, 'aux_loss': 1.9643, 'z_loss': 0.0046, 'grad_norm': 0.625, 'lr': 0.0004, 'tokens_per_sec': 261270.0054, 'mfu': 0.0809, 'expert_load_cv': 0.1784, 'min_expert_frac': 0.0109, 'dead_experts': 0, 'peak_vram_gb': 13.5539}
{'step': 890, 'tokens': 233308160, 'lm_loss': 4.2227, 'aux_loss': 1.9682, 'z_loss': 0.0045, 'grad_norm': 0.6406, 'lr': 0.0004, 'tokens_per_sec': 261280.9775, 'mfu': 0.0809, 'expert_load_cv': 0.1767, 'min_expert_frac': 0.0109, 'dead_experts': 0, 'peak_vram_gb': 13.5539}
{'step': 900, 'tokens': 235929600, 'lm_loss': 4.1301, 'aux_loss': 1.9713, 'z_loss': 0.0045, 'grad_norm': 0.6602, 'lr': 0.0004, 'tokens_per_sec': 261291.0115, 'mfu': 0.0809, 'expert_load_cv': 0.1774, 'min_expert_frac': 0.0111, 'dead_experts': 0, 'peak_vram_gb': 13.5539}
{'step': 910, 'tokens': 238551040, 'lm_loss': 4.1941, 'aux_loss': 1.9684, 'z_loss': 0.0046, 'grad_norm': 0.5781, 'lr': 0.0004, 'tokens_per_sec': 261297.5751, 'mfu': 0.081, 'expert_load_cv': 0.1735, 'min_expert_frac': 0.0112, 'dead_experts': 0, 'peak_vram_gb': 13.5539}
{'step': 920, 'tokens': 241172480, 'lm_loss': 4.1708, 'aux_loss': 1.961, 'z_loss': 0.0044, 'grad_norm': 0.6055, 'lr': 0.0004, 'tokens_per_sec': 261299.7749, 'mfu': 0.081, 'expert_load_cv': 0.1775, 'min_expert_frac': 0.0114, 'dead_experts': 0, 'peak_vram_gb': 13.5539}
{'step': 930, 'tokens': 243793920, 'lm_loss': 4.1305, 'aux_loss': 1.9748, 'z_loss': 0.0046, 'grad_norm': 0.6094, 'lr': 0.0004, 'tokens_per_sec': 261295.9779, 'mfu': 0.081, 'expert_load_cv': 0.1777, 'min_expert_frac': 0.0112, 'dead_experts': 0, 'peak_vram_gb': 13.5539}
{'step': 940, 'tokens': 246415360, 'lm_loss': 4.0807, 'aux_loss': 1.9669, 'z_loss': 0.0045, 'grad_norm': 0.4746, 'lr': 0.0003, 'tokens_per_sec': 261292.3622, 'mfu': 0.081, 'expert_load_cv': 0.176, 'min_expert_frac': 0.0114, 'dead_experts': 0, 'peak_vram_gb': 13.5539}
{'step': 950, 'tokens': 249036800, 'lm_loss': 4.1023, 'aux_loss': 1.9654, 'z_loss': 0.0044, 'grad_norm': 0.5547, 'lr': 0.0003, 'tokens_per_sec': 261249.252, 'mfu': 0.0809, 'expert_load_cv': 0.18, 'min_expert_frac': 0.0111, 'dead_experts': 0, 'peak_vram_gb': 13.5539}
Writing model shards:   0%|          | 0/1 [00:00<?, ?it/s]Writing model shards: 100%|██████████| 1/1 [00:00<00:00,  1.41it/s]Writing model shards: 100%|██████████| 1/1 [00:00<00:00,  1.41it/s]
  saved runs/seedvar_E64_s1/step953
{'step': 960, 'tokens': 251658240, 'lm_loss': 4.1696, 'aux_loss': 1.9657, 'z_loss': 0.0044, 'grad_norm': 0.4629, 'lr': 0.0003, 'tokens_per_sec': 261047.3559, 'mfu': 0.0809, 'expert_load_cv': 0.1797, 'min_expert_frac': 0.011, 'dead_experts': 0, 'peak_vram_gb': 13.5539}
{'step': 970, 'tokens': 254279680, 'lm_loss': 4.1704, 'aux_loss': 1.9711, 'z_loss': 0.0044, 'grad_norm': 0.5547, 'lr': 0.0003, 'tokens_per_sec': 261061.5748, 'mfu': 0.0809, 'expert_load_cv': 0.1782, 'min_expert_frac': 0.0112, 'dead_experts': 0, 'peak_vram_gb': 13.5539}
{'step': 980, 'tokens': 256901120, 'lm_loss': 4.0401, 'aux_loss': 1.9693, 'z_loss': 0.0044, 'grad_norm': 0.5742, 'lr': 0.0003, 'tokens_per_sec': 261080.4215, 'mfu': 0.0809, 'expert_load_cv': 0.1765, 'min_expert_frac': 0.0111, 'dead_experts': 0, 'peak_vram_gb': 13.5539}
{'step': 990, 'tokens': 259522560, 'lm_loss': 4.1235, 'aux_loss': 1.9682, 'z_loss': 0.0043, 'grad_norm': 0.6055, 'lr': 0.0003, 'tokens_per_sec': 261100.1098, 'mfu': 0.0809, 'expert_load_cv': 0.1766, 'min_expert_frac': 0.011, 'dead_experts': 0, 'peak_vram_gb': 13.5539}
{'step': 1000, 'tokens': 262144000, 'lm_loss': 4.123, 'aux_loss': 1.96, 'z_loss': 0.0043, 'grad_norm': 0.6211, 'lr': 0.0003, 'tokens_per_sec': 261124.0984, 'mfu': 0.0809, 'expert_load_cv': 0.1768, 'min_expert_frac': 0.011, 'dead_experts': 0, 'peak_vram_gb': 13.5539}
{'step': 1010, 'tokens': 264765440, 'lm_loss': 4.0912, 'aux_loss': 1.9663, 'z_loss': 0.0043, 'grad_norm': 0.7148, 'lr': 0.0003, 'tokens_per_sec': 261142.8536, 'mfu': 0.0809, 'expert_load_cv': 0.1765, 'min_expert_frac': 0.0114, 'dead_experts': 0, 'peak_vram_gb': 13.5539}
{'step': 1020, 'tokens': 267386880, 'lm_loss': 4.0578, 'aux_loss': 1.9642, 'z_loss': 0.0042, 'grad_norm': 0.6133, 'lr': 0.0003, 'tokens_per_sec': 261157.6703, 'mfu': 0.0809, 'expert_load_cv': 0.1801, 'min_expert_frac': 0.0112, 'dead_experts': 0, 'peak_vram_gb': 13.5539}
{'step': 1030, 'tokens': 270008320, 'lm_loss': 4.0783, 'aux_loss': 1.9808, 'z_loss': 0.0043, 'grad_norm': 0.5586, 'lr': 0.0003, 'tokens_per_sec': 261154.5257, 'mfu': 0.0809, 'expert_load_cv': 0.1785, 'min_expert_frac': 0.0109, 'dead_experts': 0, 'peak_vram_gb': 13.5539}
{'step': 1040, 'tokens': 272629760, 'lm_loss': 4.0649, 'aux_loss': 1.9716, 'z_loss': 0.0043, 'grad_norm': 0.6172, 'lr': 0.0003, 'tokens_per_sec': 261151.2582, 'mfu': 0.0809, 'expert_load_cv': 0.1801, 'min_expert_frac': 0.0111, 'dead_experts': 0, 'peak_vram_gb': 13.5539}
{'step': 1050, 'tokens': 275251200, 'lm_loss': 3.9907, 'aux_loss': 1.9752, 'z_loss': 0.0042, 'grad_norm': 0.6133, 'lr': 0.0003, 'tokens_per_sec': 261156.8246, 'mfu': 0.0809, 'expert_load_cv': 0.1772, 'min_expert_frac': 0.0112, 'dead_experts': 0, 'peak_vram_gb': 13.5539}
{'step': 1060, 'tokens': 277872640, 'lm_loss': 4.0985, 'aux_loss': 1.9655, 'z_loss': 0.0042, 'grad_norm': 0.6211, 'lr': 0.0003, 'tokens_per_sec': 261170.278, 'mfu': 0.0809, 'expert_load_cv': 0.176, 'min_expert_frac': 0.0114, 'dead_experts': 0, 'peak_vram_gb': 13.5539}
{'step': 1070, 'tokens': 280494080, 'lm_loss': 4.0275, 'aux_loss': 1.9649, 'z_loss': 0.0041, 'grad_norm': 0.6367, 'lr': 0.0003, 'tokens_per_sec': 261184.1943, 'mfu': 0.0809, 'expert_load_cv': 0.1767, 'min_expert_frac': 0.0111, 'dead_experts': 0, 'peak_vram_gb': 13.5539}
{'step': 1080, 'tokens': 283115520, 'lm_loss': 4.0257, 'aux_loss': 1.973, 'z_loss': 0.0042, 'grad_norm': 0.5898, 'lr': 0.0003, 'tokens_per_sec': 261190.8529, 'mfu': 0.0809, 'expert_load_cv': 0.1779, 'min_expert_frac': 0.011, 'dead_experts': 0, 'peak_vram_gb': 13.5539}
{'step': 1090, 'tokens': 285736960, 'lm_loss': 4.012, 'aux_loss': 1.9716, 'z_loss': 0.0042, 'grad_norm': 0.5234, 'lr': 0.0003, 'tokens_per_sec': 261205.9318, 'mfu': 0.0809, 'expert_load_cv': 0.1763, 'min_expert_frac': 0.0109, 'dead_experts': 0, 'peak_vram_gb': 13.5539}
{'step': 1100, 'tokens': 288358400, 'lm_loss': 3.9989, 'aux_loss': 1.9698, 'z_loss': 0.0041, 'grad_norm': 0.5547, 'lr': 0.0003, 'tokens_per_sec': 261201.633, 'mfu': 0.0809, 'expert_load_cv': 0.1785, 'min_expert_frac': 0.011, 'dead_experts': 0, 'peak_vram_gb': 13.5539}
{'step': 1110, 'tokens': 290979840, 'lm_loss': 3.9455, 'aux_loss': 1.9725, 'z_loss': 0.0041, 'grad_norm': 0.5938, 'lr': 0.0003, 'tokens_per_sec': 261201.6198, 'mfu': 0.0809, 'expert_load_cv': 0.178, 'min_expert_frac': 0.0109, 'dead_experts': 0, 'peak_vram_gb': 13.5539}
{'step': 1120, 'tokens': 293601280, 'lm_loss': 3.9892, 'aux_loss': 1.9768, 'z_loss': 0.004, 'grad_norm': 0.6641, 'lr': 0.0003, 'tokens_per_sec': 261200.1885, 'mfu': 0.0809, 'expert_load_cv': 0.1755, 'min_expert_frac': 0.0111, 'dead_experts': 0, 'peak_vram_gb': 13.5539}
{'step': 1130, 'tokens': 296222720, 'lm_loss': 4.042, 'aux_loss': 1.973, 'z_loss': 0.0042, 'grad_norm': 0.6445, 'lr': 0.0003, 'tokens_per_sec': 261205.6263, 'mfu': 0.0809, 'expert_load_cv': 0.1779, 'min_expert_frac': 0.0112, 'dead_experts': 0, 'peak_vram_gb': 13.5539}
{'step': 1140, 'tokens': 298844160, 'lm_loss': 3.9934, 'aux_loss': 1.9809, 'z_loss': 0.004, 'grad_norm': 0.5781, 'lr': 0.0003, 'tokens_per_sec': 261204.2378, 'mfu': 0.0809, 'expert_load_cv': 0.1748, 'min_expert_frac': 0.0111, 'dead_experts': 0, 'peak_vram_gb': 13.5539}
{'step': 1150, 'tokens': 301465600, 'lm_loss': 3.9939, 'aux_loss': 1.9683, 'z_loss': 0.004, 'grad_norm': 0.5508, 'lr': 0.0003, 'tokens_per_sec': 261209.2218, 'mfu': 0.0809, 'expert_load_cv': 0.1763, 'min_expert_frac': 0.0112, 'dead_experts': 0, 'peak_vram_gb': 13.5539}
{'step': 1160, 'tokens': 304087040, 'lm_loss': 4.0378, 'aux_loss': 1.9663, 'z_loss': 0.004, 'grad_norm': 0.4863, 'lr': 0.0003, 'tokens_per_sec': 261206.5818, 'mfu': 0.0809, 'expert_load_cv': 0.1789, 'min_expert_frac': 0.0112, 'dead_experts': 0, 'peak_vram_gb': 13.5539}
{'step': 1170, 'tokens': 306708480, 'lm_loss': 3.9764, 'aux_loss': 1.9719, 'z_loss': 0.004, 'grad_norm': 0.6133, 'lr': 0.0003, 'tokens_per_sec': 261205.961, 'mfu': 0.0809, 'expert_load_cv': 0.179, 'min_expert_frac': 0.0111, 'dead_experts': 0, 'peak_vram_gb': 13.5539}
{'step': 1180, 'tokens': 309329920, 'lm_loss': 3.9584, 'aux_loss': 1.9794, 'z_loss': 0.004, 'grad_norm': 0.6016, 'lr': 0.0003, 'tokens_per_sec': 261207.6889, 'mfu': 0.0809, 'expert_load_cv': 0.1755, 'min_expert_frac': 0.011, 'dead_experts': 0, 'peak_vram_gb': 13.5539}
{'step': 1190, 'tokens': 311951360, 'lm_loss': 3.938, 'aux_loss': 1.971, 'z_loss': 0.0039, 'grad_norm': 0.5352, 'lr': 0.0003, 'tokens_per_sec': 261220.4726, 'mfu': 0.0809, 'expert_load_cv': 0.1752, 'min_expert_frac': 0.0113, 'dead_experts': 0, 'peak_vram_gb': 13.5539}
{'step': 1200, 'tokens': 314572800, 'lm_loss': 3.941, 'aux_loss': 1.9693, 'z_loss': 0.0039, 'grad_norm': 0.5859, 'lr': 0.0003, 'tokens_per_sec': 261221.2259, 'mfu': 0.0809, 'expert_load_cv': 0.1768, 'min_expert_frac': 0.0113, 'dead_experts': 0, 'peak_vram_gb': 13.5539}
{'step': 1210, 'tokens': 317194240, 'lm_loss': 3.9768, 'aux_loss': 1.9734, 'z_loss': 0.0039, 'grad_norm': 0.6094, 'lr': 0.0003, 'tokens_per_sec': 261221.3225, 'mfu': 0.0809, 'expert_load_cv': 0.1763, 'min_expert_frac': 0.0108, 'dead_experts': 0, 'peak_vram_gb': 13.5539}
{'step': 1220, 'tokens': 319815680, 'lm_loss': 3.9737, 'aux_loss': 1.9758, 'z_loss': 0.0039, 'grad_norm': 0.4746, 'lr': 0.0003, 'tokens_per_sec': 261226.2582, 'mfu': 0.0809, 'expert_load_cv': 0.1785, 'min_expert_frac': 0.0112, 'dead_experts': 0, 'peak_vram_gb': 13.5539}
{'step': 1230, 'tokens': 322437120, 'lm_loss': 3.9054, 'aux_loss': 1.9612, 'z_loss': 0.0039, 'grad_norm': 0.5586, 'lr': 0.0003, 'tokens_per_sec': 261221.3572, 'mfu': 0.0809, 'expert_load_cv': 0.1738, 'min_expert_frac': 0.011, 'dead_experts': 0, 'peak_vram_gb': 13.5539}
{'step': 1240, 'tokens': 325058560, 'lm_loss': 3.9562, 'aux_loss': 1.9768, 'z_loss': 0.0039, 'grad_norm': 0.5508, 'lr': 0.0003, 'tokens_per_sec': 261231.1537, 'mfu': 0.0809, 'expert_load_cv': 0.1739, 'min_expert_frac': 0.0114, 'dead_experts': 0, 'peak_vram_gb': 13.5539}
{'step': 1250, 'tokens': 327680000, 'lm_loss': 3.9468, 'aux_loss': 1.974, 'z_loss': 0.0038, 'grad_norm': 0.5195, 'lr': 0.0003, 'tokens_per_sec': 261230.5252, 'mfu': 0.0809, 'expert_load_cv': 0.1787, 'min_expert_frac': 0.011, 'dead_experts': 0, 'peak_vram_gb': 13.5539}
{'step': 1260, 'tokens': 330301440, 'lm_loss': 3.9251, 'aux_loss': 1.9767, 'z_loss': 0.0038, 'grad_norm': 0.5977, 'lr': 0.0003, 'tokens_per_sec': 261227.5412, 'mfu': 0.0809, 'expert_load_cv': 0.1761, 'min_expert_frac': 0.0114, 'dead_experts': 0, 'peak_vram_gb': 13.5539}
{'step': 1270, 'tokens': 332922880, 'lm_loss': 3.887, 'aux_loss': 1.9775, 'z_loss': 0.0038, 'grad_norm': 0.6875, 'lr': 0.0003, 'tokens_per_sec': 261238.0378, 'mfu': 0.0809, 'expert_load_cv': 0.1748, 'min_expert_frac': 0.0113, 'dead_experts': 0, 'peak_vram_gb': 13.5539}
{'step': 1280, 'tokens': 335544320, 'lm_loss': 3.8974, 'aux_loss': 1.9776, 'z_loss': 0.0038, 'grad_norm': 0.4922, 'lr': 0.0003, 'tokens_per_sec': 261245.3584, 'mfu': 0.0809, 'expert_load_cv': 0.177, 'min_expert_frac': 0.0109, 'dead_experts': 0, 'peak_vram_gb': 13.5539}
{'step': 1290, 'tokens': 338165760, 'lm_loss': 3.8934, 'aux_loss': 1.9755, 'z_loss': 0.0037, 'grad_norm': 0.5234, 'lr': 0.0003, 'tokens_per_sec': 261248.0599, 'mfu': 0.0809, 'expert_load_cv': 0.1767, 'min_expert_frac': 0.0113, 'dead_experts': 0, 'peak_vram_gb': 13.5539}
{'step': 1300, 'tokens': 340787200, 'lm_loss': 3.9538, 'aux_loss': 1.9773, 'z_loss': 0.0038, 'grad_norm': 0.6211, 'lr': 0.0003, 'tokens_per_sec': 261251.3248, 'mfu': 0.0809, 'expert_load_cv': 0.1738, 'min_expert_frac': 0.0115, 'dead_experts': 0, 'peak_vram_gb': 13.5539}
{'step': 1310, 'tokens': 343408640, 'lm_loss': 3.9234, 'aux_loss': 1.9708, 'z_loss': 0.0037, 'grad_norm': 0.5312, 'lr': 0.0003, 'tokens_per_sec': 261250.4045, 'mfu': 0.0809, 'expert_load_cv': 0.1701, 'min_expert_frac': 0.0114, 'dead_experts': 0, 'peak_vram_gb': 13.5539}
{'step': 1320, 'tokens': 346030080, 'lm_loss': 3.8311, 'aux_loss': 1.9768, 'z_loss': 0.0037, 'grad_norm': 0.6133, 'lr': 0.0003, 'tokens_per_sec': 261251.9707, 'mfu': 0.0809, 'expert_load_cv': 0.1748, 'min_expert_frac': 0.0113, 'dead_experts': 0, 'peak_vram_gb': 13.5539}
{'step': 1330, 'tokens': 348651520, 'lm_loss': 3.8973, 'aux_loss': 1.981, 'z_loss': 0.0037, 'grad_norm': 0.5547, 'lr': 0.0003, 'tokens_per_sec': 261255.8842, 'mfu': 0.0809, 'expert_load_cv': 0.1741, 'min_expert_frac': 0.011, 'dead_experts': 0, 'peak_vram_gb': 13.5539}
{'step': 1340, 'tokens': 351272960, 'lm_loss': 3.8946, 'aux_loss': 1.9802, 'z_loss': 0.0037, 'grad_norm': 0.5273, 'lr': 0.0003, 'tokens_per_sec': 261257.0819, 'mfu': 0.0809, 'expert_load_cv': 0.1735, 'min_expert_frac': 0.0114, 'dead_experts': 0, 'peak_vram_gb': 13.5539}
{'step': 1350, 'tokens': 353894400, 'lm_loss': 3.8993, 'aux_loss': 1.9742, 'z_loss': 0.0037, 'grad_norm': 0.4902, 'lr': 0.0003, 'tokens_per_sec': 261268.9299, 'mfu': 0.0809, 'expert_load_cv': 0.1758, 'min_expert_frac': 0.0114, 'dead_experts': 0, 'peak_vram_gb': 13.5539}
{'step': 1360, 'tokens': 356515840, 'lm_loss': 3.9227, 'aux_loss': 1.9766, 'z_loss': 0.0037, 'grad_norm': 0.6133, 'lr': 0.0003, 'tokens_per_sec': 261284.1346, 'mfu': 0.0809, 'expert_load_cv': 0.1787, 'min_expert_frac': 0.0113, 'dead_experts': 0, 'peak_vram_gb': 13.5539}
{'step': 1370, 'tokens': 359137280, 'lm_loss': 3.8556, 'aux_loss': 1.9767, 'z_loss': 0.0037, 'grad_norm': 0.5234, 'lr': 0.0003, 'tokens_per_sec': 261285.8449, 'mfu': 0.0809, 'expert_load_cv': 0.1764, 'min_expert_frac': 0.0112, 'dead_experts': 0, 'peak_vram_gb': 13.5539}
{'step': 1380, 'tokens': 361758720, 'lm_loss': 3.8271, 'aux_loss': 1.9811, 'z_loss': 0.0036, 'grad_norm': 0.4961, 'lr': 0.0003, 'tokens_per_sec': 261296.0654, 'mfu': 0.081, 'expert_load_cv': 0.1764, 'min_expert_frac': 0.0113, 'dead_experts': 0, 'peak_vram_gb': 13.5539}
{'step': 1390, 'tokens': 364380160, 'lm_loss': 3.7975, 'aux_loss': 1.977, 'z_loss': 0.0037, 'grad_norm': 0.4609, 'lr': 0.0003, 'tokens_per_sec': 261298.5885, 'mfu': 0.081, 'expert_load_cv': 0.1748, 'min_expert_frac': 0.0114, 'dead_experts': 0, 'peak_vram_gb': 13.5539}
{'step': 1400, 'tokens': 367001600, 'lm_loss': 3.9018, 'aux_loss': 1.9794, 'z_loss': 0.0037, 'grad_norm': 0.5391, 'lr': 0.0003, 'tokens_per_sec': 261297.8921, 'mfu': 0.081, 'expert_load_cv': 0.1752, 'min_expert_frac': 0.0114, 'dead_experts': 0, 'peak_vram_gb': 13.5539}
{'step': 1410, 'tokens': 369623040, 'lm_loss': 3.8439, 'aux_loss': 1.9772, 'z_loss': 0.0036, 'grad_norm': 0.4824, 'lr': 0.0003, 'tokens_per_sec': 261301.8919, 'mfu': 0.081, 'expert_load_cv': 0.1751, 'min_expert_frac': 0.0114, 'dead_experts': 0, 'peak_vram_gb': 13.5539}
{'step': 1420, 'tokens': 372244480, 'lm_loss': 3.8064, 'aux_loss': 1.9826, 'z_loss': 0.0036, 'grad_norm': 0.5547, 'lr': 0.0003, 'tokens_per_sec': 261304.6349, 'mfu': 0.081, 'expert_load_cv': 0.1739, 'min_expert_frac': 0.0118, 'dead_experts': 0, 'peak_vram_gb': 13.5539}
{'step': 1430, 'tokens': 374865920, 'lm_loss': 3.8412, 'aux_loss': 1.9741, 'z_loss': 0.0035, 'grad_norm': 0.4922, 'lr': 0.0003, 'tokens_per_sec': 261302.6164, 'mfu': 0.081, 'expert_load_cv': 0.1742, 'min_expert_frac': 0.0117, 'dead_experts': 0, 'peak_vram_gb': 13.5539}
{'step': 1440, 'tokens': 377487360, 'lm_loss': 3.8396, 'aux_loss': 1.981, 'z_loss': 0.0036, 'grad_norm': 0.4746, 'lr': 0.0003, 'tokens_per_sec': 261309.973, 'mfu': 0.081, 'expert_load_cv': 0.1742, 'min_expert_frac': 0.0112, 'dead_experts': 0, 'peak_vram_gb': 13.5539}
{'step': 1450, 'tokens': 380108800, 'lm_loss': 3.8228, 'aux_loss': 1.9815, 'z_loss': 0.0035, 'grad_norm': 0.6484, 'lr': 0.0003, 'tokens_per_sec': 261313.4799, 'mfu': 0.081, 'expert_load_cv': 0.1762, 'min_expert_frac': 0.0115, 'dead_experts': 0, 'peak_vram_gb': 13.5539}
{'step': 1460, 'tokens': 382730240, 'lm_loss': 3.8547, 'aux_loss': 1.9726, 'z_loss': 0.0035, 'grad_norm': 0.5391, 'lr': 0.0003, 'tokens_per_sec': 261322.642, 'mfu': 0.081, 'expert_load_cv': 0.1754, 'min_expert_frac': 0.011, 'dead_experts': 0, 'peak_vram_gb': 13.5539}
{'step': 1470, 'tokens': 385351680, 'lm_loss': 3.8707, 'aux_loss': 1.9759, 'z_loss': 0.0035, 'grad_norm': 0.5781, 'lr': 0.0003, 'tokens_per_sec': 261330.8738, 'mfu': 0.081, 'expert_load_cv': 0.1747, 'min_expert_frac': 0.0117, 'dead_experts': 0, 'peak_vram_gb': 13.5539}
{'step': 1480, 'tokens': 387973120, 'lm_loss': 3.7811, 'aux_loss': 1.9767, 'z_loss': 0.0035, 'grad_norm': 0.5742, 'lr': 0.0003, 'tokens_per_sec': 261306.2212, 'mfu': 0.081, 'expert_load_cv': 0.1742, 'min_expert_frac': 0.0114, 'dead_experts': 0, 'peak_vram_gb': 13.5539}
{'step': 1490, 'tokens': 390594560, 'lm_loss': 3.851, 'aux_loss': 1.9754, 'z_loss': 0.0035, 'grad_norm': 0.4785, 'lr': 0.0003, 'tokens_per_sec': 261305.7487, 'mfu': 0.081, 'expert_load_cv': 0.175, 'min_expert_frac': 0.0114, 'dead_experts': 0, 'peak_vram_gb': 13.5539}
{'step': 1500, 'tokens': 393216000, 'lm_loss': 3.7753, 'aux_loss': 1.9748, 'z_loss': 0.0035, 'grad_norm': 0.5742, 'lr': 0.0003, 'tokens_per_sec': 261307.2978, 'mfu': 0.081, 'expert_load_cv': 0.1757, 'min_expert_frac': 0.0116, 'dead_experts': 0, 'peak_vram_gb': 13.5539}
{'step': 1510, 'tokens': 395837440, 'lm_loss': 3.7901, 'aux_loss': 1.9807, 'z_loss': 0.0035, 'grad_norm': 0.5273, 'lr': 0.0003, 'tokens_per_sec': 261316.2287, 'mfu': 0.081, 'expert_load_cv': 0.1748, 'min_expert_frac': 0.0116, 'dead_experts': 0, 'peak_vram_gb': 13.5539}
{'step': 1520, 'tokens': 398458880, 'lm_loss': 3.8287, 'aux_loss': 1.9818, 'z_loss': 0.0034, 'grad_norm': 0.5742, 'lr': 0.0003, 'tokens_per_sec': 261317.1319, 'mfu': 0.081, 'expert_load_cv': 0.1754, 'min_expert_frac': 0.0115, 'dead_experts': 0, 'peak_vram_gb': 13.5539}
{'step': 1530, 'tokens': 401080320, 'lm_loss': 3.8215, 'aux_loss': 1.9814, 'z_loss': 0.0035, 'grad_norm': 0.4961, 'lr': 0.0003, 'tokens_per_sec': 261319.8916, 'mfu': 0.081, 'expert_load_cv': 0.1753, 'min_expert_frac': 0.0115, 'dead_experts': 0, 'peak_vram_gb': 13.5539}
{'step': 1540, 'tokens': 403701760, 'lm_loss': 3.7327, 'aux_loss': 1.976, 'z_loss': 0.0035, 'grad_norm': 0.5117, 'lr': 0.0003, 'tokens_per_sec': 261320.2185, 'mfu': 0.081, 'expert_load_cv': 0.1742, 'min_expert_frac': 0.0115, 'dead_experts': 0, 'peak_vram_gb': 13.5539}
{'step': 1550, 'tokens': 406323200, 'lm_loss': 3.7705, 'aux_loss': 1.9833, 'z_loss': 0.0035, 'grad_norm': 0.6055, 'lr': 0.0003, 'tokens_per_sec': 261323.1491, 'mfu': 0.081, 'expert_load_cv': 0.174, 'min_expert_frac': 0.0113, 'dead_experts': 0, 'peak_vram_gb': 13.5539}
{'step': 1560, 'tokens': 408944640, 'lm_loss': 3.6987, 'aux_loss': 1.9864, 'z_loss': 0.0034, 'grad_norm': 0.5195, 'lr': 0.0003, 'tokens_per_sec': 261330.4306, 'mfu': 0.081, 'expert_load_cv': 0.176, 'min_expert_frac': 0.0114, 'dead_experts': 0, 'peak_vram_gb': 13.5539}
{'step': 1570, 'tokens': 411566080, 'lm_loss': 3.8016, 'aux_loss': 1.9804, 'z_loss': 0.0034, 'grad_norm': 0.5078, 'lr': 0.0003, 'tokens_per_sec': 261328.1006, 'mfu': 0.081, 'expert_load_cv': 0.1737, 'min_expert_frac': 0.0117, 'dead_experts': 0, 'peak_vram_gb': 13.5539}
{'step': 1580, 'tokens': 414187520, 'lm_loss': 3.7223, 'aux_loss': 1.9851, 'z_loss': 0.0035, 'grad_norm': 0.5117, 'lr': 0.0003, 'tokens_per_sec': 261325.5875, 'mfu': 0.081, 'expert_load_cv': 0.1733, 'min_expert_frac': 0.0118, 'dead_experts': 0, 'peak_vram_gb': 13.5539}
{'step': 1590, 'tokens': 416808960, 'lm_loss': 3.8463, 'aux_loss': 1.9782, 'z_loss': 0.0034, 'grad_norm': 0.459, 'lr': 0.0003, 'tokens_per_sec': 261326.5614, 'mfu': 0.081, 'expert_load_cv': 0.1727, 'min_expert_frac': 0.0114, 'dead_experts': 0, 'peak_vram_gb': 13.5539}
{'step': 1600, 'tokens': 419430400, 'lm_loss': 3.8473, 'aux_loss': 1.9769, 'z_loss': 0.0034, 'grad_norm': 0.6328, 'lr': 0.0003, 'tokens_per_sec': 261333.2479, 'mfu': 0.081, 'expert_load_cv': 0.1725, 'min_expert_frac': 0.0117, 'dead_experts': 0, 'peak_vram_gb': 13.5539}
{'step': 1610, 'tokens': 422051840, 'lm_loss': 3.8208, 'aux_loss': 1.9797, 'z_loss': 0.0034, 'grad_norm': 0.4902, 'lr': 0.0003, 'tokens_per_sec': 261334.3981, 'mfu': 0.081, 'expert_load_cv': 0.1728, 'min_expert_frac': 0.0117, 'dead_experts': 0, 'peak_vram_gb': 13.5539}
{'step': 1620, 'tokens': 424673280, 'lm_loss': 3.8232, 'aux_loss': 1.9859, 'z_loss': 0.0034, 'grad_norm': 0.5195, 'lr': 0.0003, 'tokens_per_sec': 261344.4207, 'mfu': 0.081, 'expert_load_cv': 0.1727, 'min_expert_frac': 0.0118, 'dead_experts': 0, 'peak_vram_gb': 13.5539}
{'step': 1630, 'tokens': 427294720, 'lm_loss': 3.7815, 'aux_loss': 1.9834, 'z_loss': 0.0034, 'grad_norm': 0.5547, 'lr': 0.0003, 'tokens_per_sec': 261345.9665, 'mfu': 0.081, 'expert_load_cv': 0.1736, 'min_expert_frac': 0.0113, 'dead_experts': 0, 'peak_vram_gb': 13.5539}
{'step': 1640, 'tokens': 429916160, 'lm_loss': 3.6981, 'aux_loss': 1.9911, 'z_loss': 0.0034, 'grad_norm': 0.4805, 'lr': 0.0003, 'tokens_per_sec': 261348.4221, 'mfu': 0.081, 'expert_load_cv': 0.176, 'min_expert_frac': 0.0111, 'dead_experts': 0, 'peak_vram_gb': 13.5539}
{'step': 1650, 'tokens': 432537600, 'lm_loss': 3.7703, 'aux_loss': 1.986, 'z_loss': 0.0033, 'grad_norm': 0.5664, 'lr': 0.0002, 'tokens_per_sec': 261346.623, 'mfu': 0.081, 'expert_load_cv': 0.1745, 'min_expert_frac': 0.0115, 'dead_experts': 0, 'peak_vram_gb': 13.5539}
{'step': 1660, 'tokens': 435159040, 'lm_loss': 3.7664, 'aux_loss': 1.9752, 'z_loss': 0.0033, 'grad_norm': 0.5078, 'lr': 0.0002, 'tokens_per_sec': 261346.6844, 'mfu': 0.081, 'expert_load_cv': 0.1738, 'min_expert_frac': 0.0115, 'dead_experts': 0, 'peak_vram_gb': 13.5539}
{'step': 1670, 'tokens': 437780480, 'lm_loss': 3.7427, 'aux_loss': 1.9828, 'z_loss': 0.0033, 'grad_norm': 0.4922, 'lr': 0.0002, 'tokens_per_sec': 261341.7861, 'mfu': 0.081, 'expert_load_cv': 0.1746, 'min_expert_frac': 0.0119, 'dead_experts': 0, 'peak_vram_gb': 13.5539}
{'step': 1680, 'tokens': 440401920, 'lm_loss': 3.7285, 'aux_loss': 1.9797, 'z_loss': 0.0034, 'grad_norm': 0.5586, 'lr': 0.0002, 'tokens_per_sec': 261342.5492, 'mfu': 0.081, 'expert_load_cv': 0.1769, 'min_expert_frac': 0.0113, 'dead_experts': 0, 'peak_vram_gb': 13.5539}
{'step': 1690, 'tokens': 443023360, 'lm_loss': 3.7923, 'aux_loss': 1.9764, 'z_loss': 0.0033, 'grad_norm': 0.5547, 'lr': 0.0002, 'tokens_per_sec': 261345.7618, 'mfu': 0.081, 'expert_load_cv': 0.1731, 'min_expert_frac': 0.0112, 'dead_experts': 0, 'peak_vram_gb': 13.5539}
{'step': 1700, 'tokens': 445644800, 'lm_loss': 3.7067, 'aux_loss': 1.9773, 'z_loss': 0.0033, 'grad_norm': 0.4629, 'lr': 0.0002, 'tokens_per_sec': 261339.3387, 'mfu': 0.081, 'expert_load_cv': 0.1719, 'min_expert_frac': 0.0115, 'dead_experts': 0, 'peak_vram_gb': 13.5539}
{'step': 1710, 'tokens': 448266240, 'lm_loss': 3.6679, 'aux_loss': 1.984, 'z_loss': 0.0033, 'grad_norm': 0.4531, 'lr': 0.0002, 'tokens_per_sec': 261339.3678, 'mfu': 0.081, 'expert_load_cv': 0.1732, 'min_expert_frac': 0.0116, 'dead_experts': 0, 'peak_vram_gb': 13.5539}
{'step': 1720, 'tokens': 450887680, 'lm_loss': 3.7235, 'aux_loss': 1.9813, 'z_loss': 0.0033, 'grad_norm': 0.4863, 'lr': 0.0002, 'tokens_per_sec': 261325.5306, 'mfu': 0.081, 'expert_load_cv': 0.1741, 'min_expert_frac': 0.0116, 'dead_experts': 0, 'peak_vram_gb': 13.5539}
{'step': 1730, 'tokens': 453509120, 'lm_loss': 3.7407, 'aux_loss': 1.9777, 'z_loss': 0.0033, 'grad_norm': 0.543, 'lr': 0.0002, 'tokens_per_sec': 261336.3578, 'mfu': 0.081, 'expert_load_cv': 0.1741, 'min_expert_frac': 0.0116, 'dead_experts': 0, 'peak_vram_gb': 13.5539}
{'step': 1740, 'tokens': 456130560, 'lm_loss': 3.7229, 'aux_loss': 1.9774, 'z_loss': 0.0032, 'grad_norm': 0.5195, 'lr': 0.0002, 'tokens_per_sec': 261348.2503, 'mfu': 0.081, 'expert_load_cv': 0.1735, 'min_expert_frac': 0.0117, 'dead_experts': 0, 'peak_vram_gb': 13.5539}
{'step': 1750, 'tokens': 458752000, 'lm_loss': 3.7761, 'aux_loss': 1.9771, 'z_loss': 0.0032, 'grad_norm': 0.5625, 'lr': 0.0002, 'tokens_per_sec': 261364.4342, 'mfu': 0.081, 'expert_load_cv': 0.1734, 'min_expert_frac': 0.0117, 'dead_experts': 0, 'peak_vram_gb': 13.5539}
{'step': 1760, 'tokens': 461373440, 'lm_loss': 3.7621, 'aux_loss': 1.9786, 'z_loss': 0.0033, 'grad_norm': 0.4883, 'lr': 0.0002, 'tokens_per_sec': 261374.8902, 'mfu': 0.081, 'expert_load_cv': 0.1724, 'min_expert_frac': 0.0119, 'dead_experts': 0, 'peak_vram_gb': 13.5539}
{'step': 1770, 'tokens': 463994880, 'lm_loss': 3.7734, 'aux_loss': 1.9803, 'z_loss': 0.0033, 'grad_norm': 0.4941, 'lr': 0.0002, 'tokens_per_sec': 261384.7747, 'mfu': 0.081, 'expert_load_cv': 0.1737, 'min_expert_frac': 0.012, 'dead_experts': 0, 'peak_vram_gb': 13.5539}
{'step': 1780, 'tokens': 466616320, 'lm_loss': 3.7209, 'aux_loss': 1.9827, 'z_loss': 0.0032, 'grad_norm': 0.5117, 'lr': 0.0002, 'tokens_per_sec': 261400.4533, 'mfu': 0.081, 'expert_load_cv': 0.1742, 'min_expert_frac': 0.0117, 'dead_experts': 0, 'peak_vram_gb': 13.5539}
{'step': 1790, 'tokens': 469237760, 'lm_loss': 3.7293, 'aux_loss': 1.9789, 'z_loss': 0.0032, 'grad_norm': 0.5195, 'lr': 0.0002, 'tokens_per_sec': 261408.0965, 'mfu': 0.081, 'expert_load_cv': 0.1739, 'min_expert_frac': 0.0119, 'dead_experts': 0, 'peak_vram_gb': 13.5539}
{'step': 1800, 'tokens': 471859200, 'lm_loss': 3.7105, 'aux_loss': 1.9802, 'z_loss': 0.0032, 'grad_norm': 0.4316, 'lr': 0.0002, 'tokens_per_sec': 261417.8155, 'mfu': 0.081, 'expert_load_cv': 0.1733, 'min_expert_frac': 0.0118, 'dead_experts': 0, 'peak_vram_gb': 13.5539}
{'step': 1810, 'tokens': 474480640, 'lm_loss': 3.6402, 'aux_loss': 1.9712, 'z_loss': 0.0031, 'grad_norm': 0.4707, 'lr': 0.0002, 'tokens_per_sec': 261415.3384, 'mfu': 0.081, 'expert_load_cv': 0.1727, 'min_expert_frac': 0.012, 'dead_experts': 0, 'peak_vram_gb': 13.5539}
{'step': 1820, 'tokens': 477102080, 'lm_loss': 3.7417, 'aux_loss': 1.9761, 'z_loss': 0.0032, 'grad_norm': 0.4434, 'lr': 0.0002, 'tokens_per_sec': 261416.7541, 'mfu': 0.081, 'expert_load_cv': 0.1725, 'min_expert_frac': 0.0118, 'dead_experts': 0, 'peak_vram_gb': 13.5539}
{'step': 1830, 'tokens': 479723520, 'lm_loss': 3.6917, 'aux_loss': 1.9854, 'z_loss': 0.0032, 'grad_norm': 0.5273, 'lr': 0.0002, 'tokens_per_sec': 261419.2708, 'mfu': 0.081, 'expert_load_cv': 0.1733, 'min_expert_frac': 0.0119, 'dead_experts': 0, 'peak_vram_gb': 13.5539}
{'step': 1840, 'tokens': 482344960, 'lm_loss': 3.7247, 'aux_loss': 1.98, 'z_loss': 0.0032, 'grad_norm': 0.5195, 'lr': 0.0002, 'tokens_per_sec': 261417.8997, 'mfu': 0.081, 'expert_load_cv': 0.1743, 'min_expert_frac': 0.0119, 'dead_experts': 0, 'peak_vram_gb': 13.5539}
{'step': 1850, 'tokens': 484966400, 'lm_loss': 3.7269, 'aux_loss': 1.9794, 'z_loss': 0.0032, 'grad_norm': 0.5078, 'lr': 0.0002, 'tokens_per_sec': 261414.8012, 'mfu': 0.081, 'expert_load_cv': 0.1743, 'min_expert_frac': 0.0116, 'dead_experts': 0, 'peak_vram_gb': 13.5539}
{'step': 1860, 'tokens': 487587840, 'lm_loss': 3.6985, 'aux_loss': 1.9808, 'z_loss': 0.0033, 'grad_norm': 0.4434, 'lr': 0.0002, 'tokens_per_sec': 261408.1189, 'mfu': 0.081, 'expert_load_cv': 0.1728, 'min_expert_frac': 0.0117, 'dead_experts': 0, 'peak_vram_gb': 13.5539}
{'step': 1870, 'tokens': 490209280, 'lm_loss': 3.729, 'aux_loss': 1.9805, 'z_loss': 0.0032, 'grad_norm': 0.4492, 'lr': 0.0002, 'tokens_per_sec': 261405.6893, 'mfu': 0.081, 'expert_load_cv': 0.1723, 'min_expert_frac': 0.0119, 'dead_experts': 0, 'peak_vram_gb': 13.5539}
{'step': 1880, 'tokens': 492830720, 'lm_loss': 3.7207, 'aux_loss': 1.9759, 'z_loss': 0.0032, 'grad_norm': 0.5273, 'lr': 0.0002, 'tokens_per_sec': 261412.5139, 'mfu': 0.081, 'expert_load_cv': 0.1726, 'min_expert_frac': 0.0119, 'dead_experts': 0, 'peak_vram_gb': 13.5539}
{'step': 1890, 'tokens': 495452160, 'lm_loss': 3.72, 'aux_loss': 1.9799, 'z_loss': 0.0031, 'grad_norm': 0.5391, 'lr': 0.0002, 'tokens_per_sec': 261418.5471, 'mfu': 0.081, 'expert_load_cv': 0.1755, 'min_expert_frac': 0.0115, 'dead_experts': 0, 'peak_vram_gb': 13.5539}
{'step': 1900, 'tokens': 498073600, 'lm_loss': 3.6606, 'aux_loss': 1.9817, 'z_loss': 0.0032, 'grad_norm': 0.5039, 'lr': 0.0002, 'tokens_per_sec': 261421.1812, 'mfu': 0.081, 'expert_load_cv': 0.1715, 'min_expert_frac': 0.0118, 'dead_experts': 0, 'peak_vram_gb': 13.5539}
Writing model shards:   0%|          | 0/1 [00:00<?, ?it/s]Writing model shards: 100%|██████████| 1/1 [00:00<00:00,  2.87it/s]Writing model shards: 100%|██████████| 1/1 [00:00<00:00,  2.87it/s]
  saved runs/seedvar_E64_s1/step1907
{'step': 1910, 'tokens': 500695040, 'lm_loss': 3.7325, 'aux_loss': 1.9777, 'z_loss': 0.0031, 'grad_norm': 0.5234, 'lr': 0.0002, 'tokens_per_sec': 261381.0899, 'mfu': 0.081, 'expert_load_cv': 0.1731, 'min_expert_frac': 0.012, 'dead_experts': 0, 'peak_vram_gb': 13.5539}
{'step': 1920, 'tokens': 503316480, 'lm_loss': 3.7431, 'aux_loss': 1.9798, 'z_loss': 0.0032, 'grad_norm': 0.416, 'lr': 0.0002, 'tokens_per_sec': 261388.8109, 'mfu': 0.081, 'expert_load_cv': 0.1747, 'min_expert_frac': 0.0119, 'dead_experts': 0, 'peak_vram_gb': 13.5539}
{'step': 1930, 'tokens': 505937920, 'lm_loss': 3.6834, 'aux_loss': 1.9782, 'z_loss': 0.0032, 'grad_norm': 0.4297, 'lr': 0.0002, 'tokens_per_sec': 261388.5551, 'mfu': 0.081, 'expert_load_cv': 0.1727, 'min_expert_frac': 0.0115, 'dead_experts': 0, 'peak_vram_gb': 13.5539}
{'step': 1940, 'tokens': 508559360, 'lm_loss': 3.6146, 'aux_loss': 1.9797, 'z_loss': 0.0032, 'grad_norm': 0.4785, 'lr': 0.0002, 'tokens_per_sec': 261388.6624, 'mfu': 0.081, 'expert_load_cv': 0.1724, 'min_expert_frac': 0.0117, 'dead_experts': 0, 'peak_vram_gb': 13.5539}
{'step': 1950, 'tokens': 511180800, 'lm_loss': 3.6825, 'aux_loss': 1.9838, 'z_loss': 0.0031, 'grad_norm': 0.4609, 'lr': 0.0002, 'tokens_per_sec': 261386.6364, 'mfu': 0.081, 'expert_load_cv': 0.171, 'min_expert_frac': 0.0121, 'dead_experts': 0, 'peak_vram_gb': 13.5539}
{'step': 1960, 'tokens': 513802240, 'lm_loss': 3.7666, 'aux_loss': 1.9785, 'z_loss': 0.003, 'grad_norm': 0.4824, 'lr': 0.0002, 'tokens_per_sec': 261391.4524, 'mfu': 0.081, 'expert_load_cv': 0.174, 'min_expert_frac': 0.0117, 'dead_experts': 0, 'peak_vram_gb': 13.5539}
{'step': 1970, 'tokens': 516423680, 'lm_loss': 3.6702, 'aux_loss': 1.9816, 'z_loss': 0.0031, 'grad_norm': 0.4941, 'lr': 0.0002, 'tokens_per_sec': 261391.454, 'mfu': 0.081, 'expert_load_cv': 0.1725, 'min_expert_frac': 0.0117, 'dead_experts': 0, 'peak_vram_gb': 13.5539}
{'step': 1980, 'tokens': 519045120, 'lm_loss': 3.6843, 'aux_loss': 1.9858, 'z_loss': 0.0031, 'grad_norm': 0.4629, 'lr': 0.0002, 'tokens_per_sec': 261387.5605, 'mfu': 0.081, 'expert_load_cv': 0.1698, 'min_expert_frac': 0.0122, 'dead_experts': 0, 'peak_vram_gb': 13.5539}
{'step': 1990, 'tokens': 521666560, 'lm_loss': 3.6852, 'aux_loss': 1.9801, 'z_loss': 0.0031, 'grad_norm': 0.459, 'lr': 0.0002, 'tokens_per_sec': 261390.4726, 'mfu': 0.081, 'expert_load_cv': 0.1692, 'min_expert_frac': 0.0119, 'dead_experts': 0, 'peak_vram_gb': 13.5539}
{'step': 2000, 'tokens': 524288000, 'lm_loss': 3.736, 'aux_loss': 1.9761, 'z_loss': 0.0031, 'grad_norm': 0.543, 'lr': 0.0002, 'tokens_per_sec': 261388.9347, 'mfu': 0.081, 'expert_load_cv': 0.1717, 'min_expert_frac': 0.0122, 'dead_experts': 0, 'peak_vram_gb': 13.5539}
{'step': 2010, 'tokens': 526909440, 'lm_loss': 3.698, 'aux_loss': 1.9803, 'z_loss': 0.0031, 'grad_norm': 0.6133, 'lr': 0.0002, 'tokens_per_sec': 261386.8268, 'mfu': 0.081, 'expert_load_cv': 0.1713, 'min_expert_frac': 0.012, 'dead_experts': 0, 'peak_vram_gb': 13.5539}
{'step': 2020, 'tokens': 529530880, 'lm_loss': 3.6271, 'aux_loss': 1.9864, 'z_loss': 0.0032, 'grad_norm': 0.5117, 'lr': 0.0002, 'tokens_per_sec': 261390.4869, 'mfu': 0.081, 'expert_load_cv': 0.1723, 'min_expert_frac': 0.0118, 'dead_experts': 0, 'peak_vram_gb': 13.5539}
{'step': 2030, 'tokens': 532152320, 'lm_loss': 3.7174, 'aux_loss': 1.9845, 'z_loss': 0.0031, 'grad_norm': 0.4805, 'lr': 0.0002, 'tokens_per_sec': 261403.8375, 'mfu': 0.081, 'expert_load_cv': 0.1693, 'min_expert_frac': 0.0121, 'dead_experts': 0, 'peak_vram_gb': 13.5539}
{'step': 2040, 'tokens': 534773760, 'lm_loss': 3.6565, 'aux_loss': 1.9871, 'z_loss': 0.0031, 'grad_norm': 0.4902, 'lr': 0.0002, 'tokens_per_sec': 261410.6454, 'mfu': 0.081, 'expert_load_cv': 0.1708, 'min_expert_frac': 0.0119, 'dead_experts': 0, 'peak_vram_gb': 13.5539}
{'step': 2050, 'tokens': 537395200, 'lm_loss': 3.7381, 'aux_loss': 1.9852, 'z_loss': 0.0031, 'grad_norm': 0.5234, 'lr': 0.0002, 'tokens_per_sec': 261414.3517, 'mfu': 0.081, 'expert_load_cv': 0.171, 'min_expert_frac': 0.0121, 'dead_experts': 0, 'peak_vram_gb': 13.5539}
{'step': 2060, 'tokens': 540016640, 'lm_loss': 3.6262, 'aux_loss': 1.9845, 'z_loss': 0.003, 'grad_norm': 0.4707, 'lr': 0.0002, 'tokens_per_sec': 261414.1341, 'mfu': 0.081, 'expert_load_cv': 0.1711, 'min_expert_frac': 0.0122, 'dead_experts': 0, 'peak_vram_gb': 13.5539}
{'step': 2070, 'tokens': 542638080, 'lm_loss': 3.6733, 'aux_loss': 1.9811, 'z_loss': 0.003, 'grad_norm': 0.4668, 'lr': 0.0002, 'tokens_per_sec': 261416.9295, 'mfu': 0.081, 'expert_load_cv': 0.1711, 'min_expert_frac': 0.0119, 'dead_experts': 0, 'peak_vram_gb': 13.5539}
{'step': 2080, 'tokens': 545259520, 'lm_loss': 3.6804, 'aux_loss': 1.9786, 'z_loss': 0.0031, 'grad_norm': 0.457, 'lr': 0.0002, 'tokens_per_sec': 261420.5534, 'mfu': 0.081, 'expert_load_cv': 0.1693, 'min_expert_frac': 0.012, 'dead_experts': 0, 'peak_vram_gb': 13.5539}
{'step': 2090, 'tokens': 547880960, 'lm_loss': 3.7108, 'aux_loss': 1.9843, 'z_loss': 0.0031, 'grad_norm': 0.5039, 'lr': 0.0002, 'tokens_per_sec': 261427.6133, 'mfu': 0.081, 'expert_load_cv': 0.1705, 'min_expert_frac': 0.012, 'dead_experts': 0, 'peak_vram_gb': 13.5539}
{'step': 2100, 'tokens': 550502400, 'lm_loss': 3.6597, 'aux_loss': 1.9866, 'z_loss': 0.0031, 'grad_norm': 0.4316, 'lr': 0.0002, 'tokens_per_sec': 261435.8117, 'mfu': 0.081, 'expert_load_cv': 0.1683, 'min_expert_frac': 0.0122, 'dead_experts': 0, 'peak_vram_gb': 13.5539}
{'step': 2110, 'tokens': 553123840, 'lm_loss': 3.6773, 'aux_loss': 1.9843, 'z_loss': 0.003, 'grad_norm': 0.4238, 'lr': 0.0002, 'tokens_per_sec': 261437.6392, 'mfu': 0.081, 'expert_load_cv': 0.1674, 'min_expert_frac': 0.0121, 'dead_experts': 0, 'peak_vram_gb': 13.5539}
{'step': 2120, 'tokens': 555745280, 'lm_loss': 3.695, 'aux_loss': 1.9799, 'z_loss': 0.0031, 'grad_norm': 0.4414, 'lr': 0.0002, 'tokens_per_sec': 261437.2071, 'mfu': 0.081, 'expert_load_cv': 0.1703, 'min_expert_frac': 0.012, 'dead_experts': 0, 'peak_vram_gb': 13.5539}
{'step': 2130, 'tokens': 558366720, 'lm_loss': 3.6903, 'aux_loss': 1.9892, 'z_loss': 0.0031, 'grad_norm': 0.5156, 'lr': 0.0002, 'tokens_per_sec': 261439.7037, 'mfu': 0.081, 'expert_load_cv': 0.1707, 'min_expert_frac': 0.0117, 'dead_experts': 0, 'peak_vram_gb': 13.5539}
{'step': 2140, 'tokens': 560988160, 'lm_loss': 3.7028, 'aux_loss': 1.982, 'z_loss': 0.0031, 'grad_norm': 0.4375, 'lr': 0.0002, 'tokens_per_sec': 261442.1315, 'mfu': 0.081, 'expert_load_cv': 0.1702, 'min_expert_frac': 0.0118, 'dead_experts': 0, 'peak_vram_gb': 13.5539}
{'step': 2150, 'tokens': 563609600, 'lm_loss': 3.7158, 'aux_loss': 1.9783, 'z_loss': 0.003, 'grad_norm': 0.4551, 'lr': 0.0002, 'tokens_per_sec': 261437.3082, 'mfu': 0.081, 'expert_load_cv': 0.1687, 'min_expert_frac': 0.012, 'dead_experts': 0, 'peak_vram_gb': 13.5539}
{'step': 2160, 'tokens': 566231040, 'lm_loss': 3.6707, 'aux_loss': 1.9861, 'z_loss': 0.003, 'grad_norm': 0.4727, 'lr': 0.0002, 'tokens_per_sec': 261429.3968, 'mfu': 0.081, 'expert_load_cv': 0.1686, 'min_expert_frac': 0.0118, 'dead_experts': 0, 'peak_vram_gb': 13.5539}
{'step': 2170, 'tokens': 568852480, 'lm_loss': 3.6519, 'aux_loss': 1.9853, 'z_loss': 0.003, 'grad_norm': 0.457, 'lr': 0.0002, 'tokens_per_sec': 261434.6126, 'mfu': 0.081, 'expert_load_cv': 0.1675, 'min_expert_frac': 0.012, 'dead_experts': 0, 'peak_vram_gb': 13.5539}
{'step': 2180, 'tokens': 571473920, 'lm_loss': 3.6726, 'aux_loss': 1.9834, 'z_loss': 0.003, 'grad_norm': 0.4609, 'lr': 0.0002, 'tokens_per_sec': 261435.7942, 'mfu': 0.081, 'expert_load_cv': 0.1707, 'min_expert_frac': 0.0121, 'dead_experts': 0, 'peak_vram_gb': 13.5539}
{'step': 2190, 'tokens': 574095360, 'lm_loss': 3.7392, 'aux_loss': 1.9851, 'z_loss': 0.003, 'grad_norm': 0.4551, 'lr': 0.0002, 'tokens_per_sec': 261435.8546, 'mfu': 0.081, 'expert_load_cv': 0.1701, 'min_expert_frac': 0.012, 'dead_experts': 0, 'peak_vram_gb': 13.5539}
{'step': 2200, 'tokens': 576716800, 'lm_loss': 3.6851, 'aux_loss': 1.9812, 'z_loss': 0.003, 'grad_norm': 0.4336, 'lr': 0.0002, 'tokens_per_sec': 261440.4879, 'mfu': 0.081, 'expert_load_cv': 0.1677, 'min_expert_frac': 0.0119, 'dead_experts': 0, 'peak_vram_gb': 13.5539}
{'step': 2210, 'tokens': 579338240, 'lm_loss': 3.7404, 'aux_loss': 1.9844, 'z_loss': 0.0029, 'grad_norm': 0.4062, 'lr': 0.0002, 'tokens_per_sec': 261443.9183, 'mfu': 0.081, 'expert_load_cv': 0.168, 'min_expert_frac': 0.0123, 'dead_experts': 0, 'peak_vram_gb': 13.5539}
{'step': 2220, 'tokens': 581959680, 'lm_loss': 3.6386, 'aux_loss': 1.9807, 'z_loss': 0.003, 'grad_norm': 0.4492, 'lr': 0.0002, 'tokens_per_sec': 261446.0084, 'mfu': 0.081, 'expert_load_cv': 0.1668, 'min_expert_frac': 0.0123, 'dead_experts': 0, 'peak_vram_gb': 13.5539}
{'step': 2230, 'tokens': 584581120, 'lm_loss': 3.6001, 'aux_loss': 1.9774, 'z_loss': 0.0031, 'grad_norm': 0.4961, 'lr': 0.0002, 'tokens_per_sec': 261450.443, 'mfu': 0.081, 'expert_load_cv': 0.169, 'min_expert_frac': 0.0117, 'dead_experts': 0, 'peak_vram_gb': 13.5539}
{'step': 2240, 'tokens': 587202560, 'lm_loss': 3.6721, 'aux_loss': 1.98, 'z_loss': 0.003, 'grad_norm': 0.4316, 'lr': 0.0002, 'tokens_per_sec': 261454.1805, 'mfu': 0.081, 'expert_load_cv': 0.1698, 'min_expert_frac': 0.0119, 'dead_experts': 0, 'peak_vram_gb': 13.5539}
{'step': 2250, 'tokens': 589824000, 'lm_loss': 3.653, 'aux_loss': 1.985, 'z_loss': 0.003, 'grad_norm': 0.5547, 'lr': 0.0001, 'tokens_per_sec': 261457.5906, 'mfu': 0.081, 'expert_load_cv': 0.17, 'min_expert_frac': 0.0118, 'dead_experts': 0, 'peak_vram_gb': 13.5539}
{'step': 2260, 'tokens': 592445440, 'lm_loss': 3.6074, 'aux_loss': 1.982, 'z_loss': 0.003, 'grad_norm': 0.4336, 'lr': 0.0001, 'tokens_per_sec': 261457.9204, 'mfu': 0.081, 'expert_load_cv': 0.1664, 'min_expert_frac': 0.0122, 'dead_experts': 0, 'peak_vram_gb': 13.5539}
{'step': 2270, 'tokens': 595066880, 'lm_loss': 3.684, 'aux_loss': 1.9825, 'z_loss': 0.003, 'grad_norm': 0.4062, 'lr': 0.0001, 'tokens_per_sec': 261454.8921, 'mfu': 0.081, 'expert_load_cv': 0.1684, 'min_expert_frac': 0.012, 'dead_experts': 0, 'peak_vram_gb': 13.5539}
{'step': 2280, 'tokens': 597688320, 'lm_loss': 3.6174, 'aux_loss': 1.9843, 'z_loss': 0.003, 'grad_norm': 0.4727, 'lr': 0.0001, 'tokens_per_sec': 261455.4561, 'mfu': 0.081, 'expert_load_cv': 0.1672, 'min_expert_frac': 0.0121, 'dead_experts': 0, 'peak_vram_gb': 13.5539}
{'step': 2290, 'tokens': 600309760, 'lm_loss': 3.6964, 'aux_loss': 1.981, 'z_loss': 0.0029, 'grad_norm': 0.4727, 'lr': 0.0001, 'tokens_per_sec': 261457.8327, 'mfu': 0.081, 'expert_load_cv': 0.1665, 'min_expert_frac': 0.0124, 'dead_experts': 0, 'peak_vram_gb': 13.5539}
{'step': 2300, 'tokens': 602931200, 'lm_loss': 3.615, 'aux_loss': 1.9795, 'z_loss': 0.0029, 'grad_norm': 0.4199, 'lr': 0.0001, 'tokens_per_sec': 261451.2368, 'mfu': 0.081, 'expert_load_cv': 0.1697, 'min_expert_frac': 0.0123, 'dead_experts': 0, 'peak_vram_gb': 13.5539}
{'step': 2310, 'tokens': 605552640, 'lm_loss': 3.6036, 'aux_loss': 1.9841, 'z_loss': 0.0029, 'grad_norm': 0.3984, 'lr': 0.0001, 'tokens_per_sec': 261445.5045, 'mfu': 0.081, 'expert_load_cv': 0.1687, 'min_expert_frac': 0.0121, 'dead_experts': 0, 'peak_vram_gb': 13.5539}
{'step': 2320, 'tokens': 608174080, 'lm_loss': 3.6264, 'aux_loss': 1.9833, 'z_loss': 0.0029, 'grad_norm': 0.4199, 'lr': 0.0001, 'tokens_per_sec': 261429.822, 'mfu': 0.081, 'expert_load_cv': 0.1675, 'min_expert_frac': 0.0119, 'dead_experts': 0, 'peak_vram_gb': 13.5539}
{'step': 2330, 'tokens': 610795520, 'lm_loss': 3.6678, 'aux_loss': 1.9797, 'z_loss': 0.003, 'grad_norm': 0.416, 'lr': 0.0001, 'tokens_per_sec': 261431.596, 'mfu': 0.081, 'expert_load_cv': 0.1658, 'min_expert_frac': 0.0123, 'dead_experts': 0, 'peak_vram_gb': 13.5539}
{'step': 2340, 'tokens': 613416960, 'lm_loss': 3.6013, 'aux_loss': 1.986, 'z_loss': 0.0029, 'grad_norm': 0.4609, 'lr': 0.0001, 'tokens_per_sec': 261435.7662, 'mfu': 0.081, 'expert_load_cv': 0.1688, 'min_expert_frac': 0.0121, 'dead_experts': 0, 'peak_vram_gb': 13.5539}
{'step': 2350, 'tokens': 616038400, 'lm_loss': 3.6371, 'aux_loss': 1.9881, 'z_loss': 0.003, 'grad_norm': 0.4766, 'lr': 0.0001, 'tokens_per_sec': 261434.256, 'mfu': 0.081, 'expert_load_cv': 0.1687, 'min_expert_frac': 0.0122, 'dead_experts': 0, 'peak_vram_gb': 13.5539}
{'step': 2360, 'tokens': 618659840, 'lm_loss': 3.6219, 'aux_loss': 1.9883, 'z_loss': 0.003, 'grad_norm': 0.3906, 'lr': 0.0001, 'tokens_per_sec': 261436.5101, 'mfu': 0.081, 'expert_load_cv': 0.169, 'min_expert_frac': 0.0125, 'dead_experts': 0, 'peak_vram_gb': 13.5539}
{'step': 2370, 'tokens': 621281280, 'lm_loss': 3.6556, 'aux_loss': 1.9822, 'z_loss': 0.003, 'grad_norm': 0.4531, 'lr': 0.0001, 'tokens_per_sec': 261438.605, 'mfu': 0.081, 'expert_load_cv': 0.1681, 'min_expert_frac': 0.0123, 'dead_experts': 0, 'peak_vram_gb': 13.5539}
{'step': 2380, 'tokens': 623902720, 'lm_loss': 3.6734, 'aux_loss': 1.9852, 'z_loss': 0.0029, 'grad_norm': 0.4121, 'lr': 0.0001, 'tokens_per_sec': 261436.3057, 'mfu': 0.081, 'expert_load_cv': 0.1678, 'min_expert_frac': 0.0123, 'dead_experts': 0, 'peak_vram_gb': 13.5539}
{'step': 2390, 'tokens': 626524160, 'lm_loss': 3.6406, 'aux_loss': 1.9823, 'z_loss': 0.0029, 'grad_norm': 0.377, 'lr': 0.0001, 'tokens_per_sec': 261443.8385, 'mfu': 0.081, 'expert_load_cv': 0.1693, 'min_expert_frac': 0.0121, 'dead_experts': 0, 'peak_vram_gb': 13.5539}
{'step': 2400, 'tokens': 629145600, 'lm_loss': 3.6455, 'aux_loss': 1.9855, 'z_loss': 0.0029, 'grad_norm': 0.4102, 'lr': 0.0001, 'tokens_per_sec': 261449.1208, 'mfu': 0.081, 'expert_load_cv': 0.1696, 'min_expert_frac': 0.0121, 'dead_experts': 0, 'peak_vram_gb': 13.5539}
{'step': 2410, 'tokens': 631767040, 'lm_loss': 3.6358, 'aux_loss': 1.9821, 'z_loss': 0.0029, 'grad_norm': 0.4277, 'lr': 0.0001, 'tokens_per_sec': 261453.5796, 'mfu': 0.081, 'expert_load_cv': 0.1668, 'min_expert_frac': 0.0122, 'dead_experts': 0, 'peak_vram_gb': 13.5539}
{'step': 2420, 'tokens': 634388480, 'lm_loss': 3.611, 'aux_loss': 1.9848, 'z_loss': 0.003, 'grad_norm': 0.4668, 'lr': 0.0001, 'tokens_per_sec': 261455.5642, 'mfu': 0.081, 'expert_load_cv': 0.1669, 'min_expert_frac': 0.0118, 'dead_experts': 0, 'peak_vram_gb': 13.5539}
{'step': 2430, 'tokens': 637009920, 'lm_loss': 3.6308, 'aux_loss': 1.9851, 'z_loss': 0.0029, 'grad_norm': 0.4199, 'lr': 0.0001, 'tokens_per_sec': 261453.2254, 'mfu': 0.081, 'expert_load_cv': 0.1667, 'min_expert_frac': 0.0119, 'dead_experts': 0, 'peak_vram_gb': 13.5539}
{'step': 2440, 'tokens': 639631360, 'lm_loss': 3.6093, 'aux_loss': 1.9843, 'z_loss': 0.0029, 'grad_norm': 0.4336, 'lr': 0.0001, 'tokens_per_sec': 261453.2714, 'mfu': 0.081, 'expert_load_cv': 0.1664, 'min_expert_frac': 0.0121, 'dead_experts': 0, 'peak_vram_gb': 13.5539}
{'step': 2450, 'tokens': 642252800, 'lm_loss': 3.6741, 'aux_loss': 1.991, 'z_loss': 0.003, 'grad_norm': 0.4316, 'lr': 0.0001, 'tokens_per_sec': 261454.2052, 'mfu': 0.081, 'expert_load_cv': 0.1664, 'min_expert_frac': 0.0124, 'dead_experts': 0, 'peak_vram_gb': 13.5539}
{'step': 2460, 'tokens': 644874240, 'lm_loss': 3.6138, 'aux_loss': 1.9832, 'z_loss': 0.0029, 'grad_norm': 0.3789, 'lr': 0.0001, 'tokens_per_sec': 261453.2472, 'mfu': 0.081, 'expert_load_cv': 0.1676, 'min_expert_frac': 0.012, 'dead_experts': 0, 'peak_vram_gb': 13.5539}
{'step': 2470, 'tokens': 647495680, 'lm_loss': 3.6309, 'aux_loss': 1.9912, 'z_loss': 0.0029, 'grad_norm': 0.3652, 'lr': 0.0001, 'tokens_per_sec': 261452.562, 'mfu': 0.081, 'expert_load_cv': 0.1665, 'min_expert_frac': 0.0122, 'dead_experts': 0, 'peak_vram_gb': 13.5539}
{'step': 2480, 'tokens': 650117120, 'lm_loss': 3.5968, 'aux_loss': 1.9861, 'z_loss': 0.0029, 'grad_norm': 0.4258, 'lr': 0.0001, 'tokens_per_sec': 261456.9085, 'mfu': 0.081, 'expert_load_cv': 0.1664, 'min_expert_frac': 0.0125, 'dead_experts': 0, 'peak_vram_gb': 13.5539}
{'step': 2490, 'tokens': 652738560, 'lm_loss': 3.6979, 'aux_loss': 1.9844, 'z_loss': 0.003, 'grad_norm': 0.3945, 'lr': 0.0001, 'tokens_per_sec': 261454.4599, 'mfu': 0.081, 'expert_load_cv': 0.1669, 'min_expert_frac': 0.0123, 'dead_experts': 0, 'peak_vram_gb': 13.5539}
{'step': 2500, 'tokens': 655360000, 'lm_loss': 3.6621, 'aux_loss': 1.9788, 'z_loss': 0.0029, 'grad_norm': 0.4766, 'lr': 0.0001, 'tokens_per_sec': 261455.0731, 'mfu': 0.081, 'expert_load_cv': 0.1662, 'min_expert_frac': 0.0122, 'dead_experts': 0, 'peak_vram_gb': 13.5539}
{'step': 2510, 'tokens': 657981440, 'lm_loss': 3.5608, 'aux_loss': 1.9903, 'z_loss': 0.0029, 'grad_norm': 0.5078, 'lr': 0.0001, 'tokens_per_sec': 261457.9214, 'mfu': 0.081, 'expert_load_cv': 0.165, 'min_expert_frac': 0.0122, 'dead_experts': 0, 'peak_vram_gb': 13.5539}
{'step': 2520, 'tokens': 660602880, 'lm_loss': 3.6268, 'aux_loss': 1.9874, 'z_loss': 0.0029, 'grad_norm': 0.4277, 'lr': 0.0001, 'tokens_per_sec': 261453.0737, 'mfu': 0.081, 'expert_load_cv': 0.1649, 'min_expert_frac': 0.0123, 'dead_experts': 0, 'peak_vram_gb': 13.5539}
{'step': 2530, 'tokens': 663224320, 'lm_loss': 3.6126, 'aux_loss': 1.983, 'z_loss': 0.0029, 'grad_norm': 0.4062, 'lr': 0.0001, 'tokens_per_sec': 261451.1667, 'mfu': 0.081, 'expert_load_cv': 0.1657, 'min_expert_frac': 0.0123, 'dead_experts': 0, 'peak_vram_gb': 13.5539}
{'step': 2540, 'tokens': 665845760, 'lm_loss': 3.6163, 'aux_loss': 1.9874, 'z_loss': 0.0029, 'grad_norm': 0.4004, 'lr': 0.0001, 'tokens_per_sec': 261446.9298, 'mfu': 0.081, 'expert_load_cv': 0.1664, 'min_expert_frac': 0.0121, 'dead_experts': 0, 'peak_vram_gb': 13.5539}
{'step': 2550, 'tokens': 668467200, 'lm_loss': 3.6951, 'aux_loss': 1.9826, 'z_loss': 0.0029, 'grad_norm': 0.3926, 'lr': 0.0001, 'tokens_per_sec': 261446.1216, 'mfu': 0.081, 'expert_load_cv': 0.166, 'min_expert_frac': 0.0122, 'dead_experts': 0, 'peak_vram_gb': 13.5539}
{'step': 2560, 'tokens': 671088640, 'lm_loss': 3.6513, 'aux_loss': 1.9824, 'z_loss': 0.0029, 'grad_norm': 0.3691, 'lr': 0.0001, 'tokens_per_sec': 261446.1845, 'mfu': 0.081, 'expert_load_cv': 0.1647, 'min_expert_frac': 0.0121, 'dead_experts': 0, 'peak_vram_gb': 13.5539}
{'step': 2570, 'tokens': 673710080, 'lm_loss': 3.6535, 'aux_loss': 1.9819, 'z_loss': 0.0029, 'grad_norm': 0.4355, 'lr': 0.0001, 'tokens_per_sec': 261449.9656, 'mfu': 0.081, 'expert_load_cv': 0.1649, 'min_expert_frac': 0.0123, 'dead_experts': 0, 'peak_vram_gb': 13.5539}
{'step': 2580, 'tokens': 676331520, 'lm_loss': 3.6026, 'aux_loss': 1.9928, 'z_loss': 0.0029, 'grad_norm': 0.4121, 'lr': 0.0001, 'tokens_per_sec': 261454.3849, 'mfu': 0.081, 'expert_load_cv': 0.1657, 'min_expert_frac': 0.0121, 'dead_experts': 0, 'peak_vram_gb': 13.5539}
{'step': 2590, 'tokens': 678952960, 'lm_loss': 3.6767, 'aux_loss': 1.9827, 'z_loss': 0.0029, 'grad_norm': 0.4219, 'lr': 0.0001, 'tokens_per_sec': 261452.7349, 'mfu': 0.081, 'expert_load_cv': 0.165, 'min_expert_frac': 0.0123, 'dead_experts': 0, 'peak_vram_gb': 13.5539}
{'step': 2600, 'tokens': 681574400, 'lm_loss': 3.5954, 'aux_loss': 1.9945, 'z_loss': 0.0029, 'grad_norm': 0.3809, 'lr': 0.0001, 'tokens_per_sec': 261453.4434, 'mfu': 0.081, 'expert_load_cv': 0.1651, 'min_expert_frac': 0.0121, 'dead_experts': 0, 'peak_vram_gb': 13.5539}
{'step': 2610, 'tokens': 684195840, 'lm_loss': 3.6671, 'aux_loss': 1.9809, 'z_loss': 0.0028, 'grad_norm': 0.3926, 'lr': 0.0001, 'tokens_per_sec': 261452.4711, 'mfu': 0.081, 'expert_load_cv': 0.1669, 'min_expert_frac': 0.0122, 'dead_experts': 0, 'peak_vram_gb': 13.5539}
{'step': 2620, 'tokens': 686817280, 'lm_loss': 3.6194, 'aux_loss': 1.9903, 'z_loss': 0.0029, 'grad_norm': 0.416, 'lr': 0.0001, 'tokens_per_sec': 261451.0597, 'mfu': 0.081, 'expert_load_cv': 0.1653, 'min_expert_frac': 0.012, 'dead_experts': 0, 'peak_vram_gb': 13.5539}
{'step': 2630, 'tokens': 689438720, 'lm_loss': 3.6753, 'aux_loss': 1.9904, 'z_loss': 0.0029, 'grad_norm': 0.4102, 'lr': 0.0001, 'tokens_per_sec': 261449.5316, 'mfu': 0.081, 'expert_load_cv': 0.165, 'min_expert_frac': 0.0123, 'dead_experts': 0, 'peak_vram_gb': 13.5539}
{'step': 2640, 'tokens': 692060160, 'lm_loss': 3.6304, 'aux_loss': 1.9874, 'z_loss': 0.0029, 'grad_norm': 0.3652, 'lr': 0.0001, 'tokens_per_sec': 261448.7833, 'mfu': 0.081, 'expert_load_cv': 0.1664, 'min_expert_frac': 0.012, 'dead_experts': 0, 'peak_vram_gb': 13.5539}
{'step': 2650, 'tokens': 694681600, 'lm_loss': 3.607, 'aux_loss': 1.9865, 'z_loss': 0.0028, 'grad_norm': 0.373, 'lr': 0.0001, 'tokens_per_sec': 261449.8201, 'mfu': 0.081, 'expert_load_cv': 0.1659, 'min_expert_frac': 0.012, 'dead_experts': 0, 'peak_vram_gb': 13.5539}
{'step': 2660, 'tokens': 697303040, 'lm_loss': 3.6446, 'aux_loss': 1.986, 'z_loss': 0.0029, 'grad_norm': 0.3906, 'lr': 0.0001, 'tokens_per_sec': 261444.5712, 'mfu': 0.081, 'expert_load_cv': 0.1644, 'min_expert_frac': 0.0121, 'dead_experts': 0, 'peak_vram_gb': 13.5539}
{'step': 2670, 'tokens': 699924480, 'lm_loss': 3.595, 'aux_loss': 1.9888, 'z_loss': 0.0028, 'grad_norm': 0.377, 'lr': 0.0001, 'tokens_per_sec': 261449.8503, 'mfu': 0.081, 'expert_load_cv': 0.1637, 'min_expert_frac': 0.0122, 'dead_experts': 0, 'peak_vram_gb': 13.5539}
{'step': 2680, 'tokens': 702545920, 'lm_loss': 3.6457, 'aux_loss': 1.984, 'z_loss': 0.0029, 'grad_norm': 0.4082, 'lr': 0.0001, 'tokens_per_sec': 261449.96, 'mfu': 0.081, 'expert_load_cv': 0.1662, 'min_expert_frac': 0.0119, 'dead_experts': 0, 'peak_vram_gb': 13.5539}
{'step': 2690, 'tokens': 705167360, 'lm_loss': 3.6545, 'aux_loss': 1.9824, 'z_loss': 0.0028, 'grad_norm': 0.3848, 'lr': 0.0001, 'tokens_per_sec': 261443.6273, 'mfu': 0.081, 'expert_load_cv': 0.1659, 'min_expert_frac': 0.0123, 'dead_experts': 0, 'peak_vram_gb': 13.5539}
{'step': 2700, 'tokens': 707788800, 'lm_loss': 3.597, 'aux_loss': 1.9834, 'z_loss': 0.0029, 'grad_norm': 0.4102, 'lr': 0.0001, 'tokens_per_sec': 261445.9396, 'mfu': 0.081, 'expert_load_cv': 0.1648, 'min_expert_frac': 0.0124, 'dead_experts': 0, 'peak_vram_gb': 13.5539}
{'step': 2710, 'tokens': 710410240, 'lm_loss': 3.5752, 'aux_loss': 1.99, 'z_loss': 0.0028, 'grad_norm': 0.4062, 'lr': 0.0001, 'tokens_per_sec': 261446.8076, 'mfu': 0.081, 'expert_load_cv': 0.1639, 'min_expert_frac': 0.0124, 'dead_experts': 0, 'peak_vram_gb': 13.5539}
{'step': 2720, 'tokens': 713031680, 'lm_loss': 3.5774, 'aux_loss': 1.9838, 'z_loss': 0.0029, 'grad_norm': 0.4004, 'lr': 0.0001, 'tokens_per_sec': 261448.3885, 'mfu': 0.081, 'expert_load_cv': 0.1641, 'min_expert_frac': 0.0126, 'dead_experts': 0, 'peak_vram_gb': 13.5539}
{'step': 2730, 'tokens': 715653120, 'lm_loss': 3.6384, 'aux_loss': 1.9826, 'z_loss': 0.0029, 'grad_norm': 0.4121, 'lr': 0.0001, 'tokens_per_sec': 261452.7232, 'mfu': 0.081, 'expert_load_cv': 0.1641, 'min_expert_frac': 0.0127, 'dead_experts': 0, 'peak_vram_gb': 13.5539}
{'step': 2740, 'tokens': 718274560, 'lm_loss': 3.6443, 'aux_loss': 1.9813, 'z_loss': 0.0028, 'grad_norm': 0.4043, 'lr': 0.0001, 'tokens_per_sec': 261454.8308, 'mfu': 0.081, 'expert_load_cv': 0.1637, 'min_expert_frac': 0.0123, 'dead_experts': 0, 'peak_vram_gb': 13.5539}
{'step': 2750, 'tokens': 720896000, 'lm_loss': 3.6254, 'aux_loss': 1.986, 'z_loss': 0.0029, 'grad_norm': 0.3867, 'lr': 0.0001, 'tokens_per_sec': 261455.7718, 'mfu': 0.081, 'expert_load_cv': 0.1643, 'min_expert_frac': 0.0125, 'dead_experts': 0, 'peak_vram_gb': 13.5539}
{'step': 2760, 'tokens': 723517440, 'lm_loss': 3.6334, 'aux_loss': 1.9833, 'z_loss': 0.0028, 'grad_norm': 0.3965, 'lr': 0.0001, 'tokens_per_sec': 261453.1825, 'mfu': 0.081, 'expert_load_cv': 0.1647, 'min_expert_frac': 0.0124, 'dead_experts': 0, 'peak_vram_gb': 13.5539}
{'step': 2770, 'tokens': 726138880, 'lm_loss': 3.5546, 'aux_loss': 1.9926, 'z_loss': 0.0029, 'grad_norm': 0.3867, 'lr': 0.0001, 'tokens_per_sec': 261450.325, 'mfu': 0.081, 'expert_load_cv': 0.1622, 'min_expert_frac': 0.0122, 'dead_experts': 0, 'peak_vram_gb': 13.5539}
{'step': 2780, 'tokens': 728760320, 'lm_loss': 3.6294, 'aux_loss': 1.9834, 'z_loss': 0.0028, 'grad_norm': 0.3418, 'lr': 0.0001, 'tokens_per_sec': 261453.0471, 'mfu': 0.081, 'expert_load_cv': 0.1629, 'min_expert_frac': 0.0122, 'dead_experts': 0, 'peak_vram_gb': 13.5539}
{'step': 2790, 'tokens': 731381760, 'lm_loss': 3.6487, 'aux_loss': 1.9902, 'z_loss': 0.0029, 'grad_norm': 0.3633, 'lr': 0.0001, 'tokens_per_sec': 261455.9899, 'mfu': 0.081, 'expert_load_cv': 0.1637, 'min_expert_frac': 0.0123, 'dead_experts': 0, 'peak_vram_gb': 13.5539}
{'step': 2800, 'tokens': 734003200, 'lm_loss': 3.6247, 'aux_loss': 1.9814, 'z_loss': 0.0028, 'grad_norm': 0.3691, 'lr': 0.0001, 'tokens_per_sec': 261463.2385, 'mfu': 0.081, 'expert_load_cv': 0.1641, 'min_expert_frac': 0.0124, 'dead_experts': 0, 'peak_vram_gb': 13.5539}
{'step': 2810, 'tokens': 736624640, 'lm_loss': 3.6319, 'aux_loss': 1.9871, 'z_loss': 0.0028, 'grad_norm': 0.3887, 'lr': 0.0001, 'tokens_per_sec': 261459.8727, 'mfu': 0.081, 'expert_load_cv': 0.1622, 'min_expert_frac': 0.0126, 'dead_experts': 0, 'peak_vram_gb': 13.5539}
{'step': 2820, 'tokens': 739246080, 'lm_loss': 3.5536, 'aux_loss': 1.9914, 'z_loss': 0.0028, 'grad_norm': 0.3691, 'lr': 0.0001, 'tokens_per_sec': 261456.3627, 'mfu': 0.081, 'expert_load_cv': 0.1631, 'min_expert_frac': 0.0126, 'dead_experts': 0, 'peak_vram_gb': 13.5539}
{'step': 2830, 'tokens': 741867520, 'lm_loss': 3.6194, 'aux_loss': 1.9933, 'z_loss': 0.0028, 'grad_norm': 0.3984, 'lr': 0.0001, 'tokens_per_sec': 261454.5581, 'mfu': 0.081, 'expert_load_cv': 0.163, 'min_expert_frac': 0.0125, 'dead_experts': 0, 'peak_vram_gb': 13.5539}
{'step': 2840, 'tokens': 744488960, 'lm_loss': 3.5916, 'aux_loss': 1.9876, 'z_loss': 0.0029, 'grad_norm': 0.3672, 'lr': 0.0001, 'tokens_per_sec': 261453.8426, 'mfu': 0.081, 'expert_load_cv': 0.1657, 'min_expert_frac': 0.0122, 'dead_experts': 0, 'peak_vram_gb': 13.5539}
{'step': 2850, 'tokens': 747110400, 'lm_loss': 3.6082, 'aux_loss': 1.9865, 'z_loss': 0.0029, 'grad_norm': 0.3535, 'lr': 0.0001, 'tokens_per_sec': 261450.8935, 'mfu': 0.081, 'expert_load_cv': 0.1634, 'min_expert_frac': 0.0123, 'dead_experts': 0, 'peak_vram_gb': 13.5539}
{'step': 2860, 'tokens': 749731840, 'lm_loss': 3.6583, 'aux_loss': 1.9838, 'z_loss': 0.0028, 'grad_norm': 0.3809, 'lr': 0.0001, 'tokens_per_sec': 261445.8114, 'mfu': 0.081, 'expert_load_cv': 0.1636, 'min_expert_frac': 0.0126, 'dead_experts': 0, 'peak_vram_gb': 13.5539}
Writing model shards:   0%|          | 0/1 [00:00<?, ?it/s]Writing model shards: 100%|██████████| 1/1 [00:00<00:00,  1.95it/s]Writing model shards: 100%|██████████| 1/1 [00:00<00:00,  1.95it/s]
  saved runs/seedvar_E64_s1/step2860
{'step': 2870, 'tokens': 752353280, 'lm_loss': 3.6102, 'aux_loss': 1.9839, 'z_loss': 0.0029, 'grad_norm': 0.3535, 'lr': 0.0001, 'tokens_per_sec': 261395.3105, 'mfu': 0.081, 'expert_load_cv': 0.1626, 'min_expert_frac': 0.0124, 'dead_experts': 0, 'peak_vram_gb': 13.5539}
{'step': 2880, 'tokens': 754974720, 'lm_loss': 3.6245, 'aux_loss': 1.9842, 'z_loss': 0.0028, 'grad_norm': 0.3887, 'lr': 0.0001, 'tokens_per_sec': 261396.7787, 'mfu': 0.081, 'expert_load_cv': 0.1628, 'min_expert_frac': 0.0124, 'dead_experts': 0, 'peak_vram_gb': 13.5539}
{'step': 2890, 'tokens': 757596160, 'lm_loss': 3.6211, 'aux_loss': 1.9843, 'z_loss': 0.0028, 'grad_norm': 0.3555, 'lr': 0.0001, 'tokens_per_sec': 261401.5777, 'mfu': 0.081, 'expert_load_cv': 0.1621, 'min_expert_frac': 0.0126, 'dead_experts': 0, 'peak_vram_gb': 13.5539}
{'step': 2900, 'tokens': 760217600, 'lm_loss': 3.6612, 'aux_loss': 1.987, 'z_loss': 0.0028, 'grad_norm': 0.3555, 'lr': 0.0001, 'tokens_per_sec': 261406.9255, 'mfu': 0.081, 'expert_load_cv': 0.1651, 'min_expert_frac': 0.0126, 'dead_experts': 0, 'peak_vram_gb': 13.5539}
{'step': 2910, 'tokens': 762839040, 'lm_loss': 3.6619, 'aux_loss': 1.9785, 'z_loss': 0.0028, 'grad_norm': 0.3672, 'lr': 0.0001, 'tokens_per_sec': 261402.1344, 'mfu': 0.081, 'expert_load_cv': 0.1647, 'min_expert_frac': 0.0123, 'dead_experts': 0, 'peak_vram_gb': 13.5539}
{'step': 2920, 'tokens': 765460480, 'lm_loss': 3.5841, 'aux_loss': 1.9948, 'z_loss': 0.0029, 'grad_norm': 0.3906, 'lr': 0.0001, 'tokens_per_sec': 261401.5864, 'mfu': 0.081, 'expert_load_cv': 0.164, 'min_expert_frac': 0.0123, 'dead_experts': 0, 'peak_vram_gb': 13.5539}
{'step': 2930, 'tokens': 768081920, 'lm_loss': 3.5682, 'aux_loss': 1.9894, 'z_loss': 0.0028, 'grad_norm': 0.3555, 'lr': 0.0001, 'tokens_per_sec': 261408.5037, 'mfu': 0.081, 'expert_load_cv': 0.1622, 'min_expert_frac': 0.0124, 'dead_experts': 0, 'peak_vram_gb': 13.5539}
{'step': 2940, 'tokens': 770703360, 'lm_loss': 3.6527, 'aux_loss': 1.9849, 'z_loss': 0.0028, 'grad_norm': 0.3398, 'lr': 0.0001, 'tokens_per_sec': 261411.1382, 'mfu': 0.081, 'expert_load_cv': 0.1633, 'min_expert_frac': 0.0125, 'dead_experts': 0, 'peak_vram_gb': 13.5539}
{'step': 2950, 'tokens': 773324800, 'lm_loss': 3.6543, 'aux_loss': 1.9811, 'z_loss': 0.0028, 'grad_norm': 0.4141, 'lr': 0.0001, 'tokens_per_sec': 261409.849, 'mfu': 0.081, 'expert_load_cv': 0.1635, 'min_expert_frac': 0.0126, 'dead_experts': 0, 'peak_vram_gb': 13.5539}
{'step': 2960, 'tokens': 775946240, 'lm_loss': 3.6246, 'aux_loss': 1.9895, 'z_loss': 0.0028, 'grad_norm': 0.4434, 'lr': 0.0, 'tokens_per_sec': 261411.2896, 'mfu': 0.081, 'expert_load_cv': 0.164, 'min_expert_frac': 0.0124, 'dead_experts': 0, 'peak_vram_gb': 13.5539}
{'step': 2970, 'tokens': 778567680, 'lm_loss': 3.5708, 'aux_loss': 1.991, 'z_loss': 0.0028, 'grad_norm': 0.3652, 'lr': 0.0, 'tokens_per_sec': 261410.032, 'mfu': 0.081, 'expert_load_cv': 0.165, 'min_expert_frac': 0.0124, 'dead_experts': 0, 'peak_vram_gb': 13.5539}
{'step': 2980, 'tokens': 781189120, 'lm_loss': 3.6177, 'aux_loss': 1.9886, 'z_loss': 0.0028, 'grad_norm': 0.3379, 'lr': 0.0, 'tokens_per_sec': 261409.7788, 'mfu': 0.081, 'expert_load_cv': 0.1631, 'min_expert_frac': 0.0123, 'dead_experts': 0, 'peak_vram_gb': 13.5539}
{'step': 2990, 'tokens': 783810560, 'lm_loss': 3.6434, 'aux_loss': 1.9892, 'z_loss': 0.0028, 'grad_norm': 0.3457, 'lr': 0.0, 'tokens_per_sec': 261410.9119, 'mfu': 0.081, 'expert_load_cv': 0.1638, 'min_expert_frac': 0.0122, 'dead_experts': 0, 'peak_vram_gb': 13.5539}
{'step': 3000, 'tokens': 786432000, 'lm_loss': 3.6241, 'aux_loss': 1.9864, 'z_loss': 0.0028, 'grad_norm': 0.332, 'lr': 0.0, 'tokens_per_sec': 261411.3756, 'mfu': 0.081, 'expert_load_cv': 0.163, 'min_expert_frac': 0.0125, 'dead_experts': 0, 'peak_vram_gb': 13.5539}
{'step': 3010, 'tokens': 789053440, 'lm_loss': 3.6481, 'aux_loss': 1.9894, 'z_loss': 0.0028, 'grad_norm': 0.3887, 'lr': 0.0, 'tokens_per_sec': 261405.841, 'mfu': 0.081, 'expert_load_cv': 0.1622, 'min_expert_frac': 0.0124, 'dead_experts': 0, 'peak_vram_gb': 13.5539}
{'step': 3020, 'tokens': 791674880, 'lm_loss': 3.6364, 'aux_loss': 1.9884, 'z_loss': 0.0028, 'grad_norm': 0.3418, 'lr': 0.0, 'tokens_per_sec': 261406.145, 'mfu': 0.081, 'expert_load_cv': 0.1632, 'min_expert_frac': 0.0125, 'dead_experts': 0, 'peak_vram_gb': 13.5539}
{'step': 3030, 'tokens': 794296320, 'lm_loss': 3.6206, 'aux_loss': 1.9875, 'z_loss': 0.0028, 'grad_norm': 0.332, 'lr': 0.0, 'tokens_per_sec': 261401.024, 'mfu': 0.081, 'expert_load_cv': 0.1627, 'min_expert_frac': 0.0126, 'dead_experts': 0, 'peak_vram_gb': 13.5539}
{'step': 3040, 'tokens': 796917760, 'lm_loss': 3.5691, 'aux_loss': 1.9875, 'z_loss': 0.0028, 'grad_norm': 0.3145, 'lr': 0.0, 'tokens_per_sec': 261401.5936, 'mfu': 0.081, 'expert_load_cv': 0.1626, 'min_expert_frac': 0.0124, 'dead_experts': 0, 'peak_vram_gb': 13.5539}
{'step': 3050, 'tokens': 799539200, 'lm_loss': 3.6504, 'aux_loss': 1.9873, 'z_loss': 0.0028, 'grad_norm': 0.4668, 'lr': 0.0, 'tokens_per_sec': 261400.658, 'mfu': 0.081, 'expert_load_cv': 0.1637, 'min_expert_frac': 0.0124, 'dead_experts': 0, 'peak_vram_gb': 13.5539}
{'step': 3060, 'tokens': 802160640, 'lm_loss': 3.5701, 'aux_loss': 1.9863, 'z_loss': 0.0028, 'grad_norm': 0.3184, 'lr': 0.0, 'tokens_per_sec': 261401.5241, 'mfu': 0.081, 'expert_load_cv': 0.1634, 'min_expert_frac': 0.0125, 'dead_experts': 0, 'peak_vram_gb': 13.5539}
{'step': 3070, 'tokens': 804782080, 'lm_loss': 3.6342, 'aux_loss': 1.9885, 'z_loss': 0.0028, 'grad_norm': 0.3301, 'lr': 0.0, 'tokens_per_sec': 261401.4959, 'mfu': 0.081, 'expert_load_cv': 0.1624, 'min_expert_frac': 0.0123, 'dead_experts': 0, 'peak_vram_gb': 13.5539}
{'step': 3080, 'tokens': 807403520, 'lm_loss': 3.644, 'aux_loss': 1.9913, 'z_loss': 0.0028, 'grad_norm': 0.3535, 'lr': 0.0, 'tokens_per_sec': 261399.1603, 'mfu': 0.081, 'expert_load_cv': 0.1631, 'min_expert_frac': 0.0123, 'dead_experts': 0, 'peak_vram_gb': 13.5539}
{'step': 3090, 'tokens': 810024960, 'lm_loss': 3.5606, 'aux_loss': 1.99, 'z_loss': 0.0028, 'grad_norm': 0.3223, 'lr': 0.0, 'tokens_per_sec': 261398.6664, 'mfu': 0.081, 'expert_load_cv': 0.1629, 'min_expert_frac': 0.0122, 'dead_experts': 0, 'peak_vram_gb': 13.5539}
{'step': 3100, 'tokens': 812646400, 'lm_loss': 3.5791, 'aux_loss': 1.99, 'z_loss': 0.0028, 'grad_norm': 0.3223, 'lr': 0.0, 'tokens_per_sec': 261398.2585, 'mfu': 0.081, 'expert_load_cv': 0.1634, 'min_expert_frac': 0.0123, 'dead_experts': 0, 'peak_vram_gb': 13.5539}
{'step': 3110, 'tokens': 815267840, 'lm_loss': 3.6459, 'aux_loss': 1.9816, 'z_loss': 0.0028, 'grad_norm': 0.3457, 'lr': 0.0, 'tokens_per_sec': 261397.729, 'mfu': 0.081, 'expert_load_cv': 0.1607, 'min_expert_frac': 0.0123, 'dead_experts': 0, 'peak_vram_gb': 13.5539}
{'step': 3120, 'tokens': 817889280, 'lm_loss': 3.633, 'aux_loss': 1.9833, 'z_loss': 0.0028, 'grad_norm': 0.334, 'lr': 0.0, 'tokens_per_sec': 261395.9853, 'mfu': 0.081, 'expert_load_cv': 0.1623, 'min_expert_frac': 0.0124, 'dead_experts': 0, 'peak_vram_gb': 13.5539}
{'step': 3130, 'tokens': 820510720, 'lm_loss': 3.5819, 'aux_loss': 1.9883, 'z_loss': 0.0028, 'grad_norm': 0.3594, 'lr': 0.0, 'tokens_per_sec': 261391.0785, 'mfu': 0.081, 'expert_load_cv': 0.1634, 'min_expert_frac': 0.0122, 'dead_experts': 0, 'peak_vram_gb': 13.5539}
{'step': 3140, 'tokens': 823132160, 'lm_loss': 3.671, 'aux_loss': 1.984, 'z_loss': 0.0028, 'grad_norm': 0.3418, 'lr': 0.0, 'tokens_per_sec': 261390.6547, 'mfu': 0.081, 'expert_load_cv': 0.1624, 'min_expert_frac': 0.0123, 'dead_experts': 0, 'peak_vram_gb': 13.5539}
{'step': 3150, 'tokens': 825753600, 'lm_loss': 3.6023, 'aux_loss': 1.9864, 'z_loss': 0.0028, 'grad_norm': 0.332, 'lr': 0.0, 'tokens_per_sec': 261389.1548, 'mfu': 0.081, 'expert_load_cv': 0.1635, 'min_expert_frac': 0.0126, 'dead_experts': 0, 'peak_vram_gb': 13.5539}
{'step': 3160, 'tokens': 828375040, 'lm_loss': 3.6366, 'aux_loss': 1.9873, 'z_loss': 0.0028, 'grad_norm': 0.3301, 'lr': 0.0, 'tokens_per_sec': 261393.1036, 'mfu': 0.081, 'expert_load_cv': 0.1629, 'min_expert_frac': 0.0125, 'dead_experts': 0, 'peak_vram_gb': 13.5539}
{'step': 3170, 'tokens': 830996480, 'lm_loss': 3.6358, 'aux_loss': 1.9801, 'z_loss': 0.0027, 'grad_norm': 0.3359, 'lr': 0.0, 'tokens_per_sec': 261394.2723, 'mfu': 0.081, 'expert_load_cv': 0.1626, 'min_expert_frac': 0.0124, 'dead_experts': 0, 'peak_vram_gb': 13.5539}
{'step': 3180, 'tokens': 833617920, 'lm_loss': 3.645, 'aux_loss': 1.9859, 'z_loss': 0.0028, 'grad_norm': 0.3105, 'lr': 0.0, 'tokens_per_sec': 261401.9563, 'mfu': 0.081, 'expert_load_cv': 0.1625, 'min_expert_frac': 0.0124, 'dead_experts': 0, 'peak_vram_gb': 13.5539}
{'step': 3190, 'tokens': 836239360, 'lm_loss': 3.6235, 'aux_loss': 1.988, 'z_loss': 0.0028, 'grad_norm': 0.3105, 'lr': 0.0, 'tokens_per_sec': 261401.68, 'mfu': 0.081, 'expert_load_cv': 0.162, 'min_expert_frac': 0.0125, 'dead_experts': 0, 'peak_vram_gb': 13.5539}
{'step': 3200, 'tokens': 838860800, 'lm_loss': 3.5808, 'aux_loss': 1.9847, 'z_loss': 0.0028, 'grad_norm': 0.3555, 'lr': 0.0, 'tokens_per_sec': 261400.8729, 'mfu': 0.081, 'expert_load_cv': 0.1622, 'min_expert_frac': 0.0124, 'dead_experts': 0, 'peak_vram_gb': 13.5539}
{'step': 3210, 'tokens': 841482240, 'lm_loss': 3.5851, 'aux_loss': 1.9829, 'z_loss': 0.0028, 'grad_norm': 0.3105, 'lr': 0.0, 'tokens_per_sec': 261396.8108, 'mfu': 0.081, 'expert_load_cv': 0.1632, 'min_expert_frac': 0.0125, 'dead_experts': 0, 'peak_vram_gb': 13.5539}
{'step': 3220, 'tokens': 844103680, 'lm_loss': 3.6293, 'aux_loss': 1.9865, 'z_loss': 0.0028, 'grad_norm': 0.3066, 'lr': 0.0, 'tokens_per_sec': 261395.6593, 'mfu': 0.081, 'expert_load_cv': 0.164, 'min_expert_frac': 0.0125, 'dead_experts': 0, 'peak_vram_gb': 13.5539}
{'step': 3230, 'tokens': 846725120, 'lm_loss': 3.6024, 'aux_loss': 1.9914, 'z_loss': 0.0028, 'grad_norm': 0.3223, 'lr': 0.0, 'tokens_per_sec': 261395.7872, 'mfu': 0.081, 'expert_load_cv': 0.1635, 'min_expert_frac': 0.0125, 'dead_experts': 0, 'peak_vram_gb': 13.5539}
{'step': 3240, 'tokens': 849346560, 'lm_loss': 3.5826, 'aux_loss': 1.9946, 'z_loss': 0.0029, 'grad_norm': 0.3242, 'lr': 0.0, 'tokens_per_sec': 261395.3746, 'mfu': 0.081, 'expert_load_cv': 0.1629, 'min_expert_frac': 0.0126, 'dead_experts': 0, 'peak_vram_gb': 13.5539}
{'step': 3250, 'tokens': 851968000, 'lm_loss': 3.6296, 'aux_loss': 1.9856, 'z_loss': 0.0028, 'grad_norm': 0.3086, 'lr': 0.0, 'tokens_per_sec': 261392.1796, 'mfu': 0.081, 'expert_load_cv': 0.1632, 'min_expert_frac': 0.0124, 'dead_experts': 0, 'peak_vram_gb': 13.5539}
{'step': 3260, 'tokens': 854589440, 'lm_loss': 3.6008, 'aux_loss': 1.9907, 'z_loss': 0.0028, 'grad_norm': 0.3418, 'lr': 0.0, 'tokens_per_sec': 261391.6505, 'mfu': 0.081, 'expert_load_cv': 0.1635, 'min_expert_frac': 0.0125, 'dead_experts': 0, 'peak_vram_gb': 13.5539}
{'step': 3270, 'tokens': 857210880, 'lm_loss': 3.6496, 'aux_loss': 1.9859, 'z_loss': 0.0027, 'grad_norm': 0.3047, 'lr': 0.0, 'tokens_per_sec': 261388.8166, 'mfu': 0.081, 'expert_load_cv': 0.1616, 'min_expert_frac': 0.0124, 'dead_experts': 0, 'peak_vram_gb': 13.5539}
{'step': 3280, 'tokens': 859832320, 'lm_loss': 3.6449, 'aux_loss': 1.9843, 'z_loss': 0.0028, 'grad_norm': 0.3301, 'lr': 0.0, 'tokens_per_sec': 261385.5065, 'mfu': 0.081, 'expert_load_cv': 0.1614, 'min_expert_frac': 0.0124, 'dead_experts': 0, 'peak_vram_gb': 13.5539}
{'step': 3290, 'tokens': 862453760, 'lm_loss': 3.5779, 'aux_loss': 1.9936, 'z_loss': 0.0028, 'grad_norm': 0.3066, 'lr': 0.0, 'tokens_per_sec': 261387.1956, 'mfu': 0.081, 'expert_load_cv': 0.1619, 'min_expert_frac': 0.0127, 'dead_experts': 0, 'peak_vram_gb': 13.5539}
{'step': 3300, 'tokens': 865075200, 'lm_loss': 3.5816, 'aux_loss': 1.9924, 'z_loss': 0.0028, 'grad_norm': 0.3223, 'lr': 0.0, 'tokens_per_sec': 261388.4119, 'mfu': 0.081, 'expert_load_cv': 0.1615, 'min_expert_frac': 0.0125, 'dead_experts': 0, 'peak_vram_gb': 13.5539}
{'step': 3310, 'tokens': 867696640, 'lm_loss': 3.6106, 'aux_loss': 1.9893, 'z_loss': 0.0028, 'grad_norm': 0.3145, 'lr': 0.0, 'tokens_per_sec': 261384.8435, 'mfu': 0.081, 'expert_load_cv': 0.1618, 'min_expert_frac': 0.0125, 'dead_experts': 0, 'peak_vram_gb': 13.5539}
{'step': 3320, 'tokens': 870318080, 'lm_loss': 3.6206, 'aux_loss': 1.9824, 'z_loss': 0.0028, 'grad_norm': 0.3262, 'lr': 0.0, 'tokens_per_sec': 261380.1151, 'mfu': 0.081, 'expert_load_cv': 0.1634, 'min_expert_frac': 0.0124, 'dead_experts': 0, 'peak_vram_gb': 13.5539}
{'step': 3330, 'tokens': 872939520, 'lm_loss': 3.6462, 'aux_loss': 1.9897, 'z_loss': 0.0028, 'grad_norm': 0.2988, 'lr': 0.0, 'tokens_per_sec': 261375.9515, 'mfu': 0.081, 'expert_load_cv': 0.1631, 'min_expert_frac': 0.0123, 'dead_experts': 0, 'peak_vram_gb': 13.5539}
{'step': 3340, 'tokens': 875560960, 'lm_loss': 3.6053, 'aux_loss': 1.9901, 'z_loss': 0.0028, 'grad_norm': 0.3281, 'lr': 0.0, 'tokens_per_sec': 261378.5222, 'mfu': 0.081, 'expert_load_cv': 0.1629, 'min_expert_frac': 0.0124, 'dead_experts': 0, 'peak_vram_gb': 13.5539}
{'step': 3350, 'tokens': 878182400, 'lm_loss': 3.6148, 'aux_loss': 1.9869, 'z_loss': 0.0028, 'grad_norm': 0.2949, 'lr': 0.0, 'tokens_per_sec': 261380.4163, 'mfu': 0.081, 'expert_load_cv': 0.1627, 'min_expert_frac': 0.0125, 'dead_experts': 0, 'peak_vram_gb': 13.5539}
{'step': 3360, 'tokens': 880803840, 'lm_loss': 3.634, 'aux_loss': 1.9896, 'z_loss': 0.0028, 'grad_norm': 0.3457, 'lr': 0.0, 'tokens_per_sec': 261382.4344, 'mfu': 0.081, 'expert_load_cv': 0.1632, 'min_expert_frac': 0.0123, 'dead_experts': 0, 'peak_vram_gb': 13.5539}
{'step': 3370, 'tokens': 883425280, 'lm_loss': 3.6315, 'aux_loss': 1.9893, 'z_loss': 0.0028, 'grad_norm': 0.2988, 'lr': 0.0, 'tokens_per_sec': 261383.9468, 'mfu': 0.081, 'expert_load_cv': 0.1633, 'min_expert_frac': 0.0125, 'dead_experts': 0, 'peak_vram_gb': 13.5539}
{'step': 3380, 'tokens': 886046720, 'lm_loss': 3.51, 'aux_loss': 1.9969, 'z_loss': 0.0028, 'grad_norm': 0.3379, 'lr': 0.0, 'tokens_per_sec': 261384.8642, 'mfu': 0.081, 'expert_load_cv': 0.1639, 'min_expert_frac': 0.0123, 'dead_experts': 0, 'peak_vram_gb': 13.5539}
{'step': 3390, 'tokens': 888668160, 'lm_loss': 3.5734, 'aux_loss': 1.9905, 'z_loss': 0.0028, 'grad_norm': 0.2988, 'lr': 0.0, 'tokens_per_sec': 261385.605, 'mfu': 0.081, 'expert_load_cv': 0.1621, 'min_expert_frac': 0.0124, 'dead_experts': 0, 'peak_vram_gb': 13.5539}
{'step': 3400, 'tokens': 891289600, 'lm_loss': 3.6288, 'aux_loss': 1.9865, 'z_loss': 0.0028, 'grad_norm': 0.2891, 'lr': 0.0, 'tokens_per_sec': 261385.0509, 'mfu': 0.081, 'expert_load_cv': 0.1637, 'min_expert_frac': 0.0125, 'dead_experts': 0, 'peak_vram_gb': 13.5539}
{'step': 3410, 'tokens': 893911040, 'lm_loss': 3.578, 'aux_loss': 1.9895, 'z_loss': 0.0028, 'grad_norm': 0.3105, 'lr': 0.0, 'tokens_per_sec': 261387.3384, 'mfu': 0.081, 'expert_load_cv': 0.1646, 'min_expert_frac': 0.0123, 'dead_experts': 0, 'peak_vram_gb': 13.5539}
{'step': 3420, 'tokens': 896532480, 'lm_loss': 3.6326, 'aux_loss': 1.9841, 'z_loss': 0.0028, 'grad_norm': 0.3438, 'lr': 0.0, 'tokens_per_sec': 261391.7541, 'mfu': 0.081, 'expert_load_cv': 0.1645, 'min_expert_frac': 0.0124, 'dead_experts': 0, 'peak_vram_gb': 13.5539}
{'step': 3430, 'tokens': 899153920, 'lm_loss': 3.6278, 'aux_loss': 1.9857, 'z_loss': 0.0028, 'grad_norm': 0.2949, 'lr': 0.0, 'tokens_per_sec': 261397.8823, 'mfu': 0.081, 'expert_load_cv': 0.1634, 'min_expert_frac': 0.0125, 'dead_experts': 0, 'peak_vram_gb': 13.5539}
{'step': 3440, 'tokens': 901775360, 'lm_loss': 3.6435, 'aux_loss': 1.9823, 'z_loss': 0.0028, 'grad_norm': 0.2988, 'lr': 0.0, 'tokens_per_sec': 261403.1194, 'mfu': 0.081, 'expert_load_cv': 0.1634, 'min_expert_frac': 0.0124, 'dead_experts': 0, 'peak_vram_gb': 13.5539}
{'step': 3450, 'tokens': 904396800, 'lm_loss': 3.6093, 'aux_loss': 1.9866, 'z_loss': 0.0028, 'grad_norm': 0.3027, 'lr': 0.0, 'tokens_per_sec': 261411.4889, 'mfu': 0.081, 'expert_load_cv': 0.1622, 'min_expert_frac': 0.0125, 'dead_experts': 0, 'peak_vram_gb': 13.5539}
{'step': 3460, 'tokens': 907018240, 'lm_loss': 3.6526, 'aux_loss': 1.9879, 'z_loss': 0.0028, 'grad_norm': 0.3086, 'lr': 0.0, 'tokens_per_sec': 261413.3979, 'mfu': 0.081, 'expert_load_cv': 0.1632, 'min_expert_frac': 0.0125, 'dead_experts': 0, 'peak_vram_gb': 13.5539}
{'step': 3470, 'tokens': 909639680, 'lm_loss': 3.5696, 'aux_loss': 1.9844, 'z_loss': 0.0028, 'grad_norm': 0.3008, 'lr': 0.0, 'tokens_per_sec': 261414.5847, 'mfu': 0.081, 'expert_load_cv': 0.1625, 'min_expert_frac': 0.0123, 'dead_experts': 0, 'peak_vram_gb': 13.5539}
{'step': 3480, 'tokens': 912261120, 'lm_loss': 3.5629, 'aux_loss': 1.9906, 'z_loss': 0.0028, 'grad_norm': 0.3086, 'lr': 0.0, 'tokens_per_sec': 261415.2014, 'mfu': 0.081, 'expert_load_cv': 0.1634, 'min_expert_frac': 0.0124, 'dead_experts': 0, 'peak_vram_gb': 13.5539}
{'step': 3490, 'tokens': 914882560, 'lm_loss': 3.5827, 'aux_loss': 1.9951, 'z_loss': 0.0028, 'grad_norm': 0.3359, 'lr': 0.0, 'tokens_per_sec': 261413.1088, 'mfu': 0.081, 'expert_load_cv': 0.1626, 'min_expert_frac': 0.0124, 'dead_experts': 0, 'peak_vram_gb': 13.5539}
{'step': 3500, 'tokens': 917504000, 'lm_loss': 3.6264, 'aux_loss': 1.9865, 'z_loss': 0.0028, 'grad_norm': 0.3457, 'lr': 0.0, 'tokens_per_sec': 261411.4698, 'mfu': 0.081, 'expert_load_cv': 0.164, 'min_expert_frac': 0.0124, 'dead_experts': 0, 'peak_vram_gb': 13.5539}
{'step': 3510, 'tokens': 920125440, 'lm_loss': 3.6141, 'aux_loss': 1.9864, 'z_loss': 0.0028, 'grad_norm': 0.3047, 'lr': 0.0, 'tokens_per_sec': 261410.5972, 'mfu': 0.081, 'expert_load_cv': 0.1622, 'min_expert_frac': 0.0124, 'dead_experts': 0, 'peak_vram_gb': 13.5539}
{'step': 3520, 'tokens': 922746880, 'lm_loss': 3.6247, 'aux_loss': 1.9942, 'z_loss': 0.0028, 'grad_norm': 0.3379, 'lr': 0.0, 'tokens_per_sec': 261409.6098, 'mfu': 0.081, 'expert_load_cv': 0.1635, 'min_expert_frac': 0.0124, 'dead_experts': 0, 'peak_vram_gb': 13.5539}
{'step': 3530, 'tokens': 925368320, 'lm_loss': 3.6489, 'aux_loss': 1.9849, 'z_loss': 0.0028, 'grad_norm': 0.2852, 'lr': 0.0, 'tokens_per_sec': 261410.7208, 'mfu': 0.081, 'expert_load_cv': 0.164, 'min_expert_frac': 0.0125, 'dead_experts': 0, 'peak_vram_gb': 13.5539}
{'step': 3540, 'tokens': 927989760, 'lm_loss': 3.662, 'aux_loss': 1.9852, 'z_loss': 0.0028, 'grad_norm': 0.2988, 'lr': 0.0, 'tokens_per_sec': 261411.1626, 'mfu': 0.081, 'expert_load_cv': 0.1625, 'min_expert_frac': 0.0125, 'dead_experts': 0, 'peak_vram_gb': 13.5539}
{'step': 3550, 'tokens': 930611200, 'lm_loss': 3.5677, 'aux_loss': 1.993, 'z_loss': 0.0028, 'grad_norm': 0.3164, 'lr': 0.0, 'tokens_per_sec': 261412.152, 'mfu': 0.081, 'expert_load_cv': 0.1621, 'min_expert_frac': 0.0125, 'dead_experts': 0, 'peak_vram_gb': 13.5539}
{'step': 3560, 'tokens': 933232640, 'lm_loss': 3.5511, 'aux_loss': 1.9869, 'z_loss': 0.0028, 'grad_norm': 0.3008, 'lr': 0.0, 'tokens_per_sec': 261414.1443, 'mfu': 0.081, 'expert_load_cv': 0.1622, 'min_expert_frac': 0.0124, 'dead_experts': 0, 'peak_vram_gb': 13.5539}
{'step': 3570, 'tokens': 935854080, 'lm_loss': 3.6097, 'aux_loss': 1.9856, 'z_loss': 0.0028, 'grad_norm': 0.291, 'lr': 0.0, 'tokens_per_sec': 261415.9536, 'mfu': 0.081, 'expert_load_cv': 0.1632, 'min_expert_frac': 0.0125, 'dead_experts': 0, 'peak_vram_gb': 13.5539}
{'step': 3580, 'tokens': 938475520, 'lm_loss': 3.6892, 'aux_loss': 1.9838, 'z_loss': 0.0028, 'grad_norm': 0.2988, 'lr': 0.0, 'tokens_per_sec': 261416.1896, 'mfu': 0.081, 'expert_load_cv': 0.163, 'min_expert_frac': 0.0124, 'dead_experts': 0, 'peak_vram_gb': 13.5539}
{'step': 3590, 'tokens': 941096960, 'lm_loss': 3.5988, 'aux_loss': 1.9903, 'z_loss': 0.0027, 'grad_norm': 0.3008, 'lr': 0.0, 'tokens_per_sec': 261419.2365, 'mfu': 0.081, 'expert_load_cv': 0.163, 'min_expert_frac': 0.0125, 'dead_experts': 0, 'peak_vram_gb': 13.5539}
{'step': 3600, 'tokens': 943718400, 'lm_loss': 3.65, 'aux_loss': 1.9898, 'z_loss': 0.0028, 'grad_norm': 0.3008, 'lr': 0.0, 'tokens_per_sec': 261417.5891, 'mfu': 0.081, 'expert_load_cv': 0.163, 'min_expert_frac': 0.0124, 'dead_experts': 0, 'peak_vram_gb': 13.5539}
{'step': 3610, 'tokens': 946339840, 'lm_loss': 3.5654, 'aux_loss': 1.9901, 'z_loss': 0.0028, 'grad_norm': 0.2988, 'lr': 0.0, 'tokens_per_sec': 261416.6078, 'mfu': 0.081, 'expert_load_cv': 0.1623, 'min_expert_frac': 0.0123, 'dead_experts': 0, 'peak_vram_gb': 13.5539}
{'step': 3620, 'tokens': 948961280, 'lm_loss': 3.5831, 'aux_loss': 1.9893, 'z_loss': 0.0028, 'grad_norm': 0.3008, 'lr': 0.0, 'tokens_per_sec': 261417.2829, 'mfu': 0.081, 'expert_load_cv': 0.1634, 'min_expert_frac': 0.0124, 'dead_experts': 0, 'peak_vram_gb': 13.5539}
{'step': 3630, 'tokens': 951582720, 'lm_loss': 3.6514, 'aux_loss': 1.9814, 'z_loss': 0.0028, 'grad_norm': 0.291, 'lr': 0.0, 'tokens_per_sec': 261416.4544, 'mfu': 0.081, 'expert_load_cv': 0.1618, 'min_expert_frac': 0.0124, 'dead_experts': 0, 'peak_vram_gb': 13.5539}
{'step': 3640, 'tokens': 954204160, 'lm_loss': 3.636, 'aux_loss': 1.9843, 'z_loss': 0.0028, 'grad_norm': 0.293, 'lr': 0.0, 'tokens_per_sec': 261418.0262, 'mfu': 0.081, 'expert_load_cv': 0.1637, 'min_expert_frac': 0.0125, 'dead_experts': 0, 'peak_vram_gb': 13.5539}
{'step': 3650, 'tokens': 956825600, 'lm_loss': 3.584, 'aux_loss': 1.9874, 'z_loss': 0.0028, 'grad_norm': 0.3105, 'lr': 0.0, 'tokens_per_sec': 261414.3746, 'mfu': 0.081, 'expert_load_cv': 0.1631, 'min_expert_frac': 0.0124, 'dead_experts': 0, 'peak_vram_gb': 13.5539}
{'step': 3660, 'tokens': 959447040, 'lm_loss': 3.6578, 'aux_loss': 1.9872, 'z_loss': 0.0028, 'grad_norm': 0.3047, 'lr': 0.0, 'tokens_per_sec': 261410.7479, 'mfu': 0.081, 'expert_load_cv': 0.1631, 'min_expert_frac': 0.0123, 'dead_experts': 0, 'peak_vram_gb': 13.5539}
{'step': 3670, 'tokens': 962068480, 'lm_loss': 3.6109, 'aux_loss': 1.9869, 'z_loss': 0.0028, 'grad_norm': 0.3184, 'lr': 0.0, 'tokens_per_sec': 261403.3504, 'mfu': 0.081, 'expert_load_cv': 0.1618, 'min_expert_frac': 0.0124, 'dead_experts': 0, 'peak_vram_gb': 13.5539}
{'step': 3680, 'tokens': 964689920, 'lm_loss': 3.6282, 'aux_loss': 1.9846, 'z_loss': 0.0028, 'grad_norm': 0.3125, 'lr': 0.0, 'tokens_per_sec': 261403.9557, 'mfu': 0.081, 'expert_load_cv': 0.1629, 'min_expert_frac': 0.0124, 'dead_experts': 0, 'peak_vram_gb': 13.5539}
{'step': 3690, 'tokens': 967311360, 'lm_loss': 3.6224, 'aux_loss': 1.9849, 'z_loss': 0.0028, 'grad_norm': 0.3164, 'lr': 0.0, 'tokens_per_sec': 261404.2019, 'mfu': 0.081, 'expert_load_cv': 0.1613, 'min_expert_frac': 0.0125, 'dead_experts': 0, 'peak_vram_gb': 13.5539}
{'step': 3700, 'tokens': 969932800, 'lm_loss': 3.5926, 'aux_loss': 1.9905, 'z_loss': 0.0028, 'grad_norm': 0.3203, 'lr': 0.0, 'tokens_per_sec': 261404.6021, 'mfu': 0.081, 'expert_load_cv': 0.1627, 'min_expert_frac': 0.0124, 'dead_experts': 0, 'peak_vram_gb': 13.5539}
{'step': 3710, 'tokens': 972554240, 'lm_loss': 3.6396, 'aux_loss': 1.9861, 'z_loss': 0.0028, 'grad_norm': 0.3262, 'lr': 0.0, 'tokens_per_sec': 261408.4305, 'mfu': 0.081, 'expert_load_cv': 0.1626, 'min_expert_frac': 0.0126, 'dead_experts': 0, 'peak_vram_gb': 13.5539}
{'step': 3720, 'tokens': 975175680, 'lm_loss': 3.6376, 'aux_loss': 1.9834, 'z_loss': 0.0028, 'grad_norm': 0.3008, 'lr': 0.0, 'tokens_per_sec': 261412.554, 'mfu': 0.081, 'expert_load_cv': 0.163, 'min_expert_frac': 0.0122, 'dead_experts': 0, 'peak_vram_gb': 13.5539}
{'step': 3730, 'tokens': 977797120, 'lm_loss': 3.6442, 'aux_loss': 1.9832, 'z_loss': 0.0028, 'grad_norm': 0.291, 'lr': 0.0, 'tokens_per_sec': 261414.6166, 'mfu': 0.081, 'expert_load_cv': 0.1619, 'min_expert_frac': 0.0125, 'dead_experts': 0, 'peak_vram_gb': 13.5539}
{'step': 3740, 'tokens': 980418560, 'lm_loss': 3.5881, 'aux_loss': 1.9846, 'z_loss': 0.0028, 'grad_norm': 0.3066, 'lr': 0.0, 'tokens_per_sec': 261416.7079, 'mfu': 0.081, 'expert_load_cv': 0.1645, 'min_expert_frac': 0.0125, 'dead_experts': 0, 'peak_vram_gb': 13.5539}
{'step': 3750, 'tokens': 983040000, 'lm_loss': 3.5082, 'aux_loss': 1.993, 'z_loss': 0.0028, 'grad_norm': 0.3066, 'lr': 0.0, 'tokens_per_sec': 261412.0364, 'mfu': 0.081, 'expert_load_cv': 0.1627, 'min_expert_frac': 0.0124, 'dead_experts': 0, 'peak_vram_gb': 13.5539}
{'step': 3760, 'tokens': 985661440, 'lm_loss': 3.6522, 'aux_loss': 1.9864, 'z_loss': 0.0028, 'grad_norm': 0.3125, 'lr': 0.0, 'tokens_per_sec': 261410.7519, 'mfu': 0.081, 'expert_load_cv': 0.1625, 'min_expert_frac': 0.0124, 'dead_experts': 0, 'peak_vram_gb': 13.5539}
{'step': 3770, 'tokens': 988282880, 'lm_loss': 3.6597, 'aux_loss': 1.9855, 'z_loss': 0.0027, 'grad_norm': 0.2949, 'lr': 0.0, 'tokens_per_sec': 261413.1687, 'mfu': 0.081, 'expert_load_cv': 0.1629, 'min_expert_frac': 0.0124, 'dead_experts': 0, 'peak_vram_gb': 13.5539}
{'step': 3780, 'tokens': 990904320, 'lm_loss': 3.6342, 'aux_loss': 1.9851, 'z_loss': 0.0028, 'grad_norm': 0.3066, 'lr': 0.0, 'tokens_per_sec': 261413.6801, 'mfu': 0.081, 'expert_load_cv': 0.1638, 'min_expert_frac': 0.0123, 'dead_experts': 0, 'peak_vram_gb': 13.5539}
{'step': 3790, 'tokens': 993525760, 'lm_loss': 3.6458, 'aux_loss': 1.9886, 'z_loss': 0.0028, 'grad_norm': 0.293, 'lr': 0.0, 'tokens_per_sec': 261415.9703, 'mfu': 0.081, 'expert_load_cv': 0.164, 'min_expert_frac': 0.0125, 'dead_experts': 0, 'peak_vram_gb': 13.5539}
{'step': 3800, 'tokens': 996147200, 'lm_loss': 3.6518, 'aux_loss': 1.9836, 'z_loss': 0.0028, 'grad_norm': 0.3047, 'lr': 0.0, 'tokens_per_sec': 261415.3571, 'mfu': 0.081, 'expert_load_cv': 0.1631, 'min_expert_frac': 0.0125, 'dead_experts': 0, 'peak_vram_gb': 13.5539}
{'step': 3810, 'tokens': 998768640, 'lm_loss': 3.6749, 'aux_loss': 1.994, 'z_loss': 0.0029, 'grad_norm': 0.334, 'lr': 0.0, 'tokens_per_sec': 261417.7694, 'mfu': 0.081, 'expert_load_cv': 0.1628, 'min_expert_frac': 0.0125, 'dead_experts': 0, 'peak_vram_gb': 13.5539}
Writing model shards:   0%|          | 0/1 [00:00<?, ?it/s]Writing model shards: 100%|██████████| 1/1 [00:00<00:00,  2.86it/s]Writing model shards: 100%|██████████| 1/1 [00:00<00:00,  2.86it/s]
  saved runs/seedvar_E64_s1/step3814
done -> runs/seedvar_E64_s1
[1;34mwandb[0m: 
[1;34mwandb[0m: 🚀 View run [33mseedvar_E64_s1[0m at: [34mhttps://wandb.ai/falyahya-vector/moe-sparsity-pilot/runs/gqj00jet[0m
[1;34mwandb[0m: Find logs at: [1;35mwandb/run-20260727_124929-gqj00jet/logs[0m
=== E=64 seed=2 ===
{
  "active_nonembed": 8519680,
  "total_nonembed": 203554816,
  "embedding": 4096000,
  "total_all": 207655168,
  "sparsity_ratio": 23.892307692307693,
  "total_steps": 3814,
  "warmup": 76,
  "tokens_per_step": 262144
}
wandb: [wandb.login()] Loaded credentials for https://api.wandb.ai from /root/.netrc.
wandb: Currently logged in as: falyahya (falyahya-vector) to https://api.wandb.ai. Use `wandb login --relogin` to force relogin
wandb: setting up run 053dlia2
wandb: Tracking run with wandb version 0.28.1
wandb: Run data is saved locally in /workspace/MoE-Sparsity/code/wandb/run-20260727_135422-053dlia2
wandb: Run `wandb offline` to turn off syncing.
wandb: Syncing run seedvar_E64_s2
wandb: ⭐️ View project at https://wandb.ai/falyahya-vector/moe-sparsity-pilot
wandb: 🚀 View run at https://wandb.ai/falyahya-vector/moe-sparsity-pilot/runs/053dlia2
/workspace/MoE-Sparsity/code/step07_train.py:113: UserWarning: Converting a tensor with requires_grad=True to a scalar may lead to unexpected behavior.
Consider using tensor.detach() first. (Triggered internally at /__w/pytorch/pytorch/torch/csrc/autograd/generated/python_variable_methods.cpp:822.)
  acc_z += float(zl) / a.grad_accum
{'step': 10, 'tokens': 2621440, 'lm_loss': 9.6157, 'aux_loss': 2.0871, 'z_loss': 0.0176, 'grad_norm': 1.6094, 'lr': 0.0001, 'tokens_per_sec': 224799.4144, 'mfu': 0.0696, 'expert_load_cv': 0.5983, 'min_expert_frac': 0.0028, 'dead_experts': 0, 'peak_vram_gb': 13.5539}
{'step': 20, 'tokens': 5242880, 'lm_loss': 9.2848, 'aux_loss': 2.0509, 'z_loss': 0.0174, 'grad_norm': 1.1953, 'lr': 0.0001, 'tokens_per_sec': 238793.0529, 'mfu': 0.074, 'expert_load_cv': 0.9695, 'min_expert_frac': 0.0017, 'dead_experts': 0, 'peak_vram_gb': 13.5539}
{'step': 30, 'tokens': 7864320, 'lm_loss': 8.9534, 'aux_loss': 2.0596, 'z_loss': 0.0173, 'grad_norm': 1.1797, 'lr': 0.0002, 'tokens_per_sec': 246209.8386, 'mfu': 0.0763, 'expert_load_cv': 0.8021, 'min_expert_frac': 0.002, 'dead_experts': 0, 'peak_vram_gb': 13.5539}
{'step': 40, 'tokens': 10485760, 'lm_loss': 8.5195, 'aux_loss': 2.0254, 'z_loss': 0.0166, 'grad_norm': 1.1641, 'lr': 0.0002, 'tokens_per_sec': 251134.1551, 'mfu': 0.0778, 'expert_load_cv': 0.9225, 'min_expert_frac': 0.0002, 'dead_experts': 0, 'peak_vram_gb': 13.5539}
{'step': 50, 'tokens': 13107200, 'lm_loss': 8.0023, 'aux_loss': 1.9973, 'z_loss': 0.0161, 'grad_norm': 1.0938, 'lr': 0.0003, 'tokens_per_sec': 254631.1917, 'mfu': 0.0789, 'expert_load_cv': 0.9991, 'min_expert_frac': 0.0, 'dead_experts': 2, 'peak_vram_gb': 13.5539}
  !! ROUTER COLLAPSE WARNING: 2 dead experts
{'step': 60, 'tokens': 15728640, 'lm_loss': 7.6668, 'aux_loss': 1.9563, 'z_loss': 0.0152, 'grad_norm': 0.9023, 'lr': 0.0003, 'tokens_per_sec': 256732.2601, 'mfu': 0.0795, 'expert_load_cv': 0.7801, 'min_expert_frac': 0.0, 'dead_experts': 1, 'peak_vram_gb': 13.5539}
  !! ROUTER COLLAPSE WARNING: 1 dead experts
{'step': 70, 'tokens': 18350080, 'lm_loss': 7.4113, 'aux_loss': 1.9478, 'z_loss': 0.0141, 'grad_norm': 0.6094, 'lr': 0.0004, 'tokens_per_sec': 258302.6161, 'mfu': 0.08, 'expert_load_cv': 0.6328, 'min_expert_frac': 0.0013, 'dead_experts': 0, 'peak_vram_gb': 13.5539}
{'step': 80, 'tokens': 20971520, 'lm_loss': 7.1775, 'aux_loss': 1.8808, 'z_loss': 0.0128, 'grad_norm': 0.332, 'lr': 0.0004, 'tokens_per_sec': 259571.6827, 'mfu': 0.0804, 'expert_load_cv': 0.5408, 'min_expert_frac': 0.0039, 'dead_experts': 0, 'peak_vram_gb': 13.5539}
{'step': 90, 'tokens': 23592960, 'lm_loss': 7.0163, 'aux_loss': 1.9306, 'z_loss': 0.012, 'grad_norm': 0.334, 'lr': 0.0004, 'tokens_per_sec': 260618.7507, 'mfu': 0.0807, 'expert_load_cv': 0.4295, 'min_expert_frac': 0.0022, 'dead_experts': 0, 'peak_vram_gb': 13.5539}
{'step': 100, 'tokens': 26214400, 'lm_loss': 6.8717, 'aux_loss': 1.9115, 'z_loss': 0.0116, 'grad_norm': 0.6445, 'lr': 0.0004, 'tokens_per_sec': 261149.4259, 'mfu': 0.0809, 'expert_load_cv': 0.4047, 'min_expert_frac': 0.0063, 'dead_experts': 0, 'peak_vram_gb': 13.5539}
{'step': 110, 'tokens': 28835840, 'lm_loss': 6.6462, 'aux_loss': 1.8829, 'z_loss': 0.0112, 'grad_norm': 0.5195, 'lr': 0.0004, 'tokens_per_sec': 261631.6471, 'mfu': 0.0811, 'expert_load_cv': 0.3876, 'min_expert_frac': 0.0076, 'dead_experts': 0, 'peak_vram_gb': 13.5539}
{'step': 120, 'tokens': 31457280, 'lm_loss': 6.5236, 'aux_loss': 1.8948, 'z_loss': 0.0104, 'grad_norm': 0.4551, 'lr': 0.0004, 'tokens_per_sec': 262049.0204, 'mfu': 0.0812, 'expert_load_cv': 0.3106, 'min_expert_frac': 0.0084, 'dead_experts': 0, 'peak_vram_gb': 13.5539}
{'step': 130, 'tokens': 34078720, 'lm_loss': 6.3828, 'aux_loss': 1.9104, 'z_loss': 0.0101, 'grad_norm': 0.7539, 'lr': 0.0004, 'tokens_per_sec': 262439.1044, 'mfu': 0.0813, 'expert_load_cv': 0.2923, 'min_expert_frac': 0.0089, 'dead_experts': 0, 'peak_vram_gb': 13.5539}
{'step': 140, 'tokens': 36700160, 'lm_loss': 6.2218, 'aux_loss': 1.9152, 'z_loss': 0.0096, 'grad_norm': 0.6094, 'lr': 0.0004, 'tokens_per_sec': 262793.656, 'mfu': 0.0814, 'expert_load_cv': 0.2649, 'min_expert_frac': 0.0097, 'dead_experts': 0, 'peak_vram_gb': 13.5539}
{'step': 150, 'tokens': 39321600, 'lm_loss': 6.112, 'aux_loss': 1.923, 'z_loss': 0.0092, 'grad_norm': 0.4551, 'lr': 0.0004, 'tokens_per_sec': 262937.7306, 'mfu': 0.0815, 'expert_load_cv': 0.2497, 'min_expert_frac': 0.0103, 'dead_experts': 0, 'peak_vram_gb': 13.5539}
{'step': 160, 'tokens': 41943040, 'lm_loss': 6.0059, 'aux_loss': 1.9477, 'z_loss': 0.0089, 'grad_norm': 0.6094, 'lr': 0.0004, 'tokens_per_sec': 263100.3729, 'mfu': 0.0815, 'expert_load_cv': 0.2358, 'min_expert_frac': 0.009, 'dead_experts': 0, 'peak_vram_gb': 13.5539}
{'step': 170, 'tokens': 44564480, 'lm_loss': 5.9052, 'aux_loss': 1.9497, 'z_loss': 0.0085, 'grad_norm': 0.5117, 'lr': 0.0004, 'tokens_per_sec': 263220.2083, 'mfu': 0.0815, 'expert_load_cv': 0.215, 'min_expert_frac': 0.0096, 'dead_experts': 0, 'peak_vram_gb': 13.5539}
{'step': 180, 'tokens': 47185920, 'lm_loss': 5.8009, 'aux_loss': 1.9628, 'z_loss': 0.0082, 'grad_norm': 0.5586, 'lr': 0.0004, 'tokens_per_sec': 263265.8472, 'mfu': 0.0816, 'expert_load_cv': 0.2174, 'min_expert_frac': 0.0104, 'dead_experts': 0, 'peak_vram_gb': 13.5539}
{'step': 190, 'tokens': 49807360, 'lm_loss': 5.7226, 'aux_loss': 1.9536, 'z_loss': 0.0079, 'grad_norm': 0.5195, 'lr': 0.0004, 'tokens_per_sec': 263317.3592, 'mfu': 0.0816, 'expert_load_cv': 0.1995, 'min_expert_frac': 0.0112, 'dead_experts': 0, 'peak_vram_gb': 13.5539}
{'step': 200, 'tokens': 52428800, 'lm_loss': 5.6843, 'aux_loss': 1.9778, 'z_loss': 0.0077, 'grad_norm': 0.6016, 'lr': 0.0004, 'tokens_per_sec': 263249.441, 'mfu': 0.0816, 'expert_load_cv': 0.2058, 'min_expert_frac': 0.0107, 'dead_experts': 0, 'peak_vram_gb': 13.5539}
{'step': 210, 'tokens': 55050240, 'lm_loss': 5.5722, 'aux_loss': 1.9784, 'z_loss': 0.0075, 'grad_norm': 0.9844, 'lr': 0.0004, 'tokens_per_sec': 263364.2157, 'mfu': 0.0816, 'expert_load_cv': 0.2046, 'min_expert_frac': 0.0084, 'dead_experts': 0, 'peak_vram_gb': 13.5539}
{'step': 220, 'tokens': 57671680, 'lm_loss': 5.4827, 'aux_loss': 1.9884, 'z_loss': 0.0073, 'grad_norm': 0.4688, 'lr': 0.0004, 'tokens_per_sec': 263341.555, 'mfu': 0.0816, 'expert_load_cv': 0.2099, 'min_expert_frac': 0.0076, 'dead_experts': 0, 'peak_vram_gb': 13.5539}
{'step': 230, 'tokens': 60293120, 'lm_loss': 5.4887, 'aux_loss': 1.9823, 'z_loss': 0.0071, 'grad_norm': 1.2422, 'lr': 0.0004, 'tokens_per_sec': 263410.1925, 'mfu': 0.0816, 'expert_load_cv': 0.2164, 'min_expert_frac': 0.0063, 'dead_experts': 0, 'peak_vram_gb': 13.5539}
{'step': 240, 'tokens': 62914560, 'lm_loss': 5.3712, 'aux_loss': 1.968, 'z_loss': 0.0071, 'grad_norm': 0.6523, 'lr': 0.0004, 'tokens_per_sec': 263452.4945, 'mfu': 0.0816, 'expert_load_cv': 0.2131, 'min_expert_frac': 0.006, 'dead_experts': 0, 'peak_vram_gb': 13.5539}
{'step': 250, 'tokens': 65536000, 'lm_loss': 5.3014, 'aux_loss': 1.9709, 'z_loss': 0.007, 'grad_norm': 0.6953, 'lr': 0.0004, 'tokens_per_sec': 263460.5073, 'mfu': 0.0816, 'expert_load_cv': 0.2127, 'min_expert_frac': 0.0069, 'dead_experts': 0, 'peak_vram_gb': 13.5539}
{'step': 260, 'tokens': 68157440, 'lm_loss': 5.2702, 'aux_loss': 1.9578, 'z_loss': 0.007, 'grad_norm': 0.6094, 'lr': 0.0004, 'tokens_per_sec': 263444.8098, 'mfu': 0.0816, 'expert_load_cv': 0.2112, 'min_expert_frac': 0.0078, 'dead_experts': 0, 'peak_vram_gb': 13.5539}
{'step': 270, 'tokens': 70778880, 'lm_loss': 5.2118, 'aux_loss': 1.9548, 'z_loss': 0.0069, 'grad_norm': 0.5742, 'lr': 0.0004, 'tokens_per_sec': 263403.9749, 'mfu': 0.0816, 'expert_load_cv': 0.2029, 'min_expert_frac': 0.0096, 'dead_experts': 0, 'peak_vram_gb': 13.5539}
{'step': 280, 'tokens': 73400320, 'lm_loss': 5.1647, 'aux_loss': 1.9577, 'z_loss': 0.007, 'grad_norm': 0.7383, 'lr': 0.0004, 'tokens_per_sec': 263384.9148, 'mfu': 0.0816, 'expert_load_cv': 0.2048, 'min_expert_frac': 0.0099, 'dead_experts': 0, 'peak_vram_gb': 13.5539}
{'step': 290, 'tokens': 76021760, 'lm_loss': 5.1348, 'aux_loss': 1.9485, 'z_loss': 0.0069, 'grad_norm': 0.7031, 'lr': 0.0004, 'tokens_per_sec': 263376.0931, 'mfu': 0.0816, 'expert_load_cv': 0.2044, 'min_expert_frac': 0.01, 'dead_experts': 0, 'peak_vram_gb': 13.5539}
{'step': 300, 'tokens': 78643200, 'lm_loss': 5.1009, 'aux_loss': 1.9582, 'z_loss': 0.0067, 'grad_norm': 0.5156, 'lr': 0.0004, 'tokens_per_sec': 263365.1423, 'mfu': 0.0816, 'expert_load_cv': 0.1954, 'min_expert_frac': 0.0104, 'dead_experts': 0, 'peak_vram_gb': 13.5539}
{'step': 310, 'tokens': 81264640, 'lm_loss': 5.0371, 'aux_loss': 1.9564, 'z_loss': 0.0067, 'grad_norm': 0.5898, 'lr': 0.0004, 'tokens_per_sec': 263318.3873, 'mfu': 0.0816, 'expert_load_cv': 0.1977, 'min_expert_frac': 0.0107, 'dead_experts': 0, 'peak_vram_gb': 13.5539}
{'step': 320, 'tokens': 83886080, 'lm_loss': 5.0081, 'aux_loss': 1.9544, 'z_loss': 0.0066, 'grad_norm': 0.6367, 'lr': 0.0004, 'tokens_per_sec': 263249.391, 'mfu': 0.0816, 'expert_load_cv': 0.1926, 'min_expert_frac': 0.011, 'dead_experts': 0, 'peak_vram_gb': 13.5539}
{'step': 330, 'tokens': 86507520, 'lm_loss': 4.976, 'aux_loss': 1.9493, 'z_loss': 0.0065, 'grad_norm': 0.5898, 'lr': 0.0004, 'tokens_per_sec': 263213.5061, 'mfu': 0.0815, 'expert_load_cv': 0.1998, 'min_expert_frac': 0.0108, 'dead_experts': 0, 'peak_vram_gb': 13.5539}
{'step': 340, 'tokens': 89128960, 'lm_loss': 4.9663, 'aux_loss': 1.9629, 'z_loss': 0.0064, 'grad_norm': 0.5781, 'lr': 0.0004, 'tokens_per_sec': 263191.0259, 'mfu': 0.0815, 'expert_load_cv': 0.1818, 'min_expert_frac': 0.0116, 'dead_experts': 0, 'peak_vram_gb': 13.5539}
{'step': 350, 'tokens': 91750400, 'lm_loss': 4.9216, 'aux_loss': 1.9581, 'z_loss': 0.0064, 'grad_norm': 0.8477, 'lr': 0.0004, 'tokens_per_sec': 263097.7602, 'mfu': 0.0815, 'expert_load_cv': 0.1855, 'min_expert_frac': 0.011, 'dead_experts': 0, 'peak_vram_gb': 13.5539}
{'step': 360, 'tokens': 94371840, 'lm_loss': 4.8799, 'aux_loss': 1.957, 'z_loss': 0.0063, 'grad_norm': 0.7734, 'lr': 0.0004, 'tokens_per_sec': 263056.0911, 'mfu': 0.0815, 'expert_load_cv': 0.194, 'min_expert_frac': 0.0109, 'dead_experts': 0, 'peak_vram_gb': 13.5539}
{'step': 370, 'tokens': 96993280, 'lm_loss': 4.8721, 'aux_loss': 1.953, 'z_loss': 0.0062, 'grad_norm': 0.6406, 'lr': 0.0004, 'tokens_per_sec': 263025.6774, 'mfu': 0.0815, 'expert_load_cv': 0.1882, 'min_expert_frac': 0.0112, 'dead_experts': 0, 'peak_vram_gb': 13.5539}
{'step': 380, 'tokens': 99614720, 'lm_loss': 4.7928, 'aux_loss': 1.9603, 'z_loss': 0.0062, 'grad_norm': 0.6133, 'lr': 0.0004, 'tokens_per_sec': 262977.1499, 'mfu': 0.0815, 'expert_load_cv': 0.1877, 'min_expert_frac': 0.0108, 'dead_experts': 0, 'peak_vram_gb': 13.5539}
{'step': 390, 'tokens': 102236160, 'lm_loss': 4.849, 'aux_loss': 1.9571, 'z_loss': 0.0061, 'grad_norm': 0.5898, 'lr': 0.0004, 'tokens_per_sec': 262948.7422, 'mfu': 0.0815, 'expert_load_cv': 0.1842, 'min_expert_frac': 0.0111, 'dead_experts': 0, 'peak_vram_gb': 13.5539}
{'step': 400, 'tokens': 104857600, 'lm_loss': 4.8089, 'aux_loss': 1.9654, 'z_loss': 0.006, 'grad_norm': 0.793, 'lr': 0.0004, 'tokens_per_sec': 262873.4224, 'mfu': 0.0814, 'expert_load_cv': 0.1878, 'min_expert_frac': 0.0108, 'dead_experts': 0, 'peak_vram_gb': 13.5539}
{'step': 410, 'tokens': 107479040, 'lm_loss': 4.7299, 'aux_loss': 1.9614, 'z_loss': 0.006, 'grad_norm': 0.957, 'lr': 0.0004, 'tokens_per_sec': 262853.1936, 'mfu': 0.0814, 'expert_load_cv': 0.1824, 'min_expert_frac': 0.0117, 'dead_experts': 0, 'peak_vram_gb': 13.5539}
{'step': 420, 'tokens': 110100480, 'lm_loss': 4.7594, 'aux_loss': 1.9585, 'z_loss': 0.0059, 'grad_norm': 0.6562, 'lr': 0.0004, 'tokens_per_sec': 262797.451, 'mfu': 0.0814, 'expert_load_cv': 0.1845, 'min_expert_frac': 0.0114, 'dead_experts': 0, 'peak_vram_gb': 13.5539}
{'step': 430, 'tokens': 112721920, 'lm_loss': 4.7582, 'aux_loss': 1.9621, 'z_loss': 0.0059, 'grad_norm': 0.7227, 'lr': 0.0004, 'tokens_per_sec': 262745.1101, 'mfu': 0.0814, 'expert_load_cv': 0.1815, 'min_expert_frac': 0.0113, 'dead_experts': 0, 'peak_vram_gb': 13.5539}
{'step': 440, 'tokens': 115343360, 'lm_loss': 4.6458, 'aux_loss': 1.9732, 'z_loss': 0.0058, 'grad_norm': 0.7812, 'lr': 0.0004, 'tokens_per_sec': 262719.2294, 'mfu': 0.0814, 'expert_load_cv': 0.1842, 'min_expert_frac': 0.0106, 'dead_experts': 0, 'peak_vram_gb': 13.5539}
{'step': 450, 'tokens': 117964800, 'lm_loss': 4.6756, 'aux_loss': 1.9676, 'z_loss': 0.0058, 'grad_norm': 0.582, 'lr': 0.0004, 'tokens_per_sec': 262689.6028, 'mfu': 0.0814, 'expert_load_cv': 0.1757, 'min_expert_frac': 0.0114, 'dead_experts': 0, 'peak_vram_gb': 13.5539}
{'step': 460, 'tokens': 120586240, 'lm_loss': 4.6257, 'aux_loss': 1.9717, 'z_loss': 0.0059, 'grad_norm': 0.7266, 'lr': 0.0004, 'tokens_per_sec': 262663.2178, 'mfu': 0.0814, 'expert_load_cv': 0.1772, 'min_expert_frac': 0.0113, 'dead_experts': 0, 'peak_vram_gb': 13.5539}
{'step': 470, 'tokens': 123207680, 'lm_loss': 4.6317, 'aux_loss': 1.9659, 'z_loss': 0.0057, 'grad_norm': 0.7812, 'lr': 0.0004, 'tokens_per_sec': 262637.0301, 'mfu': 0.0814, 'expert_load_cv': 0.1789, 'min_expert_frac': 0.011, 'dead_experts': 0, 'peak_vram_gb': 13.5539}
{'step': 480, 'tokens': 125829120, 'lm_loss': 4.6105, 'aux_loss': 1.9697, 'z_loss': 0.0057, 'grad_norm': 0.5508, 'lr': 0.0004, 'tokens_per_sec': 262611.9956, 'mfu': 0.0814, 'expert_load_cv': 0.1836, 'min_expert_frac': 0.0109, 'dead_experts': 0, 'peak_vram_gb': 13.5539}
{'step': 490, 'tokens': 128450560, 'lm_loss': 4.6125, 'aux_loss': 1.9667, 'z_loss': 0.0056, 'grad_norm': 0.8516, 'lr': 0.0004, 'tokens_per_sec': 262596.6223, 'mfu': 0.0814, 'expert_load_cv': 0.182, 'min_expert_frac': 0.0112, 'dead_experts': 0, 'peak_vram_gb': 13.5539}
{'step': 500, 'tokens': 131072000, 'lm_loss': 4.6137, 'aux_loss': 1.9634, 'z_loss': 0.0056, 'grad_norm': 0.5195, 'lr': 0.0004, 'tokens_per_sec': 262626.747, 'mfu': 0.0814, 'expert_load_cv': 0.1792, 'min_expert_frac': 0.0111, 'dead_experts': 0, 'peak_vram_gb': 13.5539}
{'step': 510, 'tokens': 133693440, 'lm_loss': 4.561, 'aux_loss': 1.9687, 'z_loss': 0.0055, 'grad_norm': 0.6445, 'lr': 0.0004, 'tokens_per_sec': 262628.2803, 'mfu': 0.0814, 'expert_load_cv': 0.1836, 'min_expert_frac': 0.0113, 'dead_experts': 0, 'peak_vram_gb': 13.5539}
{'step': 520, 'tokens': 136314880, 'lm_loss': 4.5466, 'aux_loss': 1.9668, 'z_loss': 0.0056, 'grad_norm': 0.668, 'lr': 0.0004, 'tokens_per_sec': 262632.937, 'mfu': 0.0814, 'expert_load_cv': 0.1771, 'min_expert_frac': 0.0115, 'dead_experts': 0, 'peak_vram_gb': 13.5539}
{'step': 530, 'tokens': 138936320, 'lm_loss': 4.5001, 'aux_loss': 1.9786, 'z_loss': 0.0055, 'grad_norm': 0.75, 'lr': 0.0004, 'tokens_per_sec': 262597.0785, 'mfu': 0.0814, 'expert_load_cv': 0.1713, 'min_expert_frac': 0.0116, 'dead_experts': 0, 'peak_vram_gb': 13.5539}
{'step': 540, 'tokens': 141557760, 'lm_loss': 4.5101, 'aux_loss': 1.9706, 'z_loss': 0.0055, 'grad_norm': 0.8984, 'lr': 0.0004, 'tokens_per_sec': 262583.7581, 'mfu': 0.0814, 'expert_load_cv': 0.1818, 'min_expert_frac': 0.0112, 'dead_experts': 0, 'peak_vram_gb': 13.5539}
{'step': 550, 'tokens': 144179200, 'lm_loss': 4.5068, 'aux_loss': 1.9766, 'z_loss': 0.0056, 'grad_norm': 0.6406, 'lr': 0.0004, 'tokens_per_sec': 262587.9993, 'mfu': 0.0814, 'expert_load_cv': 0.1802, 'min_expert_frac': 0.0109, 'dead_experts': 0, 'peak_vram_gb': 13.5539}
{'step': 560, 'tokens': 146800640, 'lm_loss': 4.4918, 'aux_loss': 1.9647, 'z_loss': 0.0055, 'grad_norm': 0.6289, 'lr': 0.0004, 'tokens_per_sec': 262597.2139, 'mfu': 0.0814, 'expert_load_cv': 0.1761, 'min_expert_frac': 0.0112, 'dead_experts': 0, 'peak_vram_gb': 13.5539}
{'step': 570, 'tokens': 149422080, 'lm_loss': 4.429, 'aux_loss': 1.9678, 'z_loss': 0.0054, 'grad_norm': 0.5664, 'lr': 0.0004, 'tokens_per_sec': 262613.5864, 'mfu': 0.0814, 'expert_load_cv': 0.1747, 'min_expert_frac': 0.0118, 'dead_experts': 0, 'peak_vram_gb': 13.5539}
{'step': 580, 'tokens': 152043520, 'lm_loss': 4.5015, 'aux_loss': 1.9643, 'z_loss': 0.0054, 'grad_norm': 0.793, 'lr': 0.0004, 'tokens_per_sec': 262628.0675, 'mfu': 0.0814, 'expert_load_cv': 0.1766, 'min_expert_frac': 0.0114, 'dead_experts': 0, 'peak_vram_gb': 13.5539}
{'step': 590, 'tokens': 154664960, 'lm_loss': 4.4285, 'aux_loss': 1.9691, 'z_loss': 0.0054, 'grad_norm': 0.5547, 'lr': 0.0004, 'tokens_per_sec': 262642.7174, 'mfu': 0.0814, 'expert_load_cv': 0.1807, 'min_expert_frac': 0.0116, 'dead_experts': 0, 'peak_vram_gb': 13.5539}
{'step': 600, 'tokens': 157286400, 'lm_loss': 4.4568, 'aux_loss': 1.9718, 'z_loss': 0.0052, 'grad_norm': 0.5625, 'lr': 0.0004, 'tokens_per_sec': 262653.8096, 'mfu': 0.0814, 'expert_load_cv': 0.1727, 'min_expert_frac': 0.0113, 'dead_experts': 0, 'peak_vram_gb': 13.5539}
{'step': 610, 'tokens': 159907840, 'lm_loss': 4.4597, 'aux_loss': 1.9652, 'z_loss': 0.0052, 'grad_norm': 0.7812, 'lr': 0.0004, 'tokens_per_sec': 262652.321, 'mfu': 0.0814, 'expert_load_cv': 0.1714, 'min_expert_frac': 0.0115, 'dead_experts': 0, 'peak_vram_gb': 13.5539}
{'step': 620, 'tokens': 162529280, 'lm_loss': 4.4747, 'aux_loss': 1.9774, 'z_loss': 0.0053, 'grad_norm': 0.6484, 'lr': 0.0004, 'tokens_per_sec': 262632.0025, 'mfu': 0.0814, 'expert_load_cv': 0.1721, 'min_expert_frac': 0.0115, 'dead_experts': 0, 'peak_vram_gb': 13.5539}
{'step': 630, 'tokens': 165150720, 'lm_loss': 4.3719, 'aux_loss': 1.9666, 'z_loss': 0.0052, 'grad_norm': 0.5703, 'lr': 0.0004, 'tokens_per_sec': 262629.2082, 'mfu': 0.0814, 'expert_load_cv': 0.1755, 'min_expert_frac': 0.0113, 'dead_experts': 0, 'peak_vram_gb': 13.5539}
{'step': 640, 'tokens': 167772160, 'lm_loss': 4.3985, 'aux_loss': 1.9811, 'z_loss': 0.0049, 'grad_norm': 0.6172, 'lr': 0.0004, 'tokens_per_sec': 262616.2209, 'mfu': 0.0814, 'expert_load_cv': 0.1756, 'min_expert_frac': 0.0112, 'dead_experts': 0, 'peak_vram_gb': 13.5539}
{'step': 650, 'tokens': 170393600, 'lm_loss': 4.3844, 'aux_loss': 1.9725, 'z_loss': 0.0052, 'grad_norm': 0.7031, 'lr': 0.0004, 'tokens_per_sec': 262613.9023, 'mfu': 0.0814, 'expert_load_cv': 0.1746, 'min_expert_frac': 0.0114, 'dead_experts': 0, 'peak_vram_gb': 13.5539}
{'step': 660, 'tokens': 173015040, 'lm_loss': 4.4157, 'aux_loss': 1.9668, 'z_loss': 0.0051, 'grad_norm': 0.6172, 'lr': 0.0004, 'tokens_per_sec': 262620.2934, 'mfu': 0.0814, 'expert_load_cv': 0.1689, 'min_expert_frac': 0.0113, 'dead_experts': 0, 'peak_vram_gb': 13.5539}
{'step': 670, 'tokens': 175636480, 'lm_loss': 4.323, 'aux_loss': 1.9635, 'z_loss': 0.005, 'grad_norm': 0.5547, 'lr': 0.0004, 'tokens_per_sec': 262601.5136, 'mfu': 0.0814, 'expert_load_cv': 0.1752, 'min_expert_frac': 0.0113, 'dead_experts': 0, 'peak_vram_gb': 13.5539}
{'step': 680, 'tokens': 178257920, 'lm_loss': 4.3763, 'aux_loss': 1.9708, 'z_loss': 0.005, 'grad_norm': 0.7031, 'lr': 0.0004, 'tokens_per_sec': 262588.8904, 'mfu': 0.0814, 'expert_load_cv': 0.1761, 'min_expert_frac': 0.0112, 'dead_experts': 0, 'peak_vram_gb': 13.5539}
{'step': 690, 'tokens': 180879360, 'lm_loss': 4.397, 'aux_loss': 1.9769, 'z_loss': 0.005, 'grad_norm': 0.6367, 'lr': 0.0004, 'tokens_per_sec': 262576.8013, 'mfu': 0.0813, 'expert_load_cv': 0.1752, 'min_expert_frac': 0.0109, 'dead_experts': 0, 'peak_vram_gb': 13.5539}
{'step': 700, 'tokens': 183500800, 'lm_loss': 4.3248, 'aux_loss': 1.9722, 'z_loss': 0.0049, 'grad_norm': 0.5625, 'lr': 0.0004, 'tokens_per_sec': 262528.8934, 'mfu': 0.0813, 'expert_load_cv': 0.176, 'min_expert_frac': 0.0108, 'dead_experts': 0, 'peak_vram_gb': 13.5539}
{'step': 710, 'tokens': 186122240, 'lm_loss': 4.3594, 'aux_loss': 1.9686, 'z_loss': 0.0049, 'grad_norm': 0.7656, 'lr': 0.0004, 'tokens_per_sec': 262524.9453, 'mfu': 0.0813, 'expert_load_cv': 0.1756, 'min_expert_frac': 0.0112, 'dead_experts': 0, 'peak_vram_gb': 13.5539}
{'step': 720, 'tokens': 188743680, 'lm_loss': 4.2997, 'aux_loss': 1.9761, 'z_loss': 0.0049, 'grad_norm': 0.6094, 'lr': 0.0004, 'tokens_per_sec': 262498.2772, 'mfu': 0.0813, 'expert_load_cv': 0.1732, 'min_expert_frac': 0.0114, 'dead_experts': 0, 'peak_vram_gb': 13.5539}
{'step': 730, 'tokens': 191365120, 'lm_loss': 4.3007, 'aux_loss': 1.9626, 'z_loss': 0.0049, 'grad_norm': 0.5508, 'lr': 0.0004, 'tokens_per_sec': 262476.2814, 'mfu': 0.0813, 'expert_load_cv': 0.1726, 'min_expert_frac': 0.0113, 'dead_experts': 0, 'peak_vram_gb': 13.5539}
{'step': 740, 'tokens': 193986560, 'lm_loss': 4.3168, 'aux_loss': 1.9697, 'z_loss': 0.0049, 'grad_norm': 0.6289, 'lr': 0.0004, 'tokens_per_sec': 262465.4419, 'mfu': 0.0813, 'expert_load_cv': 0.1746, 'min_expert_frac': 0.0116, 'dead_experts': 0, 'peak_vram_gb': 13.5539}
{'step': 750, 'tokens': 196608000, 'lm_loss': 4.2763, 'aux_loss': 1.9785, 'z_loss': 0.0047, 'grad_norm': 0.5547, 'lr': 0.0004, 'tokens_per_sec': 262452.177, 'mfu': 0.0813, 'expert_load_cv': 0.17, 'min_expert_frac': 0.0108, 'dead_experts': 0, 'peak_vram_gb': 13.5539}
{'step': 760, 'tokens': 199229440, 'lm_loss': 4.2524, 'aux_loss': 1.9705, 'z_loss': 0.0047, 'grad_norm': 0.625, 'lr': 0.0004, 'tokens_per_sec': 262461.7667, 'mfu': 0.0813, 'expert_load_cv': 0.1709, 'min_expert_frac': 0.0108, 'dead_experts': 0, 'peak_vram_gb': 13.5539}
{'step': 770, 'tokens': 201850880, 'lm_loss': 4.3118, 'aux_loss': 1.9739, 'z_loss': 0.0048, 'grad_norm': 0.5938, 'lr': 0.0004, 'tokens_per_sec': 262462.1319, 'mfu': 0.0813, 'expert_load_cv': 0.1735, 'min_expert_frac': 0.0106, 'dead_experts': 0, 'peak_vram_gb': 13.5539}
{'step': 780, 'tokens': 204472320, 'lm_loss': 4.2725, 'aux_loss': 1.9653, 'z_loss': 0.0047, 'grad_norm': 0.582, 'lr': 0.0004, 'tokens_per_sec': 262452.8858, 'mfu': 0.0813, 'expert_load_cv': 0.1738, 'min_expert_frac': 0.0109, 'dead_experts': 0, 'peak_vram_gb': 13.5539}
{'step': 790, 'tokens': 207093760, 'lm_loss': 4.3206, 'aux_loss': 1.9606, 'z_loss': 0.0047, 'grad_norm': 0.5742, 'lr': 0.0004, 'tokens_per_sec': 262444.3088, 'mfu': 0.0813, 'expert_load_cv': 0.1729, 'min_expert_frac': 0.011, 'dead_experts': 0, 'peak_vram_gb': 13.5539}
{'step': 800, 'tokens': 209715200, 'lm_loss': 4.2903, 'aux_loss': 1.9686, 'z_loss': 0.0047, 'grad_norm': 0.7656, 'lr': 0.0004, 'tokens_per_sec': 262420.9605, 'mfu': 0.0813, 'expert_load_cv': 0.1677, 'min_expert_frac': 0.011, 'dead_experts': 0, 'peak_vram_gb': 13.5539}
{'step': 810, 'tokens': 212336640, 'lm_loss': 4.2076, 'aux_loss': 1.9672, 'z_loss': 0.0047, 'grad_norm': 0.5547, 'lr': 0.0004, 'tokens_per_sec': 262394.9445, 'mfu': 0.0813, 'expert_load_cv': 0.169, 'min_expert_frac': 0.0109, 'dead_experts': 0, 'peak_vram_gb': 13.5539}
{'step': 820, 'tokens': 214958080, 'lm_loss': 4.2656, 'aux_loss': 1.9683, 'z_loss': 0.0046, 'grad_norm': 0.5625, 'lr': 0.0004, 'tokens_per_sec': 262386.5404, 'mfu': 0.0813, 'expert_load_cv': 0.1793, 'min_expert_frac': 0.0109, 'dead_experts': 0, 'peak_vram_gb': 13.5539}
{'step': 830, 'tokens': 217579520, 'lm_loss': 4.3132, 'aux_loss': 1.9733, 'z_loss': 0.0046, 'grad_norm': 0.6289, 'lr': 0.0004, 'tokens_per_sec': 262392.1638, 'mfu': 0.0813, 'expert_load_cv': 0.1717, 'min_expert_frac': 0.0111, 'dead_experts': 0, 'peak_vram_gb': 13.5539}
{'step': 840, 'tokens': 220200960, 'lm_loss': 4.1979, 'aux_loss': 1.9677, 'z_loss': 0.0046, 'grad_norm': 0.5078, 'lr': 0.0004, 'tokens_per_sec': 262413.0049, 'mfu': 0.0813, 'expert_load_cv': 0.1725, 'min_expert_frac': 0.0109, 'dead_experts': 0, 'peak_vram_gb': 13.5539}
{'step': 850, 'tokens': 222822400, 'lm_loss': 4.1707, 'aux_loss': 1.9731, 'z_loss': 0.0046, 'grad_norm': 0.6172, 'lr': 0.0004, 'tokens_per_sec': 262424.6448, 'mfu': 0.0813, 'expert_load_cv': 0.1731, 'min_expert_frac': 0.0108, 'dead_experts': 0, 'peak_vram_gb': 13.5539}
{'step': 860, 'tokens': 225443840, 'lm_loss': 4.2382, 'aux_loss': 1.9736, 'z_loss': 0.0046, 'grad_norm': 0.6484, 'lr': 0.0004, 'tokens_per_sec': 262433.6797, 'mfu': 0.0813, 'expert_load_cv': 0.1703, 'min_expert_frac': 0.0113, 'dead_experts': 0, 'peak_vram_gb': 13.5539}
{'step': 870, 'tokens': 228065280, 'lm_loss': 4.183, 'aux_loss': 1.9811, 'z_loss': 0.0045, 'grad_norm': 0.6133, 'lr': 0.0004, 'tokens_per_sec': 262435.242, 'mfu': 0.0813, 'expert_load_cv': 0.1717, 'min_expert_frac': 0.0112, 'dead_experts': 0, 'peak_vram_gb': 13.5539}
{'step': 880, 'tokens': 230686720, 'lm_loss': 4.1729, 'aux_loss': 1.9716, 'z_loss': 0.0045, 'grad_norm': 0.5273, 'lr': 0.0004, 'tokens_per_sec': 262429.8755, 'mfu': 0.0813, 'expert_load_cv': 0.1727, 'min_expert_frac': 0.0108, 'dead_experts': 0, 'peak_vram_gb': 13.5539}
{'step': 890, 'tokens': 233308160, 'lm_loss': 4.1591, 'aux_loss': 1.9737, 'z_loss': 0.0045, 'grad_norm': 0.4707, 'lr': 0.0004, 'tokens_per_sec': 262431.3873, 'mfu': 0.0813, 'expert_load_cv': 0.1762, 'min_expert_frac': 0.011, 'dead_experts': 0, 'peak_vram_gb': 13.5539}
{'step': 900, 'tokens': 235929600, 'lm_loss': 4.1336, 'aux_loss': 1.9829, 'z_loss': 0.0045, 'grad_norm': 0.6211, 'lr': 0.0004, 'tokens_per_sec': 262430.9089, 'mfu': 0.0813, 'expert_load_cv': 0.1722, 'min_expert_frac': 0.011, 'dead_experts': 0, 'peak_vram_gb': 13.5539}
{'step': 910, 'tokens': 238551040, 'lm_loss': 4.2157, 'aux_loss': 1.967, 'z_loss': 0.0044, 'grad_norm': 0.5977, 'lr': 0.0004, 'tokens_per_sec': 262441.4058, 'mfu': 0.0813, 'expert_load_cv': 0.1728, 'min_expert_frac': 0.0111, 'dead_experts': 0, 'peak_vram_gb': 13.5539}
{'step': 920, 'tokens': 241172480, 'lm_loss': 4.1336, 'aux_loss': 1.9742, 'z_loss': 0.0044, 'grad_norm': 0.5117, 'lr': 0.0004, 'tokens_per_sec': 262446.4185, 'mfu': 0.0813, 'expert_load_cv': 0.1711, 'min_expert_frac': 0.011, 'dead_experts': 0, 'peak_vram_gb': 13.5539}
{'step': 930, 'tokens': 243793920, 'lm_loss': 4.1119, 'aux_loss': 1.9706, 'z_loss': 0.0044, 'grad_norm': 0.5039, 'lr': 0.0004, 'tokens_per_sec': 262437.7392, 'mfu': 0.0813, 'expert_load_cv': 0.1712, 'min_expert_frac': 0.0107, 'dead_experts': 0, 'peak_vram_gb': 13.5539}
{'step': 940, 'tokens': 246415360, 'lm_loss': 4.1673, 'aux_loss': 1.9725, 'z_loss': 0.0044, 'grad_norm': 0.5039, 'lr': 0.0003, 'tokens_per_sec': 262435.7664, 'mfu': 0.0813, 'expert_load_cv': 0.1691, 'min_expert_frac': 0.011, 'dead_experts': 0, 'peak_vram_gb': 13.5539}
{'step': 950, 'tokens': 249036800, 'lm_loss': 4.1117, 'aux_loss': 1.9685, 'z_loss': 0.0044, 'grad_norm': 0.75, 'lr': 0.0003, 'tokens_per_sec': 262450.3921, 'mfu': 0.0813, 'expert_load_cv': 0.1706, 'min_expert_frac': 0.0112, 'dead_experts': 0, 'peak_vram_gb': 13.5539}
Writing model shards:   0%|          | 0/1 [00:00<?, ?it/s]Writing model shards: 100%|██████████| 1/1 [00:00<00:00,  1.92it/s]Writing model shards: 100%|██████████| 1/1 [00:00<00:00,  1.92it/s]
  saved runs/seedvar_E64_s2/step953
{'step': 960, 'tokens': 251658240, 'lm_loss': 4.1073, 'aux_loss': 1.9712, 'z_loss': 0.0043, 'grad_norm': 0.5352, 'lr': 0.0003, 'tokens_per_sec': 262282.6045, 'mfu': 0.0813, 'expert_load_cv': 0.1695, 'min_expert_frac': 0.011, 'dead_experts': 0, 'peak_vram_gb': 13.5539}
{'step': 970, 'tokens': 254279680, 'lm_loss': 4.1422, 'aux_loss': 1.969, 'z_loss': 0.0042, 'grad_norm': 0.5938, 'lr': 0.0003, 'tokens_per_sec': 262282.9456, 'mfu': 0.0813, 'expert_load_cv': 0.1718, 'min_expert_frac': 0.0109, 'dead_experts': 0, 'peak_vram_gb': 13.5539}
{'step': 980, 'tokens': 256901120, 'lm_loss': 4.0647, 'aux_loss': 1.9743, 'z_loss': 0.0042, 'grad_norm': 0.5898, 'lr': 0.0003, 'tokens_per_sec': 262275.6044, 'mfu': 0.0813, 'expert_load_cv': 0.1675, 'min_expert_frac': 0.0113, 'dead_experts': 0, 'peak_vram_gb': 13.5539}
{'step': 990, 'tokens': 259522560, 'lm_loss': 4.1736, 'aux_loss': 1.9876, 'z_loss': 0.0042, 'grad_norm': 0.5703, 'lr': 0.0003, 'tokens_per_sec': 262272.9464, 'mfu': 0.0813, 'expert_load_cv': 0.1727, 'min_expert_frac': 0.0109, 'dead_experts': 0, 'peak_vram_gb': 13.5539}
{'step': 1000, 'tokens': 262144000, 'lm_loss': 4.1093, 'aux_loss': 1.9767, 'z_loss': 0.0042, 'grad_norm': 0.6758, 'lr': 0.0003, 'tokens_per_sec': 262282.4824, 'mfu': 0.0813, 'expert_load_cv': 0.168, 'min_expert_frac': 0.0111, 'dead_experts': 0, 'peak_vram_gb': 13.5539}
{'step': 1010, 'tokens': 264765440, 'lm_loss': 4.0663, 'aux_loss': 1.9738, 'z_loss': 0.0042, 'grad_norm': 0.5312, 'lr': 0.0003, 'tokens_per_sec': 262284.1062, 'mfu': 0.0813, 'expert_load_cv': 0.1701, 'min_expert_frac': 0.0113, 'dead_experts': 0, 'peak_vram_gb': 13.5539}
{'step': 1020, 'tokens': 267386880, 'lm_loss': 4.1109, 'aux_loss': 1.9686, 'z_loss': 0.0041, 'grad_norm': 0.4629, 'lr': 0.0003, 'tokens_per_sec': 262278.0129, 'mfu': 0.0813, 'expert_load_cv': 0.1732, 'min_expert_frac': 0.0111, 'dead_experts': 0, 'peak_vram_gb': 13.5539}
{'step': 1030, 'tokens': 270008320, 'lm_loss': 4.1063, 'aux_loss': 1.9715, 'z_loss': 0.0041, 'grad_norm': 0.6211, 'lr': 0.0003, 'tokens_per_sec': 262278.7151, 'mfu': 0.0813, 'expert_load_cv': 0.1741, 'min_expert_frac': 0.0109, 'dead_experts': 0, 'peak_vram_gb': 13.5539}
{'step': 1040, 'tokens': 272629760, 'lm_loss': 4.0583, 'aux_loss': 1.9724, 'z_loss': 0.004, 'grad_norm': 0.5508, 'lr': 0.0003, 'tokens_per_sec': 262276.7747, 'mfu': 0.0813, 'expert_load_cv': 0.1753, 'min_expert_frac': 0.0109, 'dead_experts': 0, 'peak_vram_gb': 13.5539}
{'step': 1050, 'tokens': 275251200, 'lm_loss': 4.0955, 'aux_loss': 1.9727, 'z_loss': 0.0041, 'grad_norm': 0.6953, 'lr': 0.0003, 'tokens_per_sec': 262263.64, 'mfu': 0.0813, 'expert_load_cv': 0.1697, 'min_expert_frac': 0.011, 'dead_experts': 0, 'peak_vram_gb': 13.5539}
{'step': 1060, 'tokens': 277872640, 'lm_loss': 4.0061, 'aux_loss': 1.9745, 'z_loss': 0.0041, 'grad_norm': 0.6094, 'lr': 0.0003, 'tokens_per_sec': 262253.5496, 'mfu': 0.0812, 'expert_load_cv': 0.17, 'min_expert_frac': 0.0109, 'dead_experts': 0, 'peak_vram_gb': 13.5539}
{'step': 1070, 'tokens': 280494080, 'lm_loss': 4.0395, 'aux_loss': 1.9744, 'z_loss': 0.0041, 'grad_norm': 0.5859, 'lr': 0.0003, 'tokens_per_sec': 262246.6841, 'mfu': 0.0812, 'expert_load_cv': 0.1725, 'min_expert_frac': 0.0114, 'dead_experts': 0, 'peak_vram_gb': 13.5539}
{'step': 1080, 'tokens': 283115520, 'lm_loss': 4.05, 'aux_loss': 1.9696, 'z_loss': 0.0041, 'grad_norm': 0.4707, 'lr': 0.0003, 'tokens_per_sec': 262243.8905, 'mfu': 0.0812, 'expert_load_cv': 0.1741, 'min_expert_frac': 0.0115, 'dead_experts': 0, 'peak_vram_gb': 13.5539}
{'step': 1090, 'tokens': 285736960, 'lm_loss': 4.0121, 'aux_loss': 1.9685, 'z_loss': 0.004, 'grad_norm': 0.6211, 'lr': 0.0003, 'tokens_per_sec': 262243.0843, 'mfu': 0.0812, 'expert_load_cv': 0.1762, 'min_expert_frac': 0.0115, 'dead_experts': 0, 'peak_vram_gb': 13.5539}
{'step': 1100, 'tokens': 288358400, 'lm_loss': 4.0396, 'aux_loss': 1.9761, 'z_loss': 0.0041, 'grad_norm': 0.5195, 'lr': 0.0003, 'tokens_per_sec': 262242.3714, 'mfu': 0.0812, 'expert_load_cv': 0.1728, 'min_expert_frac': 0.0112, 'dead_experts': 0, 'peak_vram_gb': 13.5539}
{'step': 1110, 'tokens': 290979840, 'lm_loss': 4.02, 'aux_loss': 1.9748, 'z_loss': 0.004, 'grad_norm': 0.5117, 'lr': 0.0003, 'tokens_per_sec': 262250.7162, 'mfu': 0.0812, 'expert_load_cv': 0.1755, 'min_expert_frac': 0.0114, 'dead_experts': 0, 'peak_vram_gb': 13.5539}
{'step': 1120, 'tokens': 293601280, 'lm_loss': 4.0283, 'aux_loss': 1.9684, 'z_loss': 0.004, 'grad_norm': 0.5586, 'lr': 0.0003, 'tokens_per_sec': 262266.3145, 'mfu': 0.0813, 'expert_load_cv': 0.1736, 'min_expert_frac': 0.011, 'dead_experts': 0, 'peak_vram_gb': 13.5539}
{'step': 1130, 'tokens': 296222720, 'lm_loss': 4.0118, 'aux_loss': 1.9701, 'z_loss': 0.0039, 'grad_norm': 0.6211, 'lr': 0.0003, 'tokens_per_sec': 262276.4968, 'mfu': 0.0813, 'expert_load_cv': 0.1742, 'min_expert_frac': 0.0112, 'dead_experts': 0, 'peak_vram_gb': 13.5539}
{'step': 1140, 'tokens': 298844160, 'lm_loss': 4.0176, 'aux_loss': 1.9762, 'z_loss': 0.004, 'grad_norm': 0.6484, 'lr': 0.0003, 'tokens_per_sec': 262282.61, 'mfu': 0.0813, 'expert_load_cv': 0.1686, 'min_expert_frac': 0.0113, 'dead_experts': 0, 'peak_vram_gb': 13.5539}
{'step': 1150, 'tokens': 301465600, 'lm_loss': 3.9958, 'aux_loss': 1.9684, 'z_loss': 0.0039, 'grad_norm': 0.5078, 'lr': 0.0003, 'tokens_per_sec': 262292.8118, 'mfu': 0.0813, 'expert_load_cv': 0.1754, 'min_expert_frac': 0.0112, 'dead_experts': 0, 'peak_vram_gb': 13.5539}
{'step': 1160, 'tokens': 304087040, 'lm_loss': 4.0158, 'aux_loss': 1.9667, 'z_loss': 0.0038, 'grad_norm': 0.6602, 'lr': 0.0003, 'tokens_per_sec': 262297.7034, 'mfu': 0.0813, 'expert_load_cv': 0.1719, 'min_expert_frac': 0.0111, 'dead_experts': 0, 'peak_vram_gb': 13.5539}
{'step': 1170, 'tokens': 306708480, 'lm_loss': 3.999, 'aux_loss': 1.9736, 'z_loss': 0.0039, 'grad_norm': 0.5273, 'lr': 0.0003, 'tokens_per_sec': 262296.7162, 'mfu': 0.0813, 'expert_load_cv': 0.1726, 'min_expert_frac': 0.0113, 'dead_experts': 0, 'peak_vram_gb': 13.5539}
{'step': 1180, 'tokens': 309329920, 'lm_loss': 3.9215, 'aux_loss': 1.9734, 'z_loss': 0.0038, 'grad_norm': 0.4863, 'lr': 0.0003, 'tokens_per_sec': 262301.7368, 'mfu': 0.0813, 'expert_load_cv': 0.1721, 'min_expert_frac': 0.0112, 'dead_experts': 0, 'peak_vram_gb': 13.5539}
{'step': 1190, 'tokens': 311951360, 'lm_loss': 3.94, 'aux_loss': 1.9685, 'z_loss': 0.0038, 'grad_norm': 0.4707, 'lr': 0.0003, 'tokens_per_sec': 262305.0325, 'mfu': 0.0813, 'expert_load_cv': 0.1735, 'min_expert_frac': 0.0115, 'dead_experts': 0, 'peak_vram_gb': 13.5539}
{'step': 1200, 'tokens': 314572800, 'lm_loss': 3.9427, 'aux_loss': 1.9657, 'z_loss': 0.0037, 'grad_norm': 0.6016, 'lr': 0.0003, 'tokens_per_sec': 262297.0608, 'mfu': 0.0813, 'expert_load_cv': 0.1734, 'min_expert_frac': 0.0115, 'dead_experts': 0, 'peak_vram_gb': 13.5539}
{'step': 1210, 'tokens': 317194240, 'lm_loss': 4.0155, 'aux_loss': 1.972, 'z_loss': 0.0038, 'grad_norm': 0.4902, 'lr': 0.0003, 'tokens_per_sec': 262300.7663, 'mfu': 0.0813, 'expert_load_cv': 0.1731, 'min_expert_frac': 0.0115, 'dead_experts': 0, 'peak_vram_gb': 13.5539}
{'step': 1220, 'tokens': 319815680, 'lm_loss': 3.9512, 'aux_loss': 1.9677, 'z_loss': 0.0037, 'grad_norm': 0.6719, 'lr': 0.0003, 'tokens_per_sec': 262304.7853, 'mfu': 0.0813, 'expert_load_cv': 0.1736, 'min_expert_frac': 0.0117, 'dead_experts': 0, 'peak_vram_gb': 13.5539}
{'step': 1230, 'tokens': 322437120, 'lm_loss': 3.89, 'aux_loss': 1.9746, 'z_loss': 0.0037, 'grad_norm': 0.4922, 'lr': 0.0003, 'tokens_per_sec': 262295.7296, 'mfu': 0.0813, 'expert_load_cv': 0.1727, 'min_expert_frac': 0.0112, 'dead_experts': 0, 'peak_vram_gb': 13.5539}
{'step': 1240, 'tokens': 325058560, 'lm_loss': 3.9932, 'aux_loss': 1.9679, 'z_loss': 0.0037, 'grad_norm': 0.4648, 'lr': 0.0003, 'tokens_per_sec': 262285.6301, 'mfu': 0.0813, 'expert_load_cv': 0.1716, 'min_expert_frac': 0.0115, 'dead_experts': 0, 'peak_vram_gb': 13.5539}
{'step': 1250, 'tokens': 327680000, 'lm_loss': 3.9541, 'aux_loss': 1.9762, 'z_loss': 0.0037, 'grad_norm': 0.5469, 'lr': 0.0003, 'tokens_per_sec': 262277.007, 'mfu': 0.0813, 'expert_load_cv': 0.1723, 'min_expert_frac': 0.0111, 'dead_experts': 0, 'peak_vram_gb': 13.5539}
{'step': 1260, 'tokens': 330301440, 'lm_loss': 3.924, 'aux_loss': 1.9698, 'z_loss': 0.0037, 'grad_norm': 0.6094, 'lr': 0.0003, 'tokens_per_sec': 262271.7504, 'mfu': 0.0813, 'expert_load_cv': 0.1735, 'min_expert_frac': 0.0114, 'dead_experts': 0, 'peak_vram_gb': 13.5539}
{'step': 1270, 'tokens': 332922880, 'lm_loss': 3.9105, 'aux_loss': 1.9655, 'z_loss': 0.0036, 'grad_norm': 0.5078, 'lr': 0.0003, 'tokens_per_sec': 262272.3675, 'mfu': 0.0813, 'expert_load_cv': 0.1705, 'min_expert_frac': 0.0114, 'dead_experts': 0, 'peak_vram_gb': 13.5539}
{'step': 1280, 'tokens': 335544320, 'lm_loss': 3.9194, 'aux_loss': 1.9712, 'z_loss': 0.0036, 'grad_norm': 0.5508, 'lr': 0.0003, 'tokens_per_sec': 262273.9091, 'mfu': 0.0813, 'expert_load_cv': 0.1728, 'min_expert_frac': 0.0114, 'dead_experts': 0, 'peak_vram_gb': 13.5539}
{'step': 1290, 'tokens': 338165760, 'lm_loss': 3.955, 'aux_loss': 1.9754, 'z_loss': 0.0036, 'grad_norm': 0.4453, 'lr': 0.0003, 'tokens_per_sec': 262273.861, 'mfu': 0.0813, 'expert_load_cv': 0.1753, 'min_expert_frac': 0.0116, 'dead_experts': 0, 'peak_vram_gb': 13.5539}
{'step': 1300, 'tokens': 340787200, 'lm_loss': 3.8881, 'aux_loss': 1.9816, 'z_loss': 0.0036, 'grad_norm': 0.5234, 'lr': 0.0003, 'tokens_per_sec': 262274.8899, 'mfu': 0.0813, 'expert_load_cv': 0.173, 'min_expert_frac': 0.0119, 'dead_experts': 0, 'peak_vram_gb': 13.5539}
{'step': 1310, 'tokens': 343408640, 'lm_loss': 3.9431, 'aux_loss': 1.9689, 'z_loss': 0.0036, 'grad_norm': 0.582, 'lr': 0.0003, 'tokens_per_sec': 262273.2477, 'mfu': 0.0813, 'expert_load_cv': 0.1718, 'min_expert_frac': 0.0114, 'dead_experts': 0, 'peak_vram_gb': 13.5539}
{'step': 1320, 'tokens': 346030080, 'lm_loss': 3.9121, 'aux_loss': 1.9731, 'z_loss': 0.0036, 'grad_norm': 0.4863, 'lr': 0.0003, 'tokens_per_sec': 262271.9583, 'mfu': 0.0813, 'expert_load_cv': 0.1746, 'min_expert_frac': 0.0119, 'dead_experts': 0, 'peak_vram_gb': 13.5539}
{'step': 1330, 'tokens': 348651520, 'lm_loss': 3.8846, 'aux_loss': 1.9848, 'z_loss': 0.0036, 'grad_norm': 0.5195, 'lr': 0.0003, 'tokens_per_sec': 262279.8474, 'mfu': 0.0813, 'expert_load_cv': 0.1714, 'min_expert_frac': 0.0117, 'dead_experts': 0, 'peak_vram_gb': 13.5539}
{'step': 1340, 'tokens': 351272960, 'lm_loss': 3.9462, 'aux_loss': 1.9692, 'z_loss': 0.0036, 'grad_norm': 0.4766, 'lr': 0.0003, 'tokens_per_sec': 262278.8035, 'mfu': 0.0813, 'expert_load_cv': 0.1761, 'min_expert_frac': 0.0117, 'dead_experts': 0, 'peak_vram_gb': 13.5539}
{'step': 1350, 'tokens': 353894400, 'lm_loss': 3.8911, 'aux_loss': 1.9743, 'z_loss': 0.0035, 'grad_norm': 0.5156, 'lr': 0.0003, 'tokens_per_sec': 262286.8966, 'mfu': 0.0813, 'expert_load_cv': 0.169, 'min_expert_frac': 0.0117, 'dead_experts': 0, 'peak_vram_gb': 13.5539}
{'step': 1360, 'tokens': 356515840, 'lm_loss': 3.8867, 'aux_loss': 1.9705, 'z_loss': 0.0035, 'grad_norm': 0.625, 'lr': 0.0003, 'tokens_per_sec': 262292.059, 'mfu': 0.0813, 'expert_load_cv': 0.1691, 'min_expert_frac': 0.0118, 'dead_experts': 0, 'peak_vram_gb': 13.5539}
{'step': 1370, 'tokens': 359137280, 'lm_loss': 3.8538, 'aux_loss': 1.9657, 'z_loss': 0.0033, 'grad_norm': 0.5586, 'lr': 0.0003, 'tokens_per_sec': 262291.1842, 'mfu': 0.0813, 'expert_load_cv': 0.1725, 'min_expert_frac': 0.0114, 'dead_experts': 0, 'peak_vram_gb': 13.5539}
{'step': 1380, 'tokens': 361758720, 'lm_loss': 3.8304, 'aux_loss': 1.9787, 'z_loss': 0.0035, 'grad_norm': 0.4766, 'lr': 0.0003, 'tokens_per_sec': 262289.6806, 'mfu': 0.0813, 'expert_load_cv': 0.1724, 'min_expert_frac': 0.0115, 'dead_experts': 0, 'peak_vram_gb': 13.5539}
{'step': 1390, 'tokens': 364380160, 'lm_loss': 3.84, 'aux_loss': 1.9731, 'z_loss': 0.0035, 'grad_norm': 0.5039, 'lr': 0.0003, 'tokens_per_sec': 262278.6887, 'mfu': 0.0813, 'expert_load_cv': 0.1723, 'min_expert_frac': 0.0118, 'dead_experts': 0, 'peak_vram_gb': 13.5539}
{'step': 1400, 'tokens': 367001600, 'lm_loss': 3.8629, 'aux_loss': 1.9689, 'z_loss': 0.0035, 'grad_norm': 0.5078, 'lr': 0.0003, 'tokens_per_sec': 262278.322, 'mfu': 0.0813, 'expert_load_cv': 0.1722, 'min_expert_frac': 0.0119, 'dead_experts': 0, 'peak_vram_gb': 13.5539}
{'step': 1410, 'tokens': 369623040, 'lm_loss': 3.9067, 'aux_loss': 1.9728, 'z_loss': 0.0034, 'grad_norm': 0.4961, 'lr': 0.0003, 'tokens_per_sec': 262286.5507, 'mfu': 0.0813, 'expert_load_cv': 0.1743, 'min_expert_frac': 0.0116, 'dead_experts': 0, 'peak_vram_gb': 13.5539}
{'step': 1420, 'tokens': 372244480, 'lm_loss': 3.8669, 'aux_loss': 1.9686, 'z_loss': 0.0034, 'grad_norm': 0.5703, 'lr': 0.0003, 'tokens_per_sec': 262293.5391, 'mfu': 0.0813, 'expert_load_cv': 0.1753, 'min_expert_frac': 0.0118, 'dead_experts': 0, 'peak_vram_gb': 13.5539}
{'step': 1430, 'tokens': 374865920, 'lm_loss': 3.8728, 'aux_loss': 1.9658, 'z_loss': 0.0034, 'grad_norm': 0.4492, 'lr': 0.0003, 'tokens_per_sec': 262297.6997, 'mfu': 0.0813, 'expert_load_cv': 0.1765, 'min_expert_frac': 0.0119, 'dead_experts': 0, 'peak_vram_gb': 13.5539}
{'step': 1440, 'tokens': 377487360, 'lm_loss': 3.8671, 'aux_loss': 1.97, 'z_loss': 0.0034, 'grad_norm': 0.4961, 'lr': 0.0003, 'tokens_per_sec': 262307.4677, 'mfu': 0.0813, 'expert_load_cv': 0.1686, 'min_expert_frac': 0.0118, 'dead_experts': 0, 'peak_vram_gb': 13.5539}
{'step': 1450, 'tokens': 380108800, 'lm_loss': 3.8449, 'aux_loss': 1.9823, 'z_loss': 0.0034, 'grad_norm': 0.5547, 'lr': 0.0003, 'tokens_per_sec': 262311.7185, 'mfu': 0.0813, 'expert_load_cv': 0.1734, 'min_expert_frac': 0.0118, 'dead_experts': 0, 'peak_vram_gb': 13.5539}
{'step': 1460, 'tokens': 382730240, 'lm_loss': 3.8933, 'aux_loss': 1.9771, 'z_loss': 0.0034, 'grad_norm': 0.5039, 'lr': 0.0003, 'tokens_per_sec': 262315.52, 'mfu': 0.0813, 'expert_load_cv': 0.1737, 'min_expert_frac': 0.0119, 'dead_experts': 0, 'peak_vram_gb': 13.5539}
{'step': 1470, 'tokens': 385351680, 'lm_loss': 3.849, 'aux_loss': 1.9675, 'z_loss': 0.0033, 'grad_norm': 0.5273, 'lr': 0.0003, 'tokens_per_sec': 262317.25, 'mfu': 0.0813, 'expert_load_cv': 0.1741, 'min_expert_frac': 0.0119, 'dead_experts': 0, 'peak_vram_gb': 13.5539}
{'step': 1480, 'tokens': 387973120, 'lm_loss': 3.8105, 'aux_loss': 1.9775, 'z_loss': 0.0034, 'grad_norm': 0.5312, 'lr': 0.0003, 'tokens_per_sec': 262323.9208, 'mfu': 0.0813, 'expert_load_cv': 0.1712, 'min_expert_frac': 0.0116, 'dead_experts': 0, 'peak_vram_gb': 13.5539}
{'step': 1490, 'tokens': 390594560, 'lm_loss': 3.8062, 'aux_loss': 1.9752, 'z_loss': 0.0033, 'grad_norm': 0.5664, 'lr': 0.0003, 'tokens_per_sec': 262336.7845, 'mfu': 0.0813, 'expert_load_cv': 0.171, 'min_expert_frac': 0.0119, 'dead_experts': 0, 'peak_vram_gb': 13.5539}
{'step': 1500, 'tokens': 393216000, 'lm_loss': 3.8972, 'aux_loss': 1.9654, 'z_loss': 0.0033, 'grad_norm': 0.4805, 'lr': 0.0003, 'tokens_per_sec': 262347.7635, 'mfu': 0.0813, 'expert_load_cv': 0.1715, 'min_expert_frac': 0.0119, 'dead_experts': 0, 'peak_vram_gb': 13.5539}
{'step': 1510, 'tokens': 395837440, 'lm_loss': 3.7862, 'aux_loss': 1.9762, 'z_loss': 0.0033, 'grad_norm': 0.5156, 'lr': 0.0003, 'tokens_per_sec': 262349.8916, 'mfu': 0.0813, 'expert_load_cv': 0.1707, 'min_expert_frac': 0.0119, 'dead_experts': 0, 'peak_vram_gb': 13.5539}
{'step': 1520, 'tokens': 398458880, 'lm_loss': 3.862, 'aux_loss': 1.9712, 'z_loss': 0.0033, 'grad_norm': 0.4648, 'lr': 0.0003, 'tokens_per_sec': 262347.6993, 'mfu': 0.0813, 'expert_load_cv': 0.1738, 'min_expert_frac': 0.0117, 'dead_experts': 0, 'peak_vram_gb': 13.5539}
{'step': 1530, 'tokens': 401080320, 'lm_loss': 3.8098, 'aux_loss': 1.9744, 'z_loss': 0.0033, 'grad_norm': 0.5508, 'lr': 0.0003, 'tokens_per_sec': 262356.8627, 'mfu': 0.0813, 'expert_load_cv': 0.172, 'min_expert_frac': 0.0116, 'dead_experts': 0, 'peak_vram_gb': 13.5539}
{'step': 1540, 'tokens': 403701760, 'lm_loss': 3.8071, 'aux_loss': 1.978, 'z_loss': 0.0033, 'grad_norm': 0.5586, 'lr': 0.0003, 'tokens_per_sec': 262363.0964, 'mfu': 0.0813, 'expert_load_cv': 0.1711, 'min_expert_frac': 0.0119, 'dead_experts': 0, 'peak_vram_gb': 13.5539}
{'step': 1550, 'tokens': 406323200, 'lm_loss': 3.8203, 'aux_loss': 1.9718, 'z_loss': 0.0033, 'grad_norm': 0.5039, 'lr': 0.0003, 'tokens_per_sec': 262368.8991, 'mfu': 0.0813, 'expert_load_cv': 0.1703, 'min_expert_frac': 0.0119, 'dead_experts': 0, 'peak_vram_gb': 13.5539}
{'step': 1560, 'tokens': 408944640, 'lm_loss': 3.8673, 'aux_loss': 1.9658, 'z_loss': 0.0033, 'grad_norm': 0.5391, 'lr': 0.0003, 'tokens_per_sec': 262367.3392, 'mfu': 0.0813, 'expert_load_cv': 0.1753, 'min_expert_frac': 0.0119, 'dead_experts': 0, 'peak_vram_gb': 13.5539}
{'step': 1570, 'tokens': 411566080, 'lm_loss': 3.8577, 'aux_loss': 1.9683, 'z_loss': 0.0033, 'grad_norm': 0.543, 'lr': 0.0003, 'tokens_per_sec': 262365.6169, 'mfu': 0.0813, 'expert_load_cv': 0.1713, 'min_expert_frac': 0.0117, 'dead_experts': 0, 'peak_vram_gb': 13.5539}
{'step': 1580, 'tokens': 414187520, 'lm_loss': 3.8081, 'aux_loss': 1.9662, 'z_loss': 0.0033, 'grad_norm': 0.5391, 'lr': 0.0003, 'tokens_per_sec': 262363.5154, 'mfu': 0.0813, 'expert_load_cv': 0.1708, 'min_expert_frac': 0.0116, 'dead_experts': 0, 'peak_vram_gb': 13.5539}
{'step': 1590, 'tokens': 416808960, 'lm_loss': 3.792, 'aux_loss': 1.9732, 'z_loss': 0.0033, 'grad_norm': 0.4688, 'lr': 0.0003, 'tokens_per_sec': 262363.3059, 'mfu': 0.0813, 'expert_load_cv': 0.1719, 'min_expert_frac': 0.0119, 'dead_experts': 0, 'peak_vram_gb': 13.5539}
{'step': 1600, 'tokens': 419430400, 'lm_loss': 3.8262, 'aux_loss': 1.974, 'z_loss': 0.0033, 'grad_norm': 0.4395, 'lr': 0.0003, 'tokens_per_sec': 262364.8739, 'mfu': 0.0813, 'expert_load_cv': 0.1699, 'min_expert_frac': 0.0117, 'dead_experts': 0, 'peak_vram_gb': 13.5539}
{'step': 1610, 'tokens': 422051840, 'lm_loss': 3.7578, 'aux_loss': 1.9811, 'z_loss': 0.0032, 'grad_norm': 0.4668, 'lr': 0.0003, 'tokens_per_sec': 262358.0141, 'mfu': 0.0813, 'expert_load_cv': 0.1711, 'min_expert_frac': 0.012, 'dead_experts': 0, 'peak_vram_gb': 13.5539}
{'step': 1620, 'tokens': 424673280, 'lm_loss': 3.733, 'aux_loss': 1.9838, 'z_loss': 0.0033, 'grad_norm': 0.5234, 'lr': 0.0003, 'tokens_per_sec': 262356.3247, 'mfu': 0.0813, 'expert_load_cv': 0.173, 'min_expert_frac': 0.0118, 'dead_experts': 0, 'peak_vram_gb': 13.5539}
{'step': 1630, 'tokens': 427294720, 'lm_loss': 3.7626, 'aux_loss': 1.9739, 'z_loss': 0.0033, 'grad_norm': 0.5586, 'lr': 0.0003, 'tokens_per_sec': 262358.2683, 'mfu': 0.0813, 'expert_load_cv': 0.1722, 'min_expert_frac': 0.012, 'dead_experts': 0, 'peak_vram_gb': 13.5539}
{'step': 1640, 'tokens': 429916160, 'lm_loss': 3.8102, 'aux_loss': 1.9711, 'z_loss': 0.0032, 'grad_norm': 0.4961, 'lr': 0.0003, 'tokens_per_sec': 262354.2153, 'mfu': 0.0813, 'expert_load_cv': 0.1714, 'min_expert_frac': 0.0121, 'dead_experts': 0, 'peak_vram_gb': 13.5539}
{'step': 1650, 'tokens': 432537600, 'lm_loss': 3.8329, 'aux_loss': 1.9646, 'z_loss': 0.0031, 'grad_norm': 0.4395, 'lr': 0.0002, 'tokens_per_sec': 262354.8654, 'mfu': 0.0813, 'expert_load_cv': 0.1719, 'min_expert_frac': 0.012, 'dead_experts': 0, 'peak_vram_gb': 13.5539}
{'step': 1660, 'tokens': 435159040, 'lm_loss': 3.7858, 'aux_loss': 1.9818, 'z_loss': 0.0032, 'grad_norm': 0.4863, 'lr': 0.0002, 'tokens_per_sec': 262345.3136, 'mfu': 0.0813, 'expert_load_cv': 0.1724, 'min_expert_frac': 0.0119, 'dead_experts': 0, 'peak_vram_gb': 13.5539}
{'step': 1670, 'tokens': 437780480, 'lm_loss': 3.7869, 'aux_loss': 1.9801, 'z_loss': 0.0032, 'grad_norm': 0.5273, 'lr': 0.0002, 'tokens_per_sec': 262340.2603, 'mfu': 0.0813, 'expert_load_cv': 0.1706, 'min_expert_frac': 0.0118, 'dead_experts': 0, 'peak_vram_gb': 13.5539}
{'step': 1680, 'tokens': 440401920, 'lm_loss': 3.7504, 'aux_loss': 1.9694, 'z_loss': 0.0031, 'grad_norm': 0.6719, 'lr': 0.0002, 'tokens_per_sec': 262341.3681, 'mfu': 0.0813, 'expert_load_cv': 0.1723, 'min_expert_frac': 0.012, 'dead_experts': 0, 'peak_vram_gb': 13.5539}
{'step': 1690, 'tokens': 443023360, 'lm_loss': 3.7823, 'aux_loss': 1.9729, 'z_loss': 0.0031, 'grad_norm': 0.4473, 'lr': 0.0002, 'tokens_per_sec': 262341.3616, 'mfu': 0.0813, 'expert_load_cv': 0.1711, 'min_expert_frac': 0.0121, 'dead_experts': 0, 'peak_vram_gb': 13.5539}
{'step': 1700, 'tokens': 445644800, 'lm_loss': 3.7624, 'aux_loss': 1.976, 'z_loss': 0.0032, 'grad_norm': 0.4746, 'lr': 0.0002, 'tokens_per_sec': 262351.973, 'mfu': 0.0813, 'expert_load_cv': 0.1718, 'min_expert_frac': 0.0117, 'dead_experts': 0, 'peak_vram_gb': 13.5539}
{'step': 1710, 'tokens': 448266240, 'lm_loss': 3.817, 'aux_loss': 1.9702, 'z_loss': 0.0031, 'grad_norm': 0.5039, 'lr': 0.0002, 'tokens_per_sec': 262359.0234, 'mfu': 0.0813, 'expert_load_cv': 0.1725, 'min_expert_frac': 0.0119, 'dead_experts': 0, 'peak_vram_gb': 13.5539}
{'step': 1720, 'tokens': 450887680, 'lm_loss': 3.7579, 'aux_loss': 1.9773, 'z_loss': 0.0031, 'grad_norm': 0.5352, 'lr': 0.0002, 'tokens_per_sec': 262357.8347, 'mfu': 0.0813, 'expert_load_cv': 0.1736, 'min_expert_frac': 0.0116, 'dead_experts': 0, 'peak_vram_gb': 13.5539}
{'step': 1730, 'tokens': 453509120, 'lm_loss': 3.7312, 'aux_loss': 1.9801, 'z_loss': 0.0031, 'grad_norm': 0.4531, 'lr': 0.0002, 'tokens_per_sec': 262358.0983, 'mfu': 0.0813, 'expert_load_cv': 0.1729, 'min_expert_frac': 0.012, 'dead_experts': 0, 'peak_vram_gb': 13.5539}
{'step': 1740, 'tokens': 456130560, 'lm_loss': 3.7334, 'aux_loss': 1.9757, 'z_loss': 0.0031, 'grad_norm': 0.5391, 'lr': 0.0002, 'tokens_per_sec': 262354.2752, 'mfu': 0.0813, 'expert_load_cv': 0.1737, 'min_expert_frac': 0.0119, 'dead_experts': 0, 'peak_vram_gb': 13.5539}
{'step': 1750, 'tokens': 458752000, 'lm_loss': 3.7367, 'aux_loss': 1.9772, 'z_loss': 0.0031, 'grad_norm': 0.4688, 'lr': 0.0002, 'tokens_per_sec': 262355.4514, 'mfu': 0.0813, 'expert_load_cv': 0.1683, 'min_expert_frac': 0.0121, 'dead_experts': 0, 'peak_vram_gb': 13.5539}
{'step': 1760, 'tokens': 461373440, 'lm_loss': 3.7305, 'aux_loss': 1.9765, 'z_loss': 0.0031, 'grad_norm': 0.4941, 'lr': 0.0002, 'tokens_per_sec': 262359.2339, 'mfu': 0.0813, 'expert_load_cv': 0.1727, 'min_expert_frac': 0.0117, 'dead_experts': 0, 'peak_vram_gb': 13.5539}
{'step': 1770, 'tokens': 463994880, 'lm_loss': 3.7724, 'aux_loss': 1.9713, 'z_loss': 0.0031, 'grad_norm': 0.543, 'lr': 0.0002, 'tokens_per_sec': 262358.4205, 'mfu': 0.0813, 'expert_load_cv': 0.1689, 'min_expert_frac': 0.0118, 'dead_experts': 0, 'peak_vram_gb': 13.5539}
{'step': 1780, 'tokens': 466616320, 'lm_loss': 3.748, 'aux_loss': 1.9724, 'z_loss': 0.0031, 'grad_norm': 0.5859, 'lr': 0.0002, 'tokens_per_sec': 262362.4265, 'mfu': 0.0813, 'expert_load_cv': 0.1693, 'min_expert_frac': 0.0121, 'dead_experts': 0, 'peak_vram_gb': 13.5539}
{'step': 1790, 'tokens': 469237760, 'lm_loss': 3.7627, 'aux_loss': 1.9802, 'z_loss': 0.003, 'grad_norm': 0.457, 'lr': 0.0002, 'tokens_per_sec': 262357.1992, 'mfu': 0.0813, 'expert_load_cv': 0.1692, 'min_expert_frac': 0.0119, 'dead_experts': 0, 'peak_vram_gb': 13.5539}
{'step': 1800, 'tokens': 471859200, 'lm_loss': 3.6998, 'aux_loss': 1.9761, 'z_loss': 0.0031, 'grad_norm': 0.4297, 'lr': 0.0002, 'tokens_per_sec': 262359.5363, 'mfu': 0.0813, 'expert_load_cv': 0.1712, 'min_expert_frac': 0.0119, 'dead_experts': 0, 'peak_vram_gb': 13.5539}
{'step': 1810, 'tokens': 474480640, 'lm_loss': 3.7482, 'aux_loss': 1.9733, 'z_loss': 0.0031, 'grad_norm': 0.4688, 'lr': 0.0002, 'tokens_per_sec': 262360.9735, 'mfu': 0.0813, 'expert_load_cv': 0.1709, 'min_expert_frac': 0.0121, 'dead_experts': 0, 'peak_vram_gb': 13.5539}
{'step': 1820, 'tokens': 477102080, 'lm_loss': 3.7174, 'aux_loss': 1.9795, 'z_loss': 0.003, 'grad_norm': 0.4902, 'lr': 0.0002, 'tokens_per_sec': 262358.7251, 'mfu': 0.0813, 'expert_load_cv': 0.1717, 'min_expert_frac': 0.012, 'dead_experts': 0, 'peak_vram_gb': 13.5539}
{'step': 1830, 'tokens': 479723520, 'lm_loss': 3.7217, 'aux_loss': 1.9707, 'z_loss': 0.003, 'grad_norm': 0.5039, 'lr': 0.0002, 'tokens_per_sec': 262359.4829, 'mfu': 0.0813, 'expert_load_cv': 0.17, 'min_expert_frac': 0.0118, 'dead_experts': 0, 'peak_vram_gb': 13.5539}
{'step': 1840, 'tokens': 482344960, 'lm_loss': 3.784, 'aux_loss': 1.9835, 'z_loss': 0.0031, 'grad_norm': 0.4785, 'lr': 0.0002, 'tokens_per_sec': 262353.9078, 'mfu': 0.0813, 'expert_load_cv': 0.1735, 'min_expert_frac': 0.012, 'dead_experts': 0, 'peak_vram_gb': 13.5539}
{'step': 1850, 'tokens': 484966400, 'lm_loss': 3.7523, 'aux_loss': 1.9756, 'z_loss': 0.003, 'grad_norm': 0.5195, 'lr': 0.0002, 'tokens_per_sec': 262345.3526, 'mfu': 0.0813, 'expert_load_cv': 0.171, 'min_expert_frac': 0.012, 'dead_experts': 0, 'peak_vram_gb': 13.5539}
{'step': 1860, 'tokens': 487587840, 'lm_loss': 3.7264, 'aux_loss': 1.9724, 'z_loss': 0.003, 'grad_norm': 0.457, 'lr': 0.0002, 'tokens_per_sec': 262322.5781, 'mfu': 0.0813, 'expert_load_cv': 0.1711, 'min_expert_frac': 0.0123, 'dead_experts': 0, 'peak_vram_gb': 13.5539}
{'step': 1870, 'tokens': 490209280, 'lm_loss': 3.726, 'aux_loss': 1.9816, 'z_loss': 0.003, 'grad_norm': 0.4883, 'lr': 0.0002, 'tokens_per_sec': 262322.2723, 'mfu': 0.0813, 'expert_load_cv': 0.1701, 'min_expert_frac': 0.0119, 'dead_experts': 0, 'peak_vram_gb': 13.5539}
{'step': 1880, 'tokens': 492830720, 'lm_loss': 3.7301, 'aux_loss': 1.9832, 'z_loss': 0.003, 'grad_norm': 0.5312, 'lr': 0.0002, 'tokens_per_sec': 262317.8422, 'mfu': 0.0813, 'expert_load_cv': 0.1703, 'min_expert_frac': 0.012, 'dead_experts': 0, 'peak_vram_gb': 13.5539}
{'step': 1890, 'tokens': 495452160, 'lm_loss': 3.7539, 'aux_loss': 1.9701, 'z_loss': 0.0029, 'grad_norm': 0.4941, 'lr': 0.0002, 'tokens_per_sec': 262311.0993, 'mfu': 0.0813, 'expert_load_cv': 0.1723, 'min_expert_frac': 0.0121, 'dead_experts': 0, 'peak_vram_gb': 13.5539}
{'step': 1900, 'tokens': 498073600, 'lm_loss': 3.7234, 'aux_loss': 1.9687, 'z_loss': 0.003, 'grad_norm': 0.4922, 'lr': 0.0002, 'tokens_per_sec': 262314.1256, 'mfu': 0.0813, 'expert_load_cv': 0.1697, 'min_expert_frac': 0.012, 'dead_experts': 0, 'peak_vram_gb': 13.5539}
Writing model shards:   0%|          | 0/1 [00:00<?, ?it/s]Writing model shards: 100%|██████████| 1/1 [00:00<00:00,  1.92it/s]Writing model shards: 100%|██████████| 1/1 [00:00<00:00,  1.92it/s]
  saved runs/seedvar_E64_s2/step1907
{'step': 1910, 'tokens': 500695040, 'lm_loss': 3.7391, 'aux_loss': 1.9703, 'z_loss': 0.003, 'grad_norm': 0.5391, 'lr': 0.0002, 'tokens_per_sec': 262242.0031, 'mfu': 0.0812, 'expert_load_cv': 0.1707, 'min_expert_frac': 0.0121, 'dead_experts': 0, 'peak_vram_gb': 13.5539}
{'step': 1920, 'tokens': 503316480, 'lm_loss': 3.737, 'aux_loss': 1.9751, 'z_loss': 0.0029, 'grad_norm': 0.4434, 'lr': 0.0002, 'tokens_per_sec': 262242.9983, 'mfu': 0.0812, 'expert_load_cv': 0.1696, 'min_expert_frac': 0.0121, 'dead_experts': 0, 'peak_vram_gb': 13.5539}
{'step': 1930, 'tokens': 505937920, 'lm_loss': 3.7754, 'aux_loss': 1.9654, 'z_loss': 0.0029, 'grad_norm': 0.459, 'lr': 0.0002, 'tokens_per_sec': 262245.4645, 'mfu': 0.0812, 'expert_load_cv': 0.1698, 'min_expert_frac': 0.0121, 'dead_experts': 0, 'peak_vram_gb': 13.5539}
{'step': 1940, 'tokens': 508559360, 'lm_loss': 3.7635, 'aux_loss': 1.9663, 'z_loss': 0.0029, 'grad_norm': 0.5, 'lr': 0.0002, 'tokens_per_sec': 262253.4084, 'mfu': 0.0812, 'expert_load_cv': 0.1679, 'min_expert_frac': 0.0117, 'dead_experts': 0, 'peak_vram_gb': 13.5539}
{'step': 1950, 'tokens': 511180800, 'lm_loss': 3.6806, 'aux_loss': 1.9761, 'z_loss': 0.0029, 'grad_norm': 0.4746, 'lr': 0.0002, 'tokens_per_sec': 262250.7682, 'mfu': 0.0812, 'expert_load_cv': 0.167, 'min_expert_frac': 0.012, 'dead_experts': 0, 'peak_vram_gb': 13.5539}
{'step': 1960, 'tokens': 513802240, 'lm_loss': 3.7421, 'aux_loss': 1.9784, 'z_loss': 0.0029, 'grad_norm': 0.4805, 'lr': 0.0002, 'tokens_per_sec': 262249.3765, 'mfu': 0.0812, 'expert_load_cv': 0.167, 'min_expert_frac': 0.0121, 'dead_experts': 0, 'peak_vram_gb': 13.5539}
{'step': 1970, 'tokens': 516423680, 'lm_loss': 3.7642, 'aux_loss': 1.9778, 'z_loss': 0.0029, 'grad_norm': 0.5195, 'lr': 0.0002, 'tokens_per_sec': 262253.1111, 'mfu': 0.0812, 'expert_load_cv': 0.1669, 'min_expert_frac': 0.012, 'dead_experts': 0, 'peak_vram_gb': 13.5539}
{'step': 1980, 'tokens': 519045120, 'lm_loss': 3.6657, 'aux_loss': 1.9834, 'z_loss': 0.0029, 'grad_norm': 0.4766, 'lr': 0.0002, 'tokens_per_sec': 262253.7947, 'mfu': 0.0812, 'expert_load_cv': 0.1729, 'min_expert_frac': 0.0122, 'dead_experts': 0, 'peak_vram_gb': 13.5539}
{'step': 1990, 'tokens': 521666560, 'lm_loss': 3.6594, 'aux_loss': 1.9752, 'z_loss': 0.003, 'grad_norm': 0.4453, 'lr': 0.0002, 'tokens_per_sec': 262259.8318, 'mfu': 0.0812, 'expert_load_cv': 0.1685, 'min_expert_frac': 0.0121, 'dead_experts': 0, 'peak_vram_gb': 13.5539}
{'step': 2000, 'tokens': 524288000, 'lm_loss': 3.7527, 'aux_loss': 1.974, 'z_loss': 0.0029, 'grad_norm': 0.4199, 'lr': 0.0002, 'tokens_per_sec': 262258.6082, 'mfu': 0.0812, 'expert_load_cv': 0.1748, 'min_expert_frac': 0.0117, 'dead_experts': 0, 'peak_vram_gb': 13.5539}
{'step': 2010, 'tokens': 526909440, 'lm_loss': 3.6725, 'aux_loss': 1.977, 'z_loss': 0.0028, 'grad_norm': 0.6289, 'lr': 0.0002, 'tokens_per_sec': 262260.1212, 'mfu': 0.0812, 'expert_load_cv': 0.1658, 'min_expert_frac': 0.0123, 'dead_experts': 0, 'peak_vram_gb': 13.5539}
{'step': 2020, 'tokens': 529530880, 'lm_loss': 3.6381, 'aux_loss': 1.9916, 'z_loss': 0.003, 'grad_norm': 0.4785, 'lr': 0.0002, 'tokens_per_sec': 262262.5868, 'mfu': 0.0813, 'expert_load_cv': 0.1696, 'min_expert_frac': 0.0121, 'dead_experts': 0, 'peak_vram_gb': 13.5539}
{'step': 2030, 'tokens': 532152320, 'lm_loss': 3.6792, 'aux_loss': 1.9797, 'z_loss': 0.0029, 'grad_norm': 0.4551, 'lr': 0.0002, 'tokens_per_sec': 262241.9703, 'mfu': 0.0812, 'expert_load_cv': 0.17, 'min_expert_frac': 0.0119, 'dead_experts': 0, 'peak_vram_gb': 13.5539}
{'step': 2040, 'tokens': 534773760, 'lm_loss': 3.7188, 'aux_loss': 1.9743, 'z_loss': 0.0029, 'grad_norm': 0.4531, 'lr': 0.0002, 'tokens_per_sec': 262239.9528, 'mfu': 0.0812, 'expert_load_cv': 0.1682, 'min_expert_frac': 0.012, 'dead_experts': 0, 'peak_vram_gb': 13.5539}
{'step': 2050, 'tokens': 537395200, 'lm_loss': 3.6948, 'aux_loss': 1.9793, 'z_loss': 0.0029, 'grad_norm': 0.4785, 'lr': 0.0002, 'tokens_per_sec': 262240.9436, 'mfu': 0.0812, 'expert_load_cv': 0.168, 'min_expert_frac': 0.012, 'dead_experts': 0, 'peak_vram_gb': 13.5539}
{'step': 2060, 'tokens': 540016640, 'lm_loss': 3.7094, 'aux_loss': 1.9781, 'z_loss': 0.0028, 'grad_norm': 0.4453, 'lr': 0.0002, 'tokens_per_sec': 262244.3922, 'mfu': 0.0812, 'expert_load_cv': 0.1682, 'min_expert_frac': 0.0123, 'dead_experts': 0, 'peak_vram_gb': 13.5539}
{'step': 2070, 'tokens': 542638080, 'lm_loss': 3.6138, 'aux_loss': 1.9822, 'z_loss': 0.0028, 'grad_norm': 0.5078, 'lr': 0.0002, 'tokens_per_sec': 262254.5293, 'mfu': 0.0812, 'expert_load_cv': 0.1656, 'min_expert_frac': 0.012, 'dead_experts': 0, 'peak_vram_gb': 13.5539}
{'step': 2080, 'tokens': 545259520, 'lm_loss': 3.6819, 'aux_loss': 1.9759, 'z_loss': 0.0029, 'grad_norm': 0.5195, 'lr': 0.0002, 'tokens_per_sec': 262262.1142, 'mfu': 0.0813, 'expert_load_cv': 0.1652, 'min_expert_frac': 0.0123, 'dead_experts': 0, 'peak_vram_gb': 13.5539}
{'step': 2090, 'tokens': 547880960, 'lm_loss': 3.6928, 'aux_loss': 1.9786, 'z_loss': 0.0029, 'grad_norm': 0.4395, 'lr': 0.0002, 'tokens_per_sec': 262264.5566, 'mfu': 0.0813, 'expert_load_cv': 0.1708, 'min_expert_frac': 0.0121, 'dead_experts': 0, 'peak_vram_gb': 13.5539}
{'step': 2100, 'tokens': 550502400, 'lm_loss': 3.6747, 'aux_loss': 1.9826, 'z_loss': 0.0029, 'grad_norm': 0.4512, 'lr': 0.0002, 'tokens_per_sec': 262266.3424, 'mfu': 0.0813, 'expert_load_cv': 0.1685, 'min_expert_frac': 0.012, 'dead_experts': 0, 'peak_vram_gb': 13.5539}
{'step': 2110, 'tokens': 553123840, 'lm_loss': 3.7493, 'aux_loss': 1.975, 'z_loss': 0.0028, 'grad_norm': 0.4414, 'lr': 0.0002, 'tokens_per_sec': 262266.8737, 'mfu': 0.0813, 'expert_load_cv': 0.1698, 'min_expert_frac': 0.0119, 'dead_experts': 0, 'peak_vram_gb': 13.5539}
{'step': 2120, 'tokens': 555745280, 'lm_loss': 3.6922, 'aux_loss': 1.9739, 'z_loss': 0.0029, 'grad_norm': 0.4609, 'lr': 0.0002, 'tokens_per_sec': 262265.8744, 'mfu': 0.0813, 'expert_load_cv': 0.1679, 'min_expert_frac': 0.0119, 'dead_experts': 0, 'peak_vram_gb': 13.5539}
{'step': 2130, 'tokens': 558366720, 'lm_loss': 3.6386, 'aux_loss': 1.9864, 'z_loss': 0.0029, 'grad_norm': 0.5469, 'lr': 0.0002, 'tokens_per_sec': 262270.3544, 'mfu': 0.0813, 'expert_load_cv': 0.1663, 'min_expert_frac': 0.0123, 'dead_experts': 0, 'peak_vram_gb': 13.5539}
{'step': 2140, 'tokens': 560988160, 'lm_loss': 3.7049, 'aux_loss': 1.9724, 'z_loss': 0.0028, 'grad_norm': 0.4805, 'lr': 0.0002, 'tokens_per_sec': 262272.835, 'mfu': 0.0813, 'expert_load_cv': 0.1682, 'min_expert_frac': 0.0125, 'dead_experts': 0, 'peak_vram_gb': 13.5539}
{'step': 2150, 'tokens': 563609600, 'lm_loss': 3.6848, 'aux_loss': 1.9809, 'z_loss': 0.0028, 'grad_norm': 0.4609, 'lr': 0.0002, 'tokens_per_sec': 262275.2533, 'mfu': 0.0813, 'expert_load_cv': 0.1688, 'min_expert_frac': 0.0122, 'dead_experts': 0, 'peak_vram_gb': 13.5539}
{'step': 2160, 'tokens': 566231040, 'lm_loss': 3.7347, 'aux_loss': 1.971, 'z_loss': 0.0028, 'grad_norm': 0.3984, 'lr': 0.0002, 'tokens_per_sec': 262282.0807, 'mfu': 0.0813, 'expert_load_cv': 0.1704, 'min_expert_frac': 0.0123, 'dead_experts': 0, 'peak_vram_gb': 13.5539}
{'step': 2170, 'tokens': 568852480, 'lm_loss': 3.7433, 'aux_loss': 1.9682, 'z_loss': 0.0028, 'grad_norm': 0.4648, 'lr': 0.0002, 'tokens_per_sec': 262280.7827, 'mfu': 0.0813, 'expert_load_cv': 0.1687, 'min_expert_frac': 0.0122, 'dead_experts': 0, 'peak_vram_gb': 13.5539}
{'step': 2180, 'tokens': 571473920, 'lm_loss': 3.6188, 'aux_loss': 1.9916, 'z_loss': 0.0029, 'grad_norm': 0.4375, 'lr': 0.0002, 'tokens_per_sec': 262283.1527, 'mfu': 0.0813, 'expert_load_cv': 0.1692, 'min_expert_frac': 0.0121, 'dead_experts': 0, 'peak_vram_gb': 13.5539}
{'step': 2190, 'tokens': 574095360, 'lm_loss': 3.6717, 'aux_loss': 1.9704, 'z_loss': 0.0028, 'grad_norm': 0.5391, 'lr': 0.0002, 'tokens_per_sec': 262284.3781, 'mfu': 0.0813, 'expert_load_cv': 0.1691, 'min_expert_frac': 0.0121, 'dead_experts': 0, 'peak_vram_gb': 13.5539}
{'step': 2200, 'tokens': 576716800, 'lm_loss': 3.7415, 'aux_loss': 1.9792, 'z_loss': 0.0028, 'grad_norm': 0.4688, 'lr': 0.0002, 'tokens_per_sec': 262284.1468, 'mfu': 0.0813, 'expert_load_cv': 0.1667, 'min_expert_frac': 0.0119, 'dead_experts': 0, 'peak_vram_gb': 13.5539}
{'step': 2210, 'tokens': 579338240, 'lm_loss': 3.6854, 'aux_loss': 1.976, 'z_loss': 0.0028, 'grad_norm': 0.4375, 'lr': 0.0002, 'tokens_per_sec': 262288.9131, 'mfu': 0.0813, 'expert_load_cv': 0.1714, 'min_expert_frac': 0.0119, 'dead_experts': 0, 'peak_vram_gb': 13.5539}
{'step': 2220, 'tokens': 581959680, 'lm_loss': 3.7153, 'aux_loss': 1.9753, 'z_loss': 0.0028, 'grad_norm': 0.377, 'lr': 0.0002, 'tokens_per_sec': 262291.6763, 'mfu': 0.0813, 'expert_load_cv': 0.1659, 'min_expert_frac': 0.0125, 'dead_experts': 0, 'peak_vram_gb': 13.5539}
{'step': 2230, 'tokens': 584581120, 'lm_loss': 3.69, 'aux_loss': 1.9735, 'z_loss': 0.0028, 'grad_norm': 0.457, 'lr': 0.0002, 'tokens_per_sec': 262290.9077, 'mfu': 0.0813, 'expert_load_cv': 0.1678, 'min_expert_frac': 0.0122, 'dead_experts': 0, 'peak_vram_gb': 13.5539}
{'step': 2240, 'tokens': 587202560, 'lm_loss': 3.6969, 'aux_loss': 1.9732, 'z_loss': 0.0028, 'grad_norm': 0.4473, 'lr': 0.0002, 'tokens_per_sec': 262295.5933, 'mfu': 0.0813, 'expert_load_cv': 0.1685, 'min_expert_frac': 0.0123, 'dead_experts': 0, 'peak_vram_gb': 13.5539}
{'step': 2250, 'tokens': 589824000, 'lm_loss': 3.6526, 'aux_loss': 1.9849, 'z_loss': 0.0028, 'grad_norm': 0.4375, 'lr': 0.0001, 'tokens_per_sec': 262297.0901, 'mfu': 0.0813, 'expert_load_cv': 0.1672, 'min_expert_frac': 0.0122, 'dead_experts': 0, 'peak_vram_gb': 13.5539}
{'step': 2260, 'tokens': 592445440, 'lm_loss': 3.7006, 'aux_loss': 1.9723, 'z_loss': 0.0028, 'grad_norm': 0.4102, 'lr': 0.0001, 'tokens_per_sec': 262292.8353, 'mfu': 0.0813, 'expert_load_cv': 0.1676, 'min_expert_frac': 0.0122, 'dead_experts': 0, 'peak_vram_gb': 13.5539}
{'step': 2270, 'tokens': 595066880, 'lm_loss': 3.6724, 'aux_loss': 1.9804, 'z_loss': 0.0028, 'grad_norm': 0.4473, 'lr': 0.0001, 'tokens_per_sec': 262287.6604, 'mfu': 0.0813, 'expert_load_cv': 0.1696, 'min_expert_frac': 0.0124, 'dead_experts': 0, 'peak_vram_gb': 13.5539}
{'step': 2280, 'tokens': 597688320, 'lm_loss': 3.671, 'aux_loss': 1.9748, 'z_loss': 0.0027, 'grad_norm': 0.4316, 'lr': 0.0001, 'tokens_per_sec': 262286.8762, 'mfu': 0.0813, 'expert_load_cv': 0.1676, 'min_expert_frac': 0.0122, 'dead_experts': 0, 'peak_vram_gb': 13.5539}
{'step': 2290, 'tokens': 600309760, 'lm_loss': 3.656, 'aux_loss': 1.9836, 'z_loss': 0.0028, 'grad_norm': 0.4395, 'lr': 0.0001, 'tokens_per_sec': 262283.9125, 'mfu': 0.0813, 'expert_load_cv': 0.1668, 'min_expert_frac': 0.0123, 'dead_experts': 0, 'peak_vram_gb': 13.5539}
{'step': 2300, 'tokens': 602931200, 'lm_loss': 3.6886, 'aux_loss': 1.9783, 'z_loss': 0.0028, 'grad_norm': 0.459, 'lr': 0.0001, 'tokens_per_sec': 262282.3491, 'mfu': 0.0813, 'expert_load_cv': 0.1673, 'min_expert_frac': 0.0122, 'dead_experts': 0, 'peak_vram_gb': 13.5539}
{'step': 2310, 'tokens': 605552640, 'lm_loss': 3.669, 'aux_loss': 1.9776, 'z_loss': 0.0027, 'grad_norm': 0.3965, 'lr': 0.0001, 'tokens_per_sec': 262279.3621, 'mfu': 0.0813, 'expert_load_cv': 0.1659, 'min_expert_frac': 0.0122, 'dead_experts': 0, 'peak_vram_gb': 13.5539}
{'step': 2320, 'tokens': 608174080, 'lm_loss': 3.6474, 'aux_loss': 1.9832, 'z_loss': 0.0028, 'grad_norm': 0.4355, 'lr': 0.0001, 'tokens_per_sec': 262277.2443, 'mfu': 0.0813, 'expert_load_cv': 0.1679, 'min_expert_frac': 0.0123, 'dead_experts': 0, 'peak_vram_gb': 13.5539}
{'step': 2330, 'tokens': 610795520, 'lm_loss': 3.6091, 'aux_loss': 1.9795, 'z_loss': 0.0028, 'grad_norm': 0.4648, 'lr': 0.0001, 'tokens_per_sec': 262275.2599, 'mfu': 0.0813, 'expert_load_cv': 0.1684, 'min_expert_frac': 0.0124, 'dead_experts': 0, 'peak_vram_gb': 13.5539}
{'step': 2340, 'tokens': 613416960, 'lm_loss': 3.6484, 'aux_loss': 1.9803, 'z_loss': 0.0027, 'grad_norm': 0.4629, 'lr': 0.0001, 'tokens_per_sec': 262281.79, 'mfu': 0.0813, 'expert_load_cv': 0.1674, 'min_expert_frac': 0.0124, 'dead_experts': 0, 'peak_vram_gb': 13.5539}
{'step': 2350, 'tokens': 616038400, 'lm_loss': 3.6494, 'aux_loss': 1.9821, 'z_loss': 0.0028, 'grad_norm': 0.4434, 'lr': 0.0001, 'tokens_per_sec': 262284.0901, 'mfu': 0.0813, 'expert_load_cv': 0.167, 'min_expert_frac': 0.0121, 'dead_experts': 0, 'peak_vram_gb': 13.5539}
{'step': 2360, 'tokens': 618659840, 'lm_loss': 3.6797, 'aux_loss': 1.9765, 'z_loss': 0.0027, 'grad_norm': 0.4082, 'lr': 0.0001, 'tokens_per_sec': 262283.6178, 'mfu': 0.0813, 'expert_load_cv': 0.167, 'min_expert_frac': 0.0123, 'dead_experts': 0, 'peak_vram_gb': 13.5539}
{'step': 2370, 'tokens': 621281280, 'lm_loss': 3.6841, 'aux_loss': 1.9768, 'z_loss': 0.0027, 'grad_norm': 0.4473, 'lr': 0.0001, 'tokens_per_sec': 262284.7214, 'mfu': 0.0813, 'expert_load_cv': 0.1676, 'min_expert_frac': 0.0121, 'dead_experts': 0, 'peak_vram_gb': 13.5539}
{'step': 2380, 'tokens': 623902720, 'lm_loss': 3.6741, 'aux_loss': 1.9797, 'z_loss': 0.0027, 'grad_norm': 0.4258, 'lr': 0.0001, 'tokens_per_sec': 262281.3489, 'mfu': 0.0813, 'expert_load_cv': 0.1667, 'min_expert_frac': 0.0124, 'dead_experts': 0, 'peak_vram_gb': 13.5539}
{'step': 2390, 'tokens': 626524160, 'lm_loss': 3.6855, 'aux_loss': 1.9744, 'z_loss': 0.0027, 'grad_norm': 0.4609, 'lr': 0.0001, 'tokens_per_sec': 262274.6039, 'mfu': 0.0813, 'expert_load_cv': 0.1654, 'min_expert_frac': 0.0119, 'dead_experts': 0, 'peak_vram_gb': 13.5539}
{'step': 2400, 'tokens': 629145600, 'lm_loss': 3.7086, 'aux_loss': 1.9836, 'z_loss': 0.0027, 'grad_norm': 0.4609, 'lr': 0.0001, 'tokens_per_sec': 262271.5018, 'mfu': 0.0813, 'expert_load_cv': 0.1657, 'min_expert_frac': 0.0123, 'dead_experts': 0, 'peak_vram_gb': 13.5539}
{'step': 2410, 'tokens': 631767040, 'lm_loss': 3.6752, 'aux_loss': 1.9786, 'z_loss': 0.0027, 'grad_norm': 0.4082, 'lr': 0.0001, 'tokens_per_sec': 262261.627, 'mfu': 0.0813, 'expert_load_cv': 0.1678, 'min_expert_frac': 0.0118, 'dead_experts': 0, 'peak_vram_gb': 13.5539}
{'step': 2420, 'tokens': 634388480, 'lm_loss': 3.6397, 'aux_loss': 1.983, 'z_loss': 0.0028, 'grad_norm': 0.4102, 'lr': 0.0001, 'tokens_per_sec': 262250.2512, 'mfu': 0.0812, 'expert_load_cv': 0.1653, 'min_expert_frac': 0.0123, 'dead_experts': 0, 'peak_vram_gb': 13.5539}
{'step': 2430, 'tokens': 637009920, 'lm_loss': 3.6651, 'aux_loss': 1.9874, 'z_loss': 0.0027, 'grad_norm': 0.4023, 'lr': 0.0001, 'tokens_per_sec': 262250.7461, 'mfu': 0.0812, 'expert_load_cv': 0.1693, 'min_expert_frac': 0.0123, 'dead_experts': 0, 'peak_vram_gb': 13.5539}
{'step': 2440, 'tokens': 639631360, 'lm_loss': 3.7244, 'aux_loss': 1.9783, 'z_loss': 0.0027, 'grad_norm': 0.4141, 'lr': 0.0001, 'tokens_per_sec': 262241.1491, 'mfu': 0.0812, 'expert_load_cv': 0.1664, 'min_expert_frac': 0.0122, 'dead_experts': 0, 'peak_vram_gb': 13.5539}
{'step': 2450, 'tokens': 642252800, 'lm_loss': 3.6928, 'aux_loss': 1.9778, 'z_loss': 0.0027, 'grad_norm': 0.4414, 'lr': 0.0001, 'tokens_per_sec': 262238.2364, 'mfu': 0.0812, 'expert_load_cv': 0.1651, 'min_expert_frac': 0.0121, 'dead_experts': 0, 'peak_vram_gb': 13.5539}
{'step': 2460, 'tokens': 644874240, 'lm_loss': 3.6233, 'aux_loss': 1.9804, 'z_loss': 0.0027, 'grad_norm': 0.4473, 'lr': 0.0001, 'tokens_per_sec': 262240.3338, 'mfu': 0.0812, 'expert_load_cv': 0.1645, 'min_expert_frac': 0.0121, 'dead_experts': 0, 'peak_vram_gb': 13.5539}
{'step': 2470, 'tokens': 647495680, 'lm_loss': 3.6396, 'aux_loss': 1.9837, 'z_loss': 0.0027, 'grad_norm': 0.3945, 'lr': 0.0001, 'tokens_per_sec': 262239.5047, 'mfu': 0.0812, 'expert_load_cv': 0.1655, 'min_expert_frac': 0.0124, 'dead_experts': 0, 'peak_vram_gb': 13.5539}
{'step': 2480, 'tokens': 650117120, 'lm_loss': 3.6141, 'aux_loss': 1.9856, 'z_loss': 0.0027, 'grad_norm': 0.3789, 'lr': 0.0001, 'tokens_per_sec': 262228.0254, 'mfu': 0.0812, 'expert_load_cv': 0.1643, 'min_expert_frac': 0.0124, 'dead_experts': 0, 'peak_vram_gb': 13.5539}
{'step': 2490, 'tokens': 652738560, 'lm_loss': 3.668, 'aux_loss': 1.9805, 'z_loss': 0.0027, 'grad_norm': 0.4512, 'lr': 0.0001, 'tokens_per_sec': 262222.1932, 'mfu': 0.0812, 'expert_load_cv': 0.1675, 'min_expert_frac': 0.0122, 'dead_experts': 0, 'peak_vram_gb': 13.5539}
{'step': 2500, 'tokens': 655360000, 'lm_loss': 3.6143, 'aux_loss': 1.9847, 'z_loss': 0.0027, 'grad_norm': 0.5234, 'lr': 0.0001, 'tokens_per_sec': 262220.9804, 'mfu': 0.0812, 'expert_load_cv': 0.167, 'min_expert_frac': 0.0124, 'dead_experts': 0, 'peak_vram_gb': 13.5539}
{'step': 2510, 'tokens': 657981440, 'lm_loss': 3.6468, 'aux_loss': 1.9822, 'z_loss': 0.0027, 'grad_norm': 0.4316, 'lr': 0.0001, 'tokens_per_sec': 262221.7638, 'mfu': 0.0812, 'expert_load_cv': 0.1673, 'min_expert_frac': 0.0123, 'dead_experts': 0, 'peak_vram_gb': 13.5539}
{'step': 2520, 'tokens': 660602880, 'lm_loss': 3.6535, 'aux_loss': 1.9857, 'z_loss': 0.0027, 'grad_norm': 0.416, 'lr': 0.0001, 'tokens_per_sec': 262221.0331, 'mfu': 0.0812, 'expert_load_cv': 0.1654, 'min_expert_frac': 0.0123, 'dead_experts': 0, 'peak_vram_gb': 13.5539}
{'step': 2530, 'tokens': 663224320, 'lm_loss': 3.6336, 'aux_loss': 1.9808, 'z_loss': 0.0027, 'grad_norm': 0.4629, 'lr': 0.0001, 'tokens_per_sec': 262222.5215, 'mfu': 0.0812, 'expert_load_cv': 0.1683, 'min_expert_frac': 0.0124, 'dead_experts': 0, 'peak_vram_gb': 13.5539}
{'step': 2540, 'tokens': 665845760, 'lm_loss': 3.6735, 'aux_loss': 1.9714, 'z_loss': 0.0026, 'grad_norm': 0.4082, 'lr': 0.0001, 'tokens_per_sec': 262224.2518, 'mfu': 0.0812, 'expert_load_cv': 0.1665, 'min_expert_frac': 0.0123, 'dead_experts': 0, 'peak_vram_gb': 13.5539}
{'step': 2550, 'tokens': 668467200, 'lm_loss': 3.7098, 'aux_loss': 1.9742, 'z_loss': 0.0027, 'grad_norm': 0.4062, 'lr': 0.0001, 'tokens_per_sec': 262227.9153, 'mfu': 0.0812, 'expert_load_cv': 0.163, 'min_expert_frac': 0.0121, 'dead_experts': 0, 'peak_vram_gb': 13.5539}
{'step': 2560, 'tokens': 671088640, 'lm_loss': 3.6935, 'aux_loss': 1.9733, 'z_loss': 0.0027, 'grad_norm': 0.3965, 'lr': 0.0001, 'tokens_per_sec': 262229.6484, 'mfu': 0.0812, 'expert_load_cv': 0.1655, 'min_expert_frac': 0.0124, 'dead_experts': 0, 'peak_vram_gb': 13.5539}
{'step': 2570, 'tokens': 673710080, 'lm_loss': 3.6224, 'aux_loss': 1.9874, 'z_loss': 0.0028, 'grad_norm': 0.4082, 'lr': 0.0001, 'tokens_per_sec': 262229.743, 'mfu': 0.0812, 'expert_load_cv': 0.1664, 'min_expert_frac': 0.0125, 'dead_experts': 0, 'peak_vram_gb': 13.5539}
{'step': 2580, 'tokens': 676331520, 'lm_loss': 3.6031, 'aux_loss': 1.9827, 'z_loss': 0.0027, 'grad_norm': 0.4199, 'lr': 0.0001, 'tokens_per_sec': 262225.5434, 'mfu': 0.0812, 'expert_load_cv': 0.1647, 'min_expert_frac': 0.0125, 'dead_experts': 0, 'peak_vram_gb': 13.5539}
{'step': 2590, 'tokens': 678952960, 'lm_loss': 3.6416, 'aux_loss': 1.9837, 'z_loss': 0.0027, 'grad_norm': 0.4043, 'lr': 0.0001, 'tokens_per_sec': 262227.151, 'mfu': 0.0812, 'expert_load_cv': 0.1678, 'min_expert_frac': 0.0123, 'dead_experts': 0, 'peak_vram_gb': 13.5539}
{'step': 2600, 'tokens': 681574400, 'lm_loss': 3.6665, 'aux_loss': 1.9839, 'z_loss': 0.0027, 'grad_norm': 0.377, 'lr': 0.0001, 'tokens_per_sec': 262225.9109, 'mfu': 0.0812, 'expert_load_cv': 0.1645, 'min_expert_frac': 0.0125, 'dead_experts': 0, 'peak_vram_gb': 13.5539}
{'step': 2610, 'tokens': 684195840, 'lm_loss': 3.6545, 'aux_loss': 1.9806, 'z_loss': 0.0027, 'grad_norm': 0.4414, 'lr': 0.0001, 'tokens_per_sec': 262225.5423, 'mfu': 0.0812, 'expert_load_cv': 0.1649, 'min_expert_frac': 0.0122, 'dead_experts': 0, 'peak_vram_gb': 13.5539}
{'step': 2620, 'tokens': 686817280, 'lm_loss': 3.6934, 'aux_loss': 1.9714, 'z_loss': 0.0027, 'grad_norm': 0.3594, 'lr': 0.0001, 'tokens_per_sec': 262223.8075, 'mfu': 0.0812, 'expert_load_cv': 0.1641, 'min_expert_frac': 0.0122, 'dead_experts': 0, 'peak_vram_gb': 13.5539}
{'step': 2630, 'tokens': 689438720, 'lm_loss': 3.6797, 'aux_loss': 1.9818, 'z_loss': 0.0027, 'grad_norm': 0.377, 'lr': 0.0001, 'tokens_per_sec': 262217.3931, 'mfu': 0.0812, 'expert_load_cv': 0.1667, 'min_expert_frac': 0.0123, 'dead_experts': 0, 'peak_vram_gb': 13.5539}
{'step': 2640, 'tokens': 692060160, 'lm_loss': 3.6203, 'aux_loss': 1.9847, 'z_loss': 0.0027, 'grad_norm': 0.4688, 'lr': 0.0001, 'tokens_per_sec': 262216.9531, 'mfu': 0.0812, 'expert_load_cv': 0.1658, 'min_expert_frac': 0.0125, 'dead_experts': 0, 'peak_vram_gb': 13.5539}
{'step': 2650, 'tokens': 694681600, 'lm_loss': 3.6375, 'aux_loss': 1.992, 'z_loss': 0.0027, 'grad_norm': 0.4277, 'lr': 0.0001, 'tokens_per_sec': 262218.9788, 'mfu': 0.0812, 'expert_load_cv': 0.1642, 'min_expert_frac': 0.0123, 'dead_experts': 0, 'peak_vram_gb': 13.5539}
{'step': 2660, 'tokens': 697303040, 'lm_loss': 3.6013, 'aux_loss': 1.9895, 'z_loss': 0.0027, 'grad_norm': 0.3887, 'lr': 0.0001, 'tokens_per_sec': 262219.0043, 'mfu': 0.0812, 'expert_load_cv': 0.1652, 'min_expert_frac': 0.0122, 'dead_experts': 0, 'peak_vram_gb': 13.5539}
{'step': 2670, 'tokens': 699924480, 'lm_loss': 3.6426, 'aux_loss': 1.9799, 'z_loss': 0.0027, 'grad_norm': 0.4043, 'lr': 0.0001, 'tokens_per_sec': 262221.9162, 'mfu': 0.0812, 'expert_load_cv': 0.1667, 'min_expert_frac': 0.0123, 'dead_experts': 0, 'peak_vram_gb': 13.5539}
{'step': 2680, 'tokens': 702545920, 'lm_loss': 3.6078, 'aux_loss': 1.9774, 'z_loss': 0.0027, 'grad_norm': 0.3613, 'lr': 0.0001, 'tokens_per_sec': 262219.1979, 'mfu': 0.0812, 'expert_load_cv': 0.1663, 'min_expert_frac': 0.0123, 'dead_experts': 0, 'peak_vram_gb': 13.5539}
{'step': 2690, 'tokens': 705167360, 'lm_loss': 3.6105, 'aux_loss': 1.9859, 'z_loss': 0.0027, 'grad_norm': 0.4082, 'lr': 0.0001, 'tokens_per_sec': 262214.9944, 'mfu': 0.0812, 'expert_load_cv': 0.1659, 'min_expert_frac': 0.0123, 'dead_experts': 0, 'peak_vram_gb': 13.5539}
{'step': 2700, 'tokens': 707788800, 'lm_loss': 3.6684, 'aux_loss': 1.9798, 'z_loss': 0.0026, 'grad_norm': 0.4238, 'lr': 0.0001, 'tokens_per_sec': 262210.9366, 'mfu': 0.0812, 'expert_load_cv': 0.1648, 'min_expert_frac': 0.0124, 'dead_experts': 0, 'peak_vram_gb': 13.5539}
{'step': 2710, 'tokens': 710410240, 'lm_loss': 3.6268, 'aux_loss': 1.9811, 'z_loss': 0.0027, 'grad_norm': 0.3652, 'lr': 0.0001, 'tokens_per_sec': 262207.9545, 'mfu': 0.0812, 'expert_load_cv': 0.1644, 'min_expert_frac': 0.0122, 'dead_experts': 0, 'peak_vram_gb': 13.5539}
{'step': 2720, 'tokens': 713031680, 'lm_loss': 3.6388, 'aux_loss': 1.9795, 'z_loss': 0.0027, 'grad_norm': 0.3789, 'lr': 0.0001, 'tokens_per_sec': 262203.7322, 'mfu': 0.0812, 'expert_load_cv': 0.1631, 'min_expert_frac': 0.0124, 'dead_experts': 0, 'peak_vram_gb': 13.5539}
{'step': 2730, 'tokens': 715653120, 'lm_loss': 3.6546, 'aux_loss': 1.9771, 'z_loss': 0.0027, 'grad_norm': 0.4707, 'lr': 0.0001, 'tokens_per_sec': 262201.3278, 'mfu': 0.0812, 'expert_load_cv': 0.1671, 'min_expert_frac': 0.0122, 'dead_experts': 0, 'peak_vram_gb': 13.5539}
{'step': 2740, 'tokens': 718274560, 'lm_loss': 3.6616, 'aux_loss': 1.9696, 'z_loss': 0.0026, 'grad_norm': 0.3516, 'lr': 0.0001, 'tokens_per_sec': 262199.8127, 'mfu': 0.0812, 'expert_load_cv': 0.1639, 'min_expert_frac': 0.0122, 'dead_experts': 0, 'peak_vram_gb': 13.5539}
{'step': 2750, 'tokens': 720896000, 'lm_loss': 3.5867, 'aux_loss': 1.9863, 'z_loss': 0.0027, 'grad_norm': 0.3457, 'lr': 0.0001, 'tokens_per_sec': 262196.664, 'mfu': 0.0812, 'expert_load_cv': 0.1629, 'min_expert_frac': 0.0122, 'dead_experts': 0, 'peak_vram_gb': 13.5539}
{'step': 2760, 'tokens': 723517440, 'lm_loss': 3.648, 'aux_loss': 1.9812, 'z_loss': 0.0027, 'grad_norm': 0.3555, 'lr': 0.0001, 'tokens_per_sec': 262196.3421, 'mfu': 0.0812, 'expert_load_cv': 0.1644, 'min_expert_frac': 0.0125, 'dead_experts': 0, 'peak_vram_gb': 13.5539}
{'step': 2770, 'tokens': 726138880, 'lm_loss': 3.6337, 'aux_loss': 1.9793, 'z_loss': 0.0026, 'grad_norm': 0.3516, 'lr': 0.0001, 'tokens_per_sec': 262183.6165, 'mfu': 0.0812, 'expert_load_cv': 0.1677, 'min_expert_frac': 0.0121, 'dead_experts': 0, 'peak_vram_gb': 13.5539}
{'step': 2780, 'tokens': 728760320, 'lm_loss': 3.667, 'aux_loss': 1.9741, 'z_loss': 0.0026, 'grad_norm': 0.3477, 'lr': 0.0001, 'tokens_per_sec': 262185.0998, 'mfu': 0.0812, 'expert_load_cv': 0.1648, 'min_expert_frac': 0.0124, 'dead_experts': 0, 'peak_vram_gb': 13.5539}
{'step': 2790, 'tokens': 731381760, 'lm_loss': 3.6529, 'aux_loss': 1.9792, 'z_loss': 0.0026, 'grad_norm': 0.4023, 'lr': 0.0001, 'tokens_per_sec': 262185.3754, 'mfu': 0.0812, 'expert_load_cv': 0.1649, 'min_expert_frac': 0.0122, 'dead_experts': 0, 'peak_vram_gb': 13.5539}
{'step': 2800, 'tokens': 734003200, 'lm_loss': 3.6502, 'aux_loss': 1.9796, 'z_loss': 0.0026, 'grad_norm': 0.4023, 'lr': 0.0001, 'tokens_per_sec': 262188.0816, 'mfu': 0.0812, 'expert_load_cv': 0.1631, 'min_expert_frac': 0.0124, 'dead_experts': 0, 'peak_vram_gb': 13.5539}
{'step': 2810, 'tokens': 736624640, 'lm_loss': 3.6737, 'aux_loss': 1.98, 'z_loss': 0.0026, 'grad_norm': 0.3926, 'lr': 0.0001, 'tokens_per_sec': 262191.142, 'mfu': 0.0812, 'expert_load_cv': 0.1663, 'min_expert_frac': 0.0119, 'dead_experts': 0, 'peak_vram_gb': 13.5539}
{'step': 2820, 'tokens': 739246080, 'lm_loss': 3.6064, 'aux_loss': 1.9938, 'z_loss': 0.0027, 'grad_norm': 0.3984, 'lr': 0.0001, 'tokens_per_sec': 262195.4134, 'mfu': 0.0812, 'expert_load_cv': 0.1642, 'min_expert_frac': 0.0125, 'dead_experts': 0, 'peak_vram_gb': 13.5539}
{'step': 2830, 'tokens': 741867520, 'lm_loss': 3.6021, 'aux_loss': 1.9809, 'z_loss': 0.0026, 'grad_norm': 0.3418, 'lr': 0.0001, 'tokens_per_sec': 262196.2286, 'mfu': 0.0812, 'expert_load_cv': 0.1656, 'min_expert_frac': 0.0124, 'dead_experts': 0, 'peak_vram_gb': 13.5539}
{'step': 2840, 'tokens': 744488960, 'lm_loss': 3.613, 'aux_loss': 1.991, 'z_loss': 0.0027, 'grad_norm': 0.3906, 'lr': 0.0001, 'tokens_per_sec': 262193.2357, 'mfu': 0.0812, 'expert_load_cv': 0.165, 'min_expert_frac': 0.0124, 'dead_experts': 0, 'peak_vram_gb': 13.5539}
{'step': 2850, 'tokens': 747110400, 'lm_loss': 3.6862, 'aux_loss': 1.9768, 'z_loss': 0.0026, 'grad_norm': 0.3555, 'lr': 0.0001, 'tokens_per_sec': 262194.6924, 'mfu': 0.0812, 'expert_load_cv': 0.1644, 'min_expert_frac': 0.0122, 'dead_experts': 0, 'peak_vram_gb': 13.5539}
{'step': 2860, 'tokens': 749731840, 'lm_loss': 3.6818, 'aux_loss': 1.9768, 'z_loss': 0.0026, 'grad_norm': 0.3789, 'lr': 0.0001, 'tokens_per_sec': 262192.0178, 'mfu': 0.0812, 'expert_load_cv': 0.1648, 'min_expert_frac': 0.0124, 'dead_experts': 0, 'peak_vram_gb': 13.5539}
Writing model shards:   0%|          | 0/1 [00:00<?, ?it/s]Writing model shards: 100%|██████████| 1/1 [00:00<00:00,  1.99it/s]Writing model shards: 100%|██████████| 1/1 [00:00<00:00,  1.99it/s]
  saved runs/seedvar_E64_s2/step2860
{'step': 2870, 'tokens': 752353280, 'lm_loss': 3.6821, 'aux_loss': 1.9796, 'z_loss': 0.0026, 'grad_norm': 0.3574, 'lr': 0.0001, 'tokens_per_sec': 262142.8281, 'mfu': 0.0812, 'expert_load_cv': 0.164, 'min_expert_frac': 0.0126, 'dead_experts': 0, 'peak_vram_gb': 13.5539}
{'step': 2880, 'tokens': 754974720, 'lm_loss': 3.6973, 'aux_loss': 1.9769, 'z_loss': 0.0026, 'grad_norm': 0.3555, 'lr': 0.0001, 'tokens_per_sec': 262141.1332, 'mfu': 0.0812, 'expert_load_cv': 0.1651, 'min_expert_frac': 0.0123, 'dead_experts': 0, 'peak_vram_gb': 13.5539}
{'step': 2890, 'tokens': 757596160, 'lm_loss': 3.5767, 'aux_loss': 1.9874, 'z_loss': 0.0026, 'grad_norm': 0.4121, 'lr': 0.0001, 'tokens_per_sec': 262141.4824, 'mfu': 0.0812, 'expert_load_cv': 0.1639, 'min_expert_frac': 0.0122, 'dead_experts': 0, 'peak_vram_gb': 13.5539}
{'step': 2900, 'tokens': 760217600, 'lm_loss': 3.5999, 'aux_loss': 1.9813, 'z_loss': 0.0026, 'grad_norm': 0.3574, 'lr': 0.0001, 'tokens_per_sec': 262144.0494, 'mfu': 0.0812, 'expert_load_cv': 0.1647, 'min_expert_frac': 0.0124, 'dead_experts': 0, 'peak_vram_gb': 13.5539}
{'step': 2910, 'tokens': 762839040, 'lm_loss': 3.5913, 'aux_loss': 1.9788, 'z_loss': 0.0026, 'grad_norm': 0.3828, 'lr': 0.0001, 'tokens_per_sec': 262145.9312, 'mfu': 0.0812, 'expert_load_cv': 0.1662, 'min_expert_frac': 0.0122, 'dead_experts': 0, 'peak_vram_gb': 13.5539}
{'step': 2920, 'tokens': 765460480, 'lm_loss': 3.5964, 'aux_loss': 1.9856, 'z_loss': 0.0026, 'grad_norm': 0.375, 'lr': 0.0001, 'tokens_per_sec': 262142.7489, 'mfu': 0.0812, 'expert_load_cv': 0.1629, 'min_expert_frac': 0.0124, 'dead_experts': 0, 'peak_vram_gb': 13.5539}
{'step': 2930, 'tokens': 768081920, 'lm_loss': 3.6615, 'aux_loss': 1.9743, 'z_loss': 0.0026, 'grad_norm': 0.3633, 'lr': 0.0001, 'tokens_per_sec': 262141.1484, 'mfu': 0.0812, 'expert_load_cv': 0.1644, 'min_expert_frac': 0.0124, 'dead_experts': 0, 'peak_vram_gb': 13.5539}
{'step': 2940, 'tokens': 770703360, 'lm_loss': 3.6947, 'aux_loss': 1.9789, 'z_loss': 0.0026, 'grad_norm': 0.3867, 'lr': 0.0001, 'tokens_per_sec': 262139.0647, 'mfu': 0.0812, 'expert_load_cv': 0.1635, 'min_expert_frac': 0.0123, 'dead_experts': 0, 'peak_vram_gb': 13.5539}
{'step': 2950, 'tokens': 773324800, 'lm_loss': 3.6637, 'aux_loss': 1.9781, 'z_loss': 0.0026, 'grad_norm': 0.332, 'lr': 0.0001, 'tokens_per_sec': 262136.7701, 'mfu': 0.0812, 'expert_load_cv': 0.1662, 'min_expert_frac': 0.012, 'dead_experts': 0, 'peak_vram_gb': 13.5539}
{'step': 2960, 'tokens': 775946240, 'lm_loss': 3.6166, 'aux_loss': 1.9772, 'z_loss': 0.0027, 'grad_norm': 0.3672, 'lr': 0.0, 'tokens_per_sec': 262133.9024, 'mfu': 0.0812, 'expert_load_cv': 0.1637, 'min_expert_frac': 0.0123, 'dead_experts': 0, 'peak_vram_gb': 13.5539}
{'step': 2970, 'tokens': 778567680, 'lm_loss': 3.6293, 'aux_loss': 1.9784, 'z_loss': 0.0026, 'grad_norm': 0.3379, 'lr': 0.0, 'tokens_per_sec': 262133.4516, 'mfu': 0.0812, 'expert_load_cv': 0.1653, 'min_expert_frac': 0.0121, 'dead_experts': 0, 'peak_vram_gb': 13.5539}
{'step': 2980, 'tokens': 781189120, 'lm_loss': 3.6557, 'aux_loss': 1.9786, 'z_loss': 0.0026, 'grad_norm': 0.332, 'lr': 0.0, 'tokens_per_sec': 262136.2086, 'mfu': 0.0812, 'expert_load_cv': 0.1626, 'min_expert_frac': 0.0123, 'dead_experts': 0, 'peak_vram_gb': 13.5539}
{'step': 2990, 'tokens': 783810560, 'lm_loss': 3.6039, 'aux_loss': 1.9866, 'z_loss': 0.0026, 'grad_norm': 0.3184, 'lr': 0.0, 'tokens_per_sec': 262134.0586, 'mfu': 0.0812, 'expert_load_cv': 0.1649, 'min_expert_frac': 0.0122, 'dead_experts': 0, 'peak_vram_gb': 13.5539}
{'step': 3000, 'tokens': 786432000, 'lm_loss': 3.642, 'aux_loss': 1.9772, 'z_loss': 0.0026, 'grad_norm': 0.3691, 'lr': 0.0, 'tokens_per_sec': 262134.4076, 'mfu': 0.0812, 'expert_load_cv': 0.1643, 'min_expert_frac': 0.0124, 'dead_experts': 0, 'peak_vram_gb': 13.5539}
{'step': 3010, 'tokens': 789053440, 'lm_loss': 3.577, 'aux_loss': 1.9912, 'z_loss': 0.0026, 'grad_norm': 0.3398, 'lr': 0.0, 'tokens_per_sec': 262137.5745, 'mfu': 0.0812, 'expert_load_cv': 0.1623, 'min_expert_frac': 0.0121, 'dead_experts': 0, 'peak_vram_gb': 13.5539}
{'step': 3020, 'tokens': 791674880, 'lm_loss': 3.6101, 'aux_loss': 1.986, 'z_loss': 0.0026, 'grad_norm': 0.3496, 'lr': 0.0, 'tokens_per_sec': 262135.9343, 'mfu': 0.0812, 'expert_load_cv': 0.1635, 'min_expert_frac': 0.0125, 'dead_experts': 0, 'peak_vram_gb': 13.5539}
{'step': 3030, 'tokens': 794296320, 'lm_loss': 3.6128, 'aux_loss': 1.9849, 'z_loss': 0.0026, 'grad_norm': 0.3164, 'lr': 0.0, 'tokens_per_sec': 262132.368, 'mfu': 0.0812, 'expert_load_cv': 0.1645, 'min_expert_frac': 0.0122, 'dead_experts': 0, 'peak_vram_gb': 13.5539}
{'step': 3040, 'tokens': 796917760, 'lm_loss': 3.6226, 'aux_loss': 1.9861, 'z_loss': 0.0026, 'grad_norm': 0.334, 'lr': 0.0, 'tokens_per_sec': 262127.3812, 'mfu': 0.0812, 'expert_load_cv': 0.1631, 'min_expert_frac': 0.0122, 'dead_experts': 0, 'peak_vram_gb': 13.5539}
{'step': 3050, 'tokens': 799539200, 'lm_loss': 3.5973, 'aux_loss': 1.9859, 'z_loss': 0.0026, 'grad_norm': 0.3438, 'lr': 0.0, 'tokens_per_sec': 262124.5262, 'mfu': 0.0812, 'expert_load_cv': 0.1634, 'min_expert_frac': 0.0125, 'dead_experts': 0, 'peak_vram_gb': 13.5539}
{'step': 3060, 'tokens': 802160640, 'lm_loss': 3.6504, 'aux_loss': 1.9789, 'z_loss': 0.0026, 'grad_norm': 0.3164, 'lr': 0.0, 'tokens_per_sec': 262121.0989, 'mfu': 0.0812, 'expert_load_cv': 0.1642, 'min_expert_frac': 0.0125, 'dead_experts': 0, 'peak_vram_gb': 13.5539}
{'step': 3070, 'tokens': 804782080, 'lm_loss': 3.5679, 'aux_loss': 1.9909, 'z_loss': 0.0026, 'grad_norm': 0.3145, 'lr': 0.0, 'tokens_per_sec': 262114.4065, 'mfu': 0.0812, 'expert_load_cv': 0.1649, 'min_expert_frac': 0.0124, 'dead_experts': 0, 'peak_vram_gb': 13.5539}
{'step': 3080, 'tokens': 807403520, 'lm_loss': 3.6853, 'aux_loss': 1.9788, 'z_loss': 0.0026, 'grad_norm': 0.332, 'lr': 0.0, 'tokens_per_sec': 262113.3653, 'mfu': 0.0812, 'expert_load_cv': 0.165, 'min_expert_frac': 0.0122, 'dead_experts': 0, 'peak_vram_gb': 13.5539}
{'step': 3090, 'tokens': 810024960, 'lm_loss': 3.6144, 'aux_loss': 1.9777, 'z_loss': 0.0026, 'grad_norm': 0.3223, 'lr': 0.0, 'tokens_per_sec': 262114.6784, 'mfu': 0.0812, 'expert_load_cv': 0.1649, 'min_expert_frac': 0.0124, 'dead_experts': 0, 'peak_vram_gb': 13.5539}
{'step': 3100, 'tokens': 812646400, 'lm_loss': 3.6454, 'aux_loss': 1.9848, 'z_loss': 0.0026, 'grad_norm': 0.3301, 'lr': 0.0, 'tokens_per_sec': 262112.2362, 'mfu': 0.0812, 'expert_load_cv': 0.1655, 'min_expert_frac': 0.0124, 'dead_experts': 0, 'peak_vram_gb': 13.5539}
{'step': 3110, 'tokens': 815267840, 'lm_loss': 3.6224, 'aux_loss': 1.9871, 'z_loss': 0.0026, 'grad_norm': 0.3359, 'lr': 0.0, 'tokens_per_sec': 262113.0972, 'mfu': 0.0812, 'expert_load_cv': 0.164, 'min_expert_frac': 0.0122, 'dead_experts': 0, 'peak_vram_gb': 13.5539}
{'step': 3120, 'tokens': 817889280, 'lm_loss': 3.5861, 'aux_loss': 1.9813, 'z_loss': 0.0026, 'grad_norm': 0.332, 'lr': 0.0, 'tokens_per_sec': 262114.5673, 'mfu': 0.0812, 'expert_load_cv': 0.1638, 'min_expert_frac': 0.0124, 'dead_experts': 0, 'peak_vram_gb': 13.5539}
{'step': 3130, 'tokens': 820510720, 'lm_loss': 3.6153, 'aux_loss': 1.9905, 'z_loss': 0.0026, 'grad_norm': 0.3359, 'lr': 0.0, 'tokens_per_sec': 262118.8251, 'mfu': 0.0812, 'expert_load_cv': 0.1641, 'min_expert_frac': 0.0123, 'dead_experts': 0, 'peak_vram_gb': 13.5539}
{'step': 3140, 'tokens': 823132160, 'lm_loss': 3.6092, 'aux_loss': 1.9816, 'z_loss': 0.0026, 'grad_norm': 0.3125, 'lr': 0.0, 'tokens_per_sec': 262117.9942, 'mfu': 0.0812, 'expert_load_cv': 0.1639, 'min_expert_frac': 0.0125, 'dead_experts': 0, 'peak_vram_gb': 13.5539}
{'step': 3150, 'tokens': 825753600, 'lm_loss': 3.638, 'aux_loss': 1.9769, 'z_loss': 0.0026, 'grad_norm': 0.3203, 'lr': 0.0, 'tokens_per_sec': 262117.6018, 'mfu': 0.0812, 'expert_load_cv': 0.1641, 'min_expert_frac': 0.0125, 'dead_experts': 0, 'peak_vram_gb': 13.5539}
{'step': 3160, 'tokens': 828375040, 'lm_loss': 3.6008, 'aux_loss': 1.9751, 'z_loss': 0.0026, 'grad_norm': 0.3203, 'lr': 0.0, 'tokens_per_sec': 262114.454, 'mfu': 0.0812, 'expert_load_cv': 0.1637, 'min_expert_frac': 0.0124, 'dead_experts': 0, 'peak_vram_gb': 13.5539}
{'step': 3170, 'tokens': 830996480, 'lm_loss': 3.5873, 'aux_loss': 1.9838, 'z_loss': 0.0026, 'grad_norm': 0.3145, 'lr': 0.0, 'tokens_per_sec': 262113.8691, 'mfu': 0.0812, 'expert_load_cv': 0.1637, 'min_expert_frac': 0.0124, 'dead_experts': 0, 'peak_vram_gb': 13.5539}
{'step': 3180, 'tokens': 833617920, 'lm_loss': 3.667, 'aux_loss': 1.9856, 'z_loss': 0.0026, 'grad_norm': 0.3359, 'lr': 0.0, 'tokens_per_sec': 262111.7366, 'mfu': 0.0812, 'expert_load_cv': 0.1631, 'min_expert_frac': 0.0124, 'dead_experts': 0, 'peak_vram_gb': 13.5539}
{'step': 3190, 'tokens': 836239360, 'lm_loss': 3.5927, 'aux_loss': 1.9809, 'z_loss': 0.0026, 'grad_norm': 0.3066, 'lr': 0.0, 'tokens_per_sec': 262111.803, 'mfu': 0.0812, 'expert_load_cv': 0.1637, 'min_expert_frac': 0.0124, 'dead_experts': 0, 'peak_vram_gb': 13.5539}
{'step': 3200, 'tokens': 838860800, 'lm_loss': 3.5876, 'aux_loss': 1.9841, 'z_loss': 0.0026, 'grad_norm': 0.3086, 'lr': 0.0, 'tokens_per_sec': 262111.8693, 'mfu': 0.0812, 'expert_load_cv': 0.1624, 'min_expert_frac': 0.0122, 'dead_experts': 0, 'peak_vram_gb': 13.5539}
{'step': 3210, 'tokens': 841482240, 'lm_loss': 3.6994, 'aux_loss': 1.9798, 'z_loss': 0.0026, 'grad_norm': 0.3262, 'lr': 0.0, 'tokens_per_sec': 262104.5069, 'mfu': 0.0812, 'expert_load_cv': 0.1628, 'min_expert_frac': 0.0124, 'dead_experts': 0, 'peak_vram_gb': 13.5539}
{'step': 3220, 'tokens': 844103680, 'lm_loss': 3.6165, 'aux_loss': 1.9811, 'z_loss': 0.0026, 'grad_norm': 0.3027, 'lr': 0.0, 'tokens_per_sec': 262099.4716, 'mfu': 0.0812, 'expert_load_cv': 0.1641, 'min_expert_frac': 0.0125, 'dead_experts': 0, 'peak_vram_gb': 13.5539}
{'step': 3230, 'tokens': 846725120, 'lm_loss': 3.6178, 'aux_loss': 1.9831, 'z_loss': 0.0027, 'grad_norm': 0.3203, 'lr': 0.0, 'tokens_per_sec': 262098.0063, 'mfu': 0.0812, 'expert_load_cv': 0.1633, 'min_expert_frac': 0.0123, 'dead_experts': 0, 'peak_vram_gb': 13.5539}
{'step': 3240, 'tokens': 849346560, 'lm_loss': 3.5909, 'aux_loss': 1.9901, 'z_loss': 0.0026, 'grad_norm': 0.3047, 'lr': 0.0, 'tokens_per_sec': 262099.3724, 'mfu': 0.0812, 'expert_load_cv': 0.164, 'min_expert_frac': 0.0125, 'dead_experts': 0, 'peak_vram_gb': 13.5539}
{'step': 3250, 'tokens': 851968000, 'lm_loss': 3.5868, 'aux_loss': 1.9764, 'z_loss': 0.0026, 'grad_norm': 0.2969, 'lr': 0.0, 'tokens_per_sec': 262104.1797, 'mfu': 0.0812, 'expert_load_cv': 0.1648, 'min_expert_frac': 0.0122, 'dead_experts': 0, 'peak_vram_gb': 13.5539}
{'step': 3260, 'tokens': 854589440, 'lm_loss': 3.6169, 'aux_loss': 1.9774, 'z_loss': 0.0026, 'grad_norm': 0.3184, 'lr': 0.0, 'tokens_per_sec': 262102.4763, 'mfu': 0.0812, 'expert_load_cv': 0.1631, 'min_expert_frac': 0.0124, 'dead_experts': 0, 'peak_vram_gb': 13.5539}
{'step': 3270, 'tokens': 857210880, 'lm_loss': 3.6023, 'aux_loss': 1.981, 'z_loss': 0.0026, 'grad_norm': 0.3066, 'lr': 0.0, 'tokens_per_sec': 262101.234, 'mfu': 0.0812, 'expert_load_cv': 0.1636, 'min_expert_frac': 0.0123, 'dead_experts': 0, 'peak_vram_gb': 13.5539}
{'step': 3280, 'tokens': 859832320, 'lm_loss': 3.638, 'aux_loss': 1.9848, 'z_loss': 0.0026, 'grad_norm': 0.3184, 'lr': 0.0, 'tokens_per_sec': 262100.726, 'mfu': 0.0812, 'expert_load_cv': 0.1647, 'min_expert_frac': 0.0125, 'dead_experts': 0, 'peak_vram_gb': 13.5539}
{'step': 3290, 'tokens': 862453760, 'lm_loss': 3.6521, 'aux_loss': 1.975, 'z_loss': 0.0026, 'grad_norm': 0.3262, 'lr': 0.0, 'tokens_per_sec': 262097.8098, 'mfu': 0.0812, 'expert_load_cv': 0.1636, 'min_expert_frac': 0.0125, 'dead_experts': 0, 'peak_vram_gb': 13.5539}
{'step': 3300, 'tokens': 865075200, 'lm_loss': 3.6274, 'aux_loss': 1.9777, 'z_loss': 0.0026, 'grad_norm': 0.3066, 'lr': 0.0, 'tokens_per_sec': 262095.9386, 'mfu': 0.0812, 'expert_load_cv': 0.164, 'min_expert_frac': 0.0125, 'dead_experts': 0, 'peak_vram_gb': 13.5539}
{'step': 3310, 'tokens': 867696640, 'lm_loss': 3.6272, 'aux_loss': 1.9773, 'z_loss': 0.0026, 'grad_norm': 0.3145, 'lr': 0.0, 'tokens_per_sec': 262097.6759, 'mfu': 0.0812, 'expert_load_cv': 0.1635, 'min_expert_frac': 0.0125, 'dead_experts': 0, 'peak_vram_gb': 13.5539}
{'step': 3320, 'tokens': 870318080, 'lm_loss': 3.6175, 'aux_loss': 1.9896, 'z_loss': 0.0026, 'grad_norm': 0.3555, 'lr': 0.0, 'tokens_per_sec': 262099.2285, 'mfu': 0.0812, 'expert_load_cv': 0.1647, 'min_expert_frac': 0.0125, 'dead_experts': 0, 'peak_vram_gb': 13.5539}
{'step': 3330, 'tokens': 872939520, 'lm_loss': 3.6021, 'aux_loss': 1.986, 'z_loss': 0.0026, 'grad_norm': 0.3027, 'lr': 0.0, 'tokens_per_sec': 262102.0902, 'mfu': 0.0812, 'expert_load_cv': 0.1627, 'min_expert_frac': 0.0124, 'dead_experts': 0, 'peak_vram_gb': 13.5539}
{'step': 3340, 'tokens': 875560960, 'lm_loss': 3.5218, 'aux_loss': 1.9948, 'z_loss': 0.0026, 'grad_norm': 0.3027, 'lr': 0.0, 'tokens_per_sec': 262102.867, 'mfu': 0.0812, 'expert_load_cv': 0.1643, 'min_expert_frac': 0.0123, 'dead_experts': 0, 'peak_vram_gb': 13.5539}
{'step': 3350, 'tokens': 878182400, 'lm_loss': 3.6248, 'aux_loss': 1.9772, 'z_loss': 0.0026, 'grad_norm': 0.3125, 'lr': 0.0, 'tokens_per_sec': 262103.958, 'mfu': 0.0812, 'expert_load_cv': 0.1653, 'min_expert_frac': 0.0123, 'dead_experts': 0, 'peak_vram_gb': 13.5539}
{'step': 3360, 'tokens': 880803840, 'lm_loss': 3.6134, 'aux_loss': 1.9793, 'z_loss': 0.0026, 'grad_norm': 0.293, 'lr': 0.0, 'tokens_per_sec': 262101.1976, 'mfu': 0.0812, 'expert_load_cv': 0.1642, 'min_expert_frac': 0.0123, 'dead_experts': 0, 'peak_vram_gb': 13.5539}
{'step': 3370, 'tokens': 883425280, 'lm_loss': 3.6238, 'aux_loss': 1.9819, 'z_loss': 0.0026, 'grad_norm': 0.3066, 'lr': 0.0, 'tokens_per_sec': 262100.7931, 'mfu': 0.0812, 'expert_load_cv': 0.1617, 'min_expert_frac': 0.0123, 'dead_experts': 0, 'peak_vram_gb': 13.5539}
{'step': 3380, 'tokens': 886046720, 'lm_loss': 3.5856, 'aux_loss': 1.9813, 'z_loss': 0.0026, 'grad_norm': 0.2969, 'lr': 0.0, 'tokens_per_sec': 262101.2687, 'mfu': 0.0812, 'expert_load_cv': 0.163, 'min_expert_frac': 0.0125, 'dead_experts': 0, 'peak_vram_gb': 13.5539}
{'step': 3390, 'tokens': 888668160, 'lm_loss': 3.6371, 'aux_loss': 1.991, 'z_loss': 0.0027, 'grad_norm': 0.3047, 'lr': 0.0, 'tokens_per_sec': 262098.2225, 'mfu': 0.0812, 'expert_load_cv': 0.1647, 'min_expert_frac': 0.0124, 'dead_experts': 0, 'peak_vram_gb': 13.5539}
{'step': 3400, 'tokens': 891289600, 'lm_loss': 3.5396, 'aux_loss': 1.9941, 'z_loss': 0.0026, 'grad_norm': 0.3711, 'lr': 0.0, 'tokens_per_sec': 262096.0828, 'mfu': 0.0812, 'expert_load_cv': 0.1613, 'min_expert_frac': 0.0124, 'dead_experts': 0, 'peak_vram_gb': 13.5539}
{'step': 3410, 'tokens': 893911040, 'lm_loss': 3.583, 'aux_loss': 1.9849, 'z_loss': 0.0026, 'grad_norm': 0.3105, 'lr': 0.0, 'tokens_per_sec': 262094.3531, 'mfu': 0.0812, 'expert_load_cv': 0.1636, 'min_expert_frac': 0.0123, 'dead_experts': 0, 'peak_vram_gb': 13.5539}
{'step': 3420, 'tokens': 896532480, 'lm_loss': 3.6493, 'aux_loss': 1.9759, 'z_loss': 0.0026, 'grad_norm': 0.3066, 'lr': 0.0, 'tokens_per_sec': 262092.4422, 'mfu': 0.0812, 'expert_load_cv': 0.1624, 'min_expert_frac': 0.0125, 'dead_experts': 0, 'peak_vram_gb': 13.5539}
{'step': 3430, 'tokens': 899153920, 'lm_loss': 3.6168, 'aux_loss': 1.9799, 'z_loss': 0.0026, 'grad_norm': 0.3008, 'lr': 0.0, 'tokens_per_sec': 262093.3846, 'mfu': 0.0812, 'expert_load_cv': 0.1628, 'min_expert_frac': 0.0123, 'dead_experts': 0, 'peak_vram_gb': 13.5539}
{'step': 3440, 'tokens': 901775360, 'lm_loss': 3.5519, 'aux_loss': 1.9873, 'z_loss': 0.0026, 'grad_norm': 0.2988, 'lr': 0.0, 'tokens_per_sec': 262092.5938, 'mfu': 0.0812, 'expert_load_cv': 0.1628, 'min_expert_frac': 0.0123, 'dead_experts': 0, 'peak_vram_gb': 13.5539}
{'step': 3450, 'tokens': 904396800, 'lm_loss': 3.6052, 'aux_loss': 1.9772, 'z_loss': 0.0026, 'grad_norm': 0.293, 'lr': 0.0, 'tokens_per_sec': 262080.9449, 'mfu': 0.0812, 'expert_load_cv': 0.1643, 'min_expert_frac': 0.0124, 'dead_experts': 0, 'peak_vram_gb': 13.5539}
{'step': 3460, 'tokens': 907018240, 'lm_loss': 3.6972, 'aux_loss': 1.9794, 'z_loss': 0.0026, 'grad_norm': 0.293, 'lr': 0.0, 'tokens_per_sec': 262083.2817, 'mfu': 0.0812, 'expert_load_cv': 0.1622, 'min_expert_frac': 0.0122, 'dead_experts': 0, 'peak_vram_gb': 13.5539}
{'step': 3470, 'tokens': 909639680, 'lm_loss': 3.6807, 'aux_loss': 1.9774, 'z_loss': 0.0027, 'grad_norm': 0.3301, 'lr': 0.0, 'tokens_per_sec': 262081.2676, 'mfu': 0.0812, 'expert_load_cv': 0.1625, 'min_expert_frac': 0.0124, 'dead_experts': 0, 'peak_vram_gb': 13.5539}
{'step': 3480, 'tokens': 912261120, 'lm_loss': 3.6556, 'aux_loss': 1.9857, 'z_loss': 0.0026, 'grad_norm': 0.2988, 'lr': 0.0, 'tokens_per_sec': 262082.695, 'mfu': 0.0812, 'expert_load_cv': 0.1625, 'min_expert_frac': 0.0124, 'dead_experts': 0, 'peak_vram_gb': 13.5539}
{'step': 3490, 'tokens': 914882560, 'lm_loss': 3.6405, 'aux_loss': 1.9815, 'z_loss': 0.0026, 'grad_norm': 0.3418, 'lr': 0.0, 'tokens_per_sec': 262082.2007, 'mfu': 0.0812, 'expert_load_cv': 0.1633, 'min_expert_frac': 0.0125, 'dead_experts': 0, 'peak_vram_gb': 13.5539}
{'step': 3500, 'tokens': 917504000, 'lm_loss': 3.6266, 'aux_loss': 1.9763, 'z_loss': 0.0026, 'grad_norm': 0.3027, 'lr': 0.0, 'tokens_per_sec': 262081.4247, 'mfu': 0.0812, 'expert_load_cv': 0.1636, 'min_expert_frac': 0.0124, 'dead_experts': 0, 'peak_vram_gb': 13.5539}
{'step': 3510, 'tokens': 920125440, 'lm_loss': 3.598, 'aux_loss': 1.9796, 'z_loss': 0.0026, 'grad_norm': 0.3086, 'lr': 0.0, 'tokens_per_sec': 262079.7909, 'mfu': 0.0812, 'expert_load_cv': 0.1633, 'min_expert_frac': 0.0126, 'dead_experts': 0, 'peak_vram_gb': 13.5539}
{'step': 3520, 'tokens': 922746880, 'lm_loss': 3.5679, 'aux_loss': 1.9854, 'z_loss': 0.0026, 'grad_norm': 0.3418, 'lr': 0.0, 'tokens_per_sec': 262079.5274, 'mfu': 0.0812, 'expert_load_cv': 0.1628, 'min_expert_frac': 0.0125, 'dead_experts': 0, 'peak_vram_gb': 13.5539}
{'step': 3530, 'tokens': 925368320, 'lm_loss': 3.6005, 'aux_loss': 1.9893, 'z_loss': 0.0026, 'grad_norm': 0.3223, 'lr': 0.0, 'tokens_per_sec': 262079.4678, 'mfu': 0.0812, 'expert_load_cv': 0.1623, 'min_expert_frac': 0.0123, 'dead_experts': 0, 'peak_vram_gb': 13.5539}
{'step': 3540, 'tokens': 927989760, 'lm_loss': 3.6088, 'aux_loss': 1.9824, 'z_loss': 0.0026, 'grad_norm': 0.3125, 'lr': 0.0, 'tokens_per_sec': 262077.7497, 'mfu': 0.0812, 'expert_load_cv': 0.1646, 'min_expert_frac': 0.0125, 'dead_experts': 0, 'peak_vram_gb': 13.5539}
{'step': 3550, 'tokens': 930611200, 'lm_loss': 3.6662, 'aux_loss': 1.9741, 'z_loss': 0.0026, 'grad_norm': 0.2988, 'lr': 0.0, 'tokens_per_sec': 262074.6519, 'mfu': 0.0812, 'expert_load_cv': 0.1665, 'min_expert_frac': 0.0121, 'dead_experts': 0, 'peak_vram_gb': 13.5539}
{'step': 3560, 'tokens': 933232640, 'lm_loss': 3.6397, 'aux_loss': 1.9775, 'z_loss': 0.0026, 'grad_norm': 0.2969, 'lr': 0.0, 'tokens_per_sec': 262075.7837, 'mfu': 0.0812, 'expert_load_cv': 0.1649, 'min_expert_frac': 0.0125, 'dead_experts': 0, 'peak_vram_gb': 13.5539}
{'step': 3570, 'tokens': 935854080, 'lm_loss': 3.5796, 'aux_loss': 1.9927, 'z_loss': 0.0026, 'grad_norm': 0.3203, 'lr': 0.0, 'tokens_per_sec': 262075.5875, 'mfu': 0.0812, 'expert_load_cv': 0.1637, 'min_expert_frac': 0.0125, 'dead_experts': 0, 'peak_vram_gb': 13.5539}
{'step': 3580, 'tokens': 938475520, 'lm_loss': 3.6077, 'aux_loss': 1.9845, 'z_loss': 0.0026, 'grad_norm': 0.3125, 'lr': 0.0, 'tokens_per_sec': 262074.6057, 'mfu': 0.0812, 'expert_load_cv': 0.1622, 'min_expert_frac': 0.0125, 'dead_experts': 0, 'peak_vram_gb': 13.5539}
{'step': 3590, 'tokens': 941096960, 'lm_loss': 3.6089, 'aux_loss': 1.9875, 'z_loss': 0.0026, 'grad_norm': 0.3184, 'lr': 0.0, 'tokens_per_sec': 262073.2033, 'mfu': 0.0812, 'expert_load_cv': 0.164, 'min_expert_frac': 0.0126, 'dead_experts': 0, 'peak_vram_gb': 13.5539}
{'step': 3600, 'tokens': 943718400, 'lm_loss': 3.6313, 'aux_loss': 1.9748, 'z_loss': 0.0026, 'grad_norm': 0.2891, 'lr': 0.0, 'tokens_per_sec': 262063.0683, 'mfu': 0.0812, 'expert_load_cv': 0.1644, 'min_expert_frac': 0.0124, 'dead_experts': 0, 'peak_vram_gb': 13.5539}
{'step': 3610, 'tokens': 946339840, 'lm_loss': 3.6394, 'aux_loss': 1.9877, 'z_loss': 0.0026, 'grad_norm': 0.2988, 'lr': 0.0, 'tokens_per_sec': 262059.5766, 'mfu': 0.0812, 'expert_load_cv': 0.1656, 'min_expert_frac': 0.0121, 'dead_experts': 0, 'peak_vram_gb': 13.5539}
{'step': 3620, 'tokens': 948961280, 'lm_loss': 3.6277, 'aux_loss': 1.9793, 'z_loss': 0.0026, 'grad_norm': 0.3086, 'lr': 0.0, 'tokens_per_sec': 262058.5197, 'mfu': 0.0812, 'expert_load_cv': 0.1626, 'min_expert_frac': 0.0124, 'dead_experts': 0, 'peak_vram_gb': 13.5539}
{'step': 3630, 'tokens': 951582720, 'lm_loss': 3.6435, 'aux_loss': 1.9817, 'z_loss': 0.0026, 'grad_norm': 0.2988, 'lr': 0.0, 'tokens_per_sec': 262060.1626, 'mfu': 0.0812, 'expert_load_cv': 0.1654, 'min_expert_frac': 0.0122, 'dead_experts': 0, 'peak_vram_gb': 13.5539}
{'step': 3640, 'tokens': 954204160, 'lm_loss': 3.625, 'aux_loss': 1.9862, 'z_loss': 0.0026, 'grad_norm': 0.3145, 'lr': 0.0, 'tokens_per_sec': 262057.5383, 'mfu': 0.0812, 'expert_load_cv': 0.1633, 'min_expert_frac': 0.0124, 'dead_experts': 0, 'peak_vram_gb': 13.5539}
{'step': 3650, 'tokens': 956825600, 'lm_loss': 3.6207, 'aux_loss': 1.9813, 'z_loss': 0.0026, 'grad_norm': 0.3164, 'lr': 0.0, 'tokens_per_sec': 262060.1454, 'mfu': 0.0812, 'expert_load_cv': 0.1644, 'min_expert_frac': 0.0124, 'dead_experts': 0, 'peak_vram_gb': 13.5539}
{'step': 3660, 'tokens': 959447040, 'lm_loss': 3.6511, 'aux_loss': 1.9784, 'z_loss': 0.0026, 'grad_norm': 0.3145, 'lr': 0.0, 'tokens_per_sec': 262059.5481, 'mfu': 0.0812, 'expert_load_cv': 0.1642, 'min_expert_frac': 0.0124, 'dead_experts': 0, 'peak_vram_gb': 13.5539}
{'step': 3670, 'tokens': 962068480, 'lm_loss': 3.6203, 'aux_loss': 1.9777, 'z_loss': 0.0026, 'grad_norm': 0.3262, 'lr': 0.0, 'tokens_per_sec': 262062.0622, 'mfu': 0.0812, 'expert_load_cv': 0.1628, 'min_expert_frac': 0.0125, 'dead_experts': 0, 'peak_vram_gb': 13.5539}
{'step': 3680, 'tokens': 964689920, 'lm_loss': 3.6066, 'aux_loss': 1.9766, 'z_loss': 0.0026, 'grad_norm': 0.3047, 'lr': 0.0, 'tokens_per_sec': 262062.192, 'mfu': 0.0812, 'expert_load_cv': 0.1633, 'min_expert_frac': 0.0125, 'dead_experts': 0, 'peak_vram_gb': 13.5539}
{'step': 3690, 'tokens': 967311360, 'lm_loss': 3.6587, 'aux_loss': 1.9785, 'z_loss': 0.0026, 'grad_norm': 0.2949, 'lr': 0.0, 'tokens_per_sec': 262062.3183, 'mfu': 0.0812, 'expert_load_cv': 0.1637, 'min_expert_frac': 0.0124, 'dead_experts': 0, 'peak_vram_gb': 13.5539}
{'step': 3700, 'tokens': 969932800, 'lm_loss': 3.6029, 'aux_loss': 1.9815, 'z_loss': 0.0026, 'grad_norm': 0.3047, 'lr': 0.0, 'tokens_per_sec': 262062.0192, 'mfu': 0.0812, 'expert_load_cv': 0.163, 'min_expert_frac': 0.0126, 'dead_experts': 0, 'peak_vram_gb': 13.5539}
{'step': 3710, 'tokens': 972554240, 'lm_loss': 3.6042, 'aux_loss': 1.9757, 'z_loss': 0.0026, 'grad_norm': 0.3496, 'lr': 0.0, 'tokens_per_sec': 262064.0107, 'mfu': 0.0812, 'expert_load_cv': 0.1636, 'min_expert_frac': 0.0123, 'dead_experts': 0, 'peak_vram_gb': 13.5539}
{'step': 3720, 'tokens': 975175680, 'lm_loss': 3.6692, 'aux_loss': 1.981, 'z_loss': 0.0026, 'grad_norm': 0.3066, 'lr': 0.0, 'tokens_per_sec': 262060.7169, 'mfu': 0.0812, 'expert_load_cv': 0.1659, 'min_expert_frac': 0.0121, 'dead_experts': 0, 'peak_vram_gb': 13.5539}
{'step': 3730, 'tokens': 977797120, 'lm_loss': 3.6586, 'aux_loss': 1.9847, 'z_loss': 0.0026, 'grad_norm': 0.3301, 'lr': 0.0, 'tokens_per_sec': 262060.1927, 'mfu': 0.0812, 'expert_load_cv': 0.1631, 'min_expert_frac': 0.0125, 'dead_experts': 0, 'peak_vram_gb': 13.5539}
{'step': 3740, 'tokens': 980418560, 'lm_loss': 3.5853, 'aux_loss': 1.9875, 'z_loss': 0.0026, 'grad_norm': 0.3379, 'lr': 0.0, 'tokens_per_sec': 262062.4598, 'mfu': 0.0812, 'expert_load_cv': 0.1646, 'min_expert_frac': 0.0121, 'dead_experts': 0, 'peak_vram_gb': 13.5539}
{'step': 3750, 'tokens': 983040000, 'lm_loss': 3.6898, 'aux_loss': 1.9871, 'z_loss': 0.0026, 'grad_norm': 0.3164, 'lr': 0.0, 'tokens_per_sec': 262064.2256, 'mfu': 0.0812, 'expert_load_cv': 0.1637, 'min_expert_frac': 0.0123, 'dead_experts': 0, 'peak_vram_gb': 13.5539}
{'step': 3760, 'tokens': 985661440, 'lm_loss': 3.6855, 'aux_loss': 1.9762, 'z_loss': 0.0026, 'grad_norm': 0.2988, 'lr': 0.0, 'tokens_per_sec': 262065.7127, 'mfu': 0.0812, 'expert_load_cv': 0.1635, 'min_expert_frac': 0.0124, 'dead_experts': 0, 'peak_vram_gb': 13.5539}
{'step': 3770, 'tokens': 988282880, 'lm_loss': 3.5677, 'aux_loss': 1.9795, 'z_loss': 0.0026, 'grad_norm': 0.2988, 'lr': 0.0, 'tokens_per_sec': 262067.1911, 'mfu': 0.0812, 'expert_load_cv': 0.1639, 'min_expert_frac': 0.0124, 'dead_experts': 0, 'peak_vram_gb': 13.5539}
{'step': 3780, 'tokens': 990904320, 'lm_loss': 3.6194, 'aux_loss': 1.9797, 'z_loss': 0.0026, 'grad_norm': 0.291, 'lr': 0.0, 'tokens_per_sec': 262065.4522, 'mfu': 0.0812, 'expert_load_cv': 0.1643, 'min_expert_frac': 0.0125, 'dead_experts': 0, 'peak_vram_gb': 13.5539}
{'step': 3790, 'tokens': 993525760, 'lm_loss': 3.6445, 'aux_loss': 1.9834, 'z_loss': 0.0026, 'grad_norm': 0.3008, 'lr': 0.0, 'tokens_per_sec': 262067.6053, 'mfu': 0.0812, 'expert_load_cv': 0.1649, 'min_expert_frac': 0.0125, 'dead_experts': 0, 'peak_vram_gb': 13.5539}
{'step': 3800, 'tokens': 996147200, 'lm_loss': 3.6465, 'aux_loss': 1.9857, 'z_loss': 0.0026, 'grad_norm': 0.3184, 'lr': 0.0, 'tokens_per_sec': 262070.0579, 'mfu': 0.0812, 'expert_load_cv': 0.1644, 'min_expert_frac': 0.0126, 'dead_experts': 0, 'peak_vram_gb': 13.5539}
{'step': 3810, 'tokens': 998768640, 'lm_loss': 3.552, 'aux_loss': 1.9915, 'z_loss': 0.0026, 'grad_norm': 0.3164, 'lr': 0.0, 'tokens_per_sec': 262070.8517, 'mfu': 0.0812, 'expert_load_cv': 0.1614, 'min_expert_frac': 0.0124, 'dead_experts': 0, 'peak_vram_gb': 13.5539}
Writing model shards:   0%|          | 0/1 [00:00<?, ?it/s]Writing model shards: 100%|██████████| 1/1 [00:00<00:00,  2.92it/s]Writing model shards: 100%|██████████| 1/1 [00:00<00:00,  2.91it/s]
  saved runs/seedvar_E64_s2/step3814
done -> runs/seedvar_E64_s2
[1;34mwandb[0m: 
[1;34mwandb[0m: 🚀 View run [33mseedvar_E64_s2[0m at: [34mhttps://wandb.ai/falyahya-vector/moe-sparsity-pilot/runs/053dlia2[0m
[1;34mwandb[0m: Find logs at: [1;35mwandb/run-20260727_135422-053dlia2/logs[0m
Now: python step08_summarize.py --pattern 'seedvar_*' --report-spread
